id1,id2
1329,0
1304,0
1203,0
1193,0
1111,0
1046,0
1043,0
1007,0
989,0
853,0
813,0
671,0
602,0
580,0
555,0
534,0
528,0
507,0
497,0
466,0
418,0
413,0
404,0
394,0
392,0
365,0
342,0
340,0
324,0
282,0
273,0
186,0
55,0
9,0
4,0
1317,1
1250,1
1214,1
1203,1
1136,1
1130,1
1043,1
1026,1
1012,1
900,1
824,1
814,1
794,1
766,1
728,1
688,1
665,1
595,1
593,1
570,1
550,1
512,1
451,1
390,1
367,1
365,1
342,1
317,1
297,1
295,1
293,1
183,1
124,1
80,1
43,1
1333,2
1321,2
1284,2
1267,2
1265,2
1239,2
1189,2
1077,2
1069,2
1067,2
1024,2
992,2
963,2
938,2
909,2
867,2
865,2
846,2
838,2
824,2
788,2
721,2
717,2
688,2
675,2
658,2
644,2
604,2
555,2
476,2
446,2
301,2
202,2
114,2
13,2
1317,3
1268,3
1111,3
1108,3
1050,3
1042,3
1007,3
929,3
879,3
807,3
803,3
775,3
746,3
724,3
679,3
674,3
616,3
606,3
590,3
477,3
442,3
383,3
382,3
365,3
337,3
326,3
315,3
303,3
299,3
297,3
195,3
66,3
58,3
47,3
18,3
1267,4
1223,4
1153,4
1124,4
1121,4
1116,4
1047,4
1033,4
1002,4
977,4
963,4
918,4
909,4
894,4
871,4
867,4
866,4
855,4
839,4
832,4
826,4
812,4
800,4
715,4
663,4
654,4
513,4
510,4
333,4
250,4
219,4
157,4
140,4
76,4
6,4
1326,5
1257,5
1252,5
1212,5
1124,5
965,5
963,5
952,5
926,5
880,5
868,5
848,5
833,5
826,5
800,5
794,5
789,5
776,5
762,5
715,5
690,5
675,5
546,5
535,5
476,5
456,5
445,5
417,5
391,5
267,5
266,5
227,5
222,5
123,5
107,5
1295,6
1286,6
1269,6
1212,6
1181,6
1167,6
1139,6
1132,6
1057,6
1033,6
979,6
977,6
963,6
952,6
918,6
910,6
867,6
839,6
812,6
789,6
775,6
769,6
715,6
687,6
681,6
666,6
663,6
638,6
535,6
529,6
380,6
324,6
287,6
284,6
149,6
1334,7
1260,7
1246,7
1239,7
1156,7
1101,7
1098,7
1094,7
1087,7
1022,7
927,7
900,7
887,7
873,7
859,7
781,7
687,7
675,7
663,7
588,7
583,7
580,7
447,7
446,7
423,7
331,7
237,7
227,7
215,7
198,7
173,7
114,7
93,7
74,7
53,7
1339,8
1334,8
1267,8
1247,8
1235,8
1189,8
1114,8
1111,8
1074,8
984,8
948,8
915,8
887,8
865,8
752,8
739,8
602,8
583,8
580,8
571,8
555,8
542,8
534,8
528,8
524,8
500,8
497,8
481,8
394,8
320,8
273,8
177,8
119,8
114,8
81,8
1315,9
1291,9
1263,9
1259,9
1246,9
1239,9
1229,9
1173,9
1128,9
1077,9
992,9
965,9
952,9
918,9
910,9
873,9
848,9
838,9
833,9
826,9
817,9
789,9
755,9
687,9
658,9
535,9
454,9
447,9
352,9
301,9
267,9
222,9
168,9
107,9
27,9
1334,10
1262,10
1189,10
1173,10
1164,10
1163,10
1150,10
1126,10
1122,10
1116,10
1085,10
1072,10
920,10
836,10
834,10
833,10
736,10
732,10
722,10
646,10
610,10
580,10
562,10
528,10
430,10
411,10
376,10
236,10
202,10
143,10
34,10
23,10
12,10
7,10
3,10
1343,11
1318,11
1295,11
1234,11
1195,11
1128,11
1123,11
1100,11
1071,11
1056,11
924,11
913,11
906,11
881,11
797,11
777,11
760,11
750,11
740,11
735,11
710,11
701,11
679,11
652,11
575,11
455,11
427,11
418,11
383,11
379,11
303,11
293,11
280,11
150,11
84,11
1317,12
1305,12
1214,12
1193,12
1174,12
1110,12
1108,12
1058,12
1038,12
1016,12
986,12
955,12
901,12
888,12
879,12
775,12
758,12
728,12
687,12
664,12
620,12
598,12
570,12
515,12
477,12
423,12
403,12
399,12
392,12
338,12
311,12
303,12
294,12
108,12
66,12
1349,13
1302,13
979,13
935,13
904,13
747,13
687,13
638,13
589,13
564,13
539,13
527,13
468,13
429,13
311,13
260,13
237,13
217,13
215,13
208,13
204,13
201,13
193,13
173,13
154,13
149,13
145,13
138,13
106,13
74,13
67,13
59,13
17,13
12,13
11,13
1349,14
1281,14
1250,14
1161,14
1154,14
1152,14
1150,14
1097,14
1061,14
975,14
867,14
843,14
792,14
589,14
568,14
484,14
472,14
457,14
260,14
223,14
215,14
211,14
208,14
207,14
204,14
173,14
170,14
160,14
157,14
156,14
154,14
149,14
145,14
76,14
12,14
1310,15
1243,15
1231,15
1150,15
966,15
910,15
867,15
830,15
826,15
720,15
715,15
687,15
655,15
571,15
563,15
562,15
545,15
501,15
468,15
421,15
413,15
311,15
280,15
272,15
260,15
255,15
249,15
231,15
221,15
212,15
198,15
156,15
110,15
106,15
74,15
1284,16
1255,16
1132,16
1012,16
896,16
746,16
670,16
655,16
647,16
638,16
609,16
599,16
598,16
564,16
544,16
539,16
527,16
511,16
506,16
493,16
441,16
429,16
421,16
378,16
377,16
269,16
248,16
218,16
211,16
171,16
145,16
135,16
93,16
90,16
12,16
1224,17
1131,17
1054,17
928,17
867,17
861,17
841,17
837,17
809,17
655,17
638,17
605,17
580,17
563,17
518,17
493,17
491,17
472,17
311,17
255,17
246,17
237,17
231,17
215,17
212,17
209,17
173,17
159,17
154,17
149,17
135,17
133,17
93,17
74,17
12,17
1114,18
1107,18
1054,18
1040,18
1033,18
1022,18
1014,18
963,18
932,18
861,18
839,18
792,18
675,18
663,18
655,18
644,18
617,18
563,18
545,18
499,18
493,18
438,18
434,18
386,18
260,18
251,18
248,18
218,18
204,18
199,18
165,18
154,18
137,18
135,18
110,18
1284,19
1150,19
1131,19
1130,19
1128,19
1114,19
1061,19
1059,19
1057,19
1010,19
900,19
858,19
841,19
836,19
742,19
643,19
580,19
502,19
493,19
411,19
402,19
278,19
208,19
175,19
160,19
159,19
151,19
150,19
149,19
118,19
27,19
23,19
15,19
12,19
3,19
1333,20
1310,20
1243,20
1233,20
1183,20
1150,20
1128,20
1097,20
1085,20
966,20
964,20
961,20
821,20
680,20
643,20
491,20
475,20
457,20
422,20
372,20
346,20
260,20
255,20
254,20
221,20
214,20
212,20
211,20
200,20
198,20
191,20
122,20
92,20
24,20
11,20
1349,21
1271,21
1092,21
1029,21
996,21
973,21
864,21
862,21
860,21
822,21
763,21
698,21
592,21
589,21
580,21
502,21
455,21
420,21
361,21
246,21
235,21
215,21
211,21
208,21
204,21
198,21
189,21
186,21
173,21
157,21
107,21
23,21
12,21
11,21
7,21
1,21
1163,22
1085,22
935,22
867,22
861,22
841,22
792,22
742,22
719,22
563,22
554,22
545,22
518,22
468,22
457,22
248,22
246,22
237,22
231,22
215,22
204,22
201,22
187,22
173,22
170,22
159,22
154,22
149,22
143,22
138,22
133,22
118,22
106,22
17,22
12,22
1340,23
1325,23
1284,23
1274,23
1255,23
1253,23
1242,23
1177,23
1133,23
1024,23
1012,23
1010,23
868,23
858,23
848,23
844,23
767,23
717,23
647,23
635,23
611,23
566,23
556,23
553,23
513,23
505,23
447,23
411,23
360,23
270,23
250,23
209,23
168,23
90,23
76,23
1163,24
1144,24
1123,24
1097,24
928,24
907,24
750,24
744,24
643,24
578,24
554,24
545,24
496,24
491,24
483,24
468,24
422,24
263,24
261,24
242,24
223,24
221,24
215,24
210,24
209,24
193,24
173,24
170,24
159,24
138,24
133,24
126,24
74,24
17,24
12,24
1284,25
1280,25
1254,25
1124,25
1114,25
1076,25
1059,25
1010,25
894,25
886,25
868,25
858,25
855,25
843,25
592,25
502,25
501,25
481,25
380,25
333,25
289,25
272,25
267,25
250,25
233,25
208,25
182,25
175,25
168,25
157,25
150,25
107,25
41,25
15,25
6,25
1302,26
1301,26
1292,26
1183,26
1123,26
1085,26
990,26
932,26
925,26
910,26
821,26
643,26
625,26
610,26
563,26
541,26
531,26
509,26
475,26
422,26
378,26
372,26
325,26
312,26
304,26
289,26
260,26
254,26
220,26
214,26
208,26
200,26
191,26
122,26
74,26
4,26
1333,27
1296,27
1243,27
1233,27
1163,27
1162,27
952,27
928,27
867,27
841,27
836,27
809,27
769,27
643,27
624,27
491,27
428,27
411,27
258,27
255,27
237,27
212,27
204,27
200,27
189,27
166,27
159,27
149,27
147,27
142,27
134,27
133,27
79,27
67,27
11,27
1266,28
1250,28
1187,28
1150,28
1126,28
1085,28
1061,28
1059,28
1040,28
928,28
836,28
792,28
742,28
721,28
663,28
637,28
610,28
580,28
502,28
499,28
491,28
271,28
251,28
218,28
208,28
204,28
165,28
160,28
157,28
146,28
135,28
102,28
34,28
23,28
12,28
1349,29
1333,29
1035,29
867,29
817,29
746,29
716,29
598,29
589,29
539,29
498,29
489,29
440,29
435,29
352,29
348,29
271,29
248,29
237,29
225,29
218,29
211,29
208,29
204,29
186,29
154,29
145,29
130,29
87,29
45,29
44,29
31,29
18,29
12,29
11,29
1163,30
1128,30
928,30
814,30
655,30
638,30
563,30
518,30
506,30
496,30
491,30
483,30
475,30
449,30
386,30
378,30
372,30
346,30
248,30
246,30
231,30
201,30
197,30
193,30
165,30
145,30
143,30
138,30
106,30
96,30
74,30
59,30
44,30
17,30
11,30
1263,31
1249,31
1212,31
1157,31
1136,31
1128,31
1118,31
1097,31
965,31
926,31
848,31
826,31
794,31
789,31
776,31
762,31
715,31
687,31
632,31
607,31
546,31
539,31
535,31
476,31
439,31
267,31
233,31
222,31
211,31
208,31
198,31
168,31
157,31
107,31
53,31
1234,32
1214,32
1128,32
1011,32
880,32
860,32
816,32
766,32
759,32
746,32
706,32
637,32
598,32
568,32
498,32
489,32
471,32
455,32
443,32
420,32
407,32
375,32
248,32
218,32
211,32
208,32
204,32
186,32
157,32
145,32
130,32
84,32
83,32
42,32
12,32
1294,33
1206,33
1194,33
1150,33
1147,33
1122,33
880,33
822,33
774,33
763,33
716,33
681,33
666,33
637,33
607,33
598,33
592,33
576,33
503,33
498,33
471,33
406,33
377,33
369,33
357,33
269,33
233,33
225,33
211,33
208,33
186,33
157,33
61,33
29,33
22,33
1338,34
1294,34
1231,34
1153,34
1150,34
1124,34
1104,34
1084,34
1041,34
947,34
941,34
926,34
906,34
867,34
843,34
837,34
818,34
776,34
697,34
584,34
576,34
521,34
491,34
476,34
233,34
231,34
215,34
208,34
204,34
173,34
159,34
157,34
79,34
49,34
12,34
1349,35
1302,35
904,35
867,35
792,35
687,35
638,35
589,35
564,35
539,35
527,35
468,35
429,35
260,35
255,35
237,35
231,35
217,35
215,35
208,35
204,35
201,35
198,35
173,35
170,35
154,35
149,35
145,35
138,35
106,35
74,35
59,35
17,35
12,35
11,35
1283,36
1250,36
1187,36
1131,36
928,36
880,36
816,36
746,36
670,36
655,36
598,36
544,36
527,36
518,36
499,36
498,36
493,36
489,36
441,36
429,36
421,36
348,36
271,36
251,36
248,36
228,36
225,36
218,36
171,36
165,36
146,36
135,36
121,36
113,36
87,36
1281,37
1278,37
1255,37
1249,37
1223,37
1214,37
1186,37
1124,37
1050,37
1048,37
1019,37
1015,37
979,37
868,37
862,37
825,37
801,37
797,37
794,37
744,37
687,37
646,37
513,37
494,37
478,37
472,37
417,37
215,37
208,37
198,37
173,37
168,37
157,37
34,37
24,37
1333,38
1310,38
1233,38
1163,38
1079,38
928,38
839,38
744,38
721,38
714,38
702,38
588,38
527,38
483,38
447,38
429,38
422,38
255,38
247,38
223,38
221,38
212,38
210,38
198,38
165,38
156,38
143,38
138,38
137,38
133,38
128,38
110,38
106,38
74,38
17,38
1334,39
1302,39
1259,39
1104,39
1087,39
965,39
935,39
928,39
841,39
825,39
809,39
802,39
792,39
769,39
754,39
730,39
535,39
506,39
457,39
391,39
372,39
260,39
258,39
255,39
244,39
212,39
204,39
201,39
170,39
159,39
156,39
154,39
149,39
147,39
11,39
1343,40
1274,40
1254,40
1129,40
1110,40
1097,40
1092,40
1059,40
986,40
867,40
861,40
844,40
835,40
809,40
691,40
578,40
493,40
487,40
447,40
422,40
379,40
370,40
231,40
221,40
210,40
204,40
161,40
138,40
135,40
133,40
102,40
61,40
33,40
17,40
12,40
1268,41
1223,41
1150,41
1144,41
1052,41
963,41
926,41
871,41
847,41
792,41
766,41
755,41
742,41
663,41
628,41
605,41
568,41
523,41
515,41
370,41
317,41
208,41
207,41
204,41
190,41
165,41
157,41
154,41
146,41
137,41
118,41
71,41
33,41
12,41
3,41
1054,42
1050,42
867,42
862,42
861,42
841,42
670,42
655,42
638,42
501,42
476,42
391,42
311,42
272,42
247,42
246,42
237,42
231,42
224,42
215,42
213,42
201,42
199,42
198,42
189,42
173,42
165,42
159,42
149,42
145,42
137,42
110,42
106,42
12,42
7,42
1294,43
1293,43
1149,43
1067,43
1060,43
1045,43
1038,43
1035,43
1027,43
1024,43
917,43
909,43
906,43
899,43
887,43
802,43
791,43
787,43
781,43
780,43
778,43
777,43
775,43
771,43
712,43
700,43
629,43
575,43
453,43
423,43
318,43
211,43
208,43
204,43
157,43
1255,44
1183,44
1022,44
977,44
876,44
867,44
862,44
841,44
721,44
655,44
643,44
588,44
580,44
539,44
527,44
475,44
429,44
386,44
260,44
237,44
231,44
215,44
205,44
204,44
201,44
198,44
173,44
159,44
154,44
149,44
138,44
110,44
106,44
49,44
45,44
17,44
1284,45
1243,45
1214,45
1159,45
1067,45
1029,45
992,45
909,45
904,45
867,45
848,45
839,45
824,45
794,45
792,45
776,45
688,45
675,45
564,45
507,45
490,45
411,45
380,45
279,45
250,45
215,45
208,45
204,45
173,45
170,45
157,45
143,45
107,45
53,45
22,45
1163,46
1085,46
935,46
867,46
861,46
841,46
836,46
563,46
554,46
545,46
518,46
472,46
457,46
257,46
251,46
248,46
246,46
238,46
237,46
231,46
215,46
204,46
201,46
193,46
173,46
170,46
159,46
154,46
149,46
133,46
118,46
106,46
74,46
34,46
12,46
1283,47
1255,47
1206,47
887,47
880,47
816,47
774,47
766,47
607,47
598,47
518,47
498,47
489,47
467,47
435,47
421,47
271,47
269,47
251,47
248,47
228,47
218,47
211,47
186,47
171,47
165,47
157,47
155,47
146,47
145,47
130,47
121,47
113,47
107,47
87,47
1286,48
1207,48
1162,48
1154,48
1150,48
1029,48
975,48
928,48
867,48
594,48
578,48
568,48
554,48
545,48
539,48
532,48
515,48
469,48
424,48
251,48
210,48
206,48
201,48
193,48
179,48
157,48
146,48
144,48
135,48
53,48
36,48
28,48
24,48
7,48
3,48
1284,49
1128,49
1059,49
1057,49
1010,49
926,49
900,49
861,49
858,49
841,49
721,49
611,49
592,49
502,49
494,49
484,49
402,49
333,49
250,49
208,49
207,49
204,49
189,49
184,49
166,49
165,49
160,49
159,49
157,49
151,49
118,49
102,49
23,49
15,49
12,49
1338,50
1310,50
1239,50
1173,50
1061,50
1045,50
979,50
935,50
932,50
900,50
825,50
792,50
687,50
575,50
563,50
554,50
457,50
411,50
367,50
268,50
211,50
208,50
207,50
204,50
193,50
170,50
160,50
157,50
156,50
154,50
134,50
110,50
107,50
54,50
22,50
1333,51
1296,51
1246,51
1224,51
1198,51
1162,51
1014,51
966,51
964,51
961,51
928,51
836,51
830,51
742,51
663,51
643,51
580,51
563,51
545,51
513,51
489,51
475,51
357,51
251,51
246,51
237,51
187,51
166,51
143,51
138,51
96,51
92,51
76,51
17,51
12,51
1183,52
1131,52
1013,52
928,52
880,52
774,52
643,52
641,52
554,52
531,52
527,52
518,52
506,52
502,52
483,52
468,52
440,52
437,52
429,52
426,52
375,52
354,52
312,52
263,52
246,52
223,52
209,52
193,52
186,52
138,52
79,52
74,52
54,52
17,52
12,52
1283,53
1206,53
1136,53
928,53
880,53
816,53
774,53
716,53
655,53
599,53
563,53
541,53
527,53
518,53
498,53
489,53
440,53
435,53
429,53
421,53
271,53
269,53
251,53
248,53
246,53
218,53
211,53
208,53
204,53
193,53
171,53
145,53
135,53
87,53
12,53
966,54
957,54
942,54
867,54
861,54
825,54
637,54
518,54
464,54
325,54
260,54
257,54
255,54
247,54
238,54
231,54
212,54
211,54
204,54
201,54
197,54
165,54
157,54
154,54
149,54
147,54
138,54
137,54
133,54
118,54
110,54
106,54
51,54
17,54
12,54
1296,55
1163,55
1136,55
928,55
923,55
763,55
746,55
734,55
656,55
655,55
557,55
527,55
513,55
506,55
487,55
468,55
429,55
384,55
378,55
242,55
237,55
215,55
209,55
201,55
193,55
187,55
173,55
170,55
165,55
138,55
133,55
78,55
67,55
17,55
11,55
1349,56
1255,56
1250,56
1224,56
1114,56
1061,56
1040,56
861,56
851,56
792,56
767,56
720,56
647,56
589,56
580,56
568,56
563,56
440,56
421,56
271,56
251,56
249,56
248,56
247,56
235,56
231,56
218,56
204,56
171,56
160,56
153,56
149,56
137,56
135,56
102,56
100,56
935,57
928,57
923,57
692,57
670,57
655,57
643,57
563,57
554,57
545,57
531,57
527,57
518,57
506,57
499,57
496,57
483,57
468,57
464,57
429,57
321,57
248,57
246,57
223,57
219,57
218,57
201,57
193,57
144,57
142,57
133,57
132,57
106,57
90,57
54,57
1349,58
1271,58
1136,58
1121,58
1116,58
1079,58
928,58
880,58
766,58
655,58
599,58
589,58
580,58
563,58
518,58
506,58
499,58
489,58
483,58
441,58
440,58
435,58
391,58
261,58
258,58
251,58
246,58
224,58
213,58
211,58
200,58
194,58
193,58
145,58
12,58
1338,59
1333,59
1292,59
1257,59
1239,59
1215,59
1183,59
1159,59
992,59
986,59
966,59
964,59
961,59
867,59
851,59
842,59
830,59
788,59
719,59
675,59
617,59
539,59
531,59
480,59
293,59
260,59
231,59
211,59
204,59
202,59
154,59
142,59
92,59
24,59
1,59
1349,60
1250,60
1154,60
1152,60
1061,60
886,60
822,60
792,60
742,60
697,60
655,60
592,60
589,60
580,60
563,60
472,60
409,60
240,60
237,60
208,60
204,60
203,60
189,60
160,60
156,60
149,60
135,60
133,60
74,60
42,60
34,60
23,60
17,60
14,60
12,60
1349,61
1302,61
904,61
867,61
687,61
638,61
589,61
564,61
539,61
527,61
468,61
429,61
260,61
237,61
231,61
217,61
215,61
208,61
204,61
201,61
198,61
173,61
170,61
160,61
157,61
154,61
149,61
145,61
138,61
106,61
74,61
59,61
17,61
12,61
11,61
1284,62
1259,62
1255,62
1242,62
1186,62
1161,62
1133,62
1132,62
1128,62
1061,62
1057,62
1051,62
1010,62
996,62
900,62
868,62
858,62
825,62
794,62
647,62
627,62
513,62
501,62
462,62
272,62
267,62
250,62
235,62
209,62
160,62
157,62
143,62
76,62
30,62
15,62
1349,63
1343,63
1292,63
1224,63
1163,63
1110,63
986,63
643,63
589,63
580,63
563,63
545,63
539,63
520,63
475,63
468,63
251,63
246,63
237,63
218,63
215,63
201,63
197,63
184,63
173,63
165,63
154,63
149,63
138,63
133,63
106,63
96,63
67,63
17,63
12,63
1334,64
1246,64
1242,64
1216,64
1150,64
1122,64
1079,64
1072,64
900,64
867,64
855,64
843,64
792,64
767,64
732,64
717,64
647,64
611,64
599,64
592,64
588,64
580,64
505,64
503,64
249,64
235,64
208,64
198,64
189,64
135,64
118,64
90,64
76,64
15,64
7,64
1163,65
963,65
928,65
876,65
867,65
862,65
841,65
655,65
638,65
545,65
527,65
487,65
472,65
468,65
429,65
378,65
255,65
247,65
237,65
231,65
224,65
221,65
215,65
213,65
199,65
173,65
165,65
160,65
159,65
137,65
133,65
110,65
106,65
12,65
11,65
1296,66
1085,66
886,66
821,66
820,66
709,66
642,66
641,66
527,66
502,66
437,66
429,66
422,66
378,66
372,66
354,66
346,66
325,66
293,66
263,66
254,66
246,66
235,66
221,66
220,66
214,66
208,66
200,66
191,66
122,66
106,66
79,66
42,66
11,66
4,66
1084,67
1033,67
1002,67
988,67
968,67
841,67
816,67
686,67
475,67
474,67
434,67
424,67
419,67
261,67
248,67
247,67
242,67
231,67
228,67
221,67
218,67
209,67
206,67
205,67
197,67
194,67
172,67
165,67
159,67
138,67
137,67
128,67
96,67
11,67
4,67
1284,68
1254,68
1212,68
1124,68
1114,68
1076,68
1059,68
1010,68
894,68
886,68
868,68
858,68
666,68
521,68
502,68
501,68
481,68
450,68
380,68
333,68
289,68
272,68
267,68
250,68
242,68
227,68
209,68
182,68
168,68
150,68
107,68
41,68
32,68
15,68
6,68
1302,69
1301,69
1197,69
1183,69
1117,69
1013,69
906,69
904,69
747,69
742,69
642,69
641,69
623,69
502,69
449,69
426,69
424,69
420,69
386,69
375,69
372,69
354,69
346,69
312,69
246,69
223,69
215,69
208,69
204,69
174,69
173,69
157,69
79,69
42,69
11,69
1349,70
1340,70
1338,70
1325,70
1284,70
1274,70
1177,70
1033,70
977,70
963,70
861,70
853,70
839,70
812,70
800,70
663,70
654,70
601,70
589,70
559,70
529,70
513,70
503,70
475,70
463,70
447,70
410,70
360,70
301,70
250,70
197,70
165,70
157,70
88,70
6,70
1349,71
1340,71
1338,71
1325,71
1284,71
1274,71
1266,71
1177,71
1033,71
921,71
839,71
824,71
812,71
800,71
688,71
654,71
601,71
589,71
559,71
513,71
491,71
463,71
447,71
410,71
360,71
279,71
250,71
208,71
205,71
204,71
197,71
165,71
157,71
107,71
88,71
1250,72
1150,72
1131,72
1107,72
1059,72
1054,72
1040,72
1014,72
990,72
932,72
928,72
861,72
792,72
721,72
658,72
580,72
568,72
563,72
499,72
493,72
456,72
440,72
434,72
345,72
271,72
251,72
248,72
210,72
209,72
165,72
146,72
137,72
135,72
102,72
28,72
1301,73
1292,73
1283,73
1232,73
1187,73
928,73
880,73
860,73
742,73
563,73
545,73
544,73
531,73
518,73
499,73
498,73
493,73
441,73
440,73
424,73
420,73
378,73
375,73
271,73
251,73
248,73
246,73
223,73
218,73
146,73
135,73
79,73
24,73
12,73
1,73
1352,74
1322,74
1263,74
1262,74
1219,74
1212,74
1138,74
1132,74
1065,74
1031,74
943,74
926,74
826,74
820,74
789,74
753,74
684,74
560,74
546,74
535,74
526,74
501,74
481,74
413,74
363,74
362,74
355,74
327,74
272,74
266,74
242,74
209,74
157,74
107,74
33,74
1284,75
1253,75
1239,75
1153,75
1124,75
1122,75
1121,75
1116,75
1048,75
981,75
889,75
875,75
855,75
832,75
818,75
797,75
729,75
658,75
635,75
559,75
551,75
513,75
507,75
489,75
462,75
447,75
411,75
380,75
301,75
237,75
157,75
143,75
107,75
88,75
76,75
1214,76
1164,76
1123,76
1078,76
906,76
892,76
855,76
772,76
742,76
735,76
724,76
706,76
699,76
693,76
672,76
636,76
617,76
590,76
485,76
451,76
411,76
408,76
327,76
297,76
208,76
204,76
196,76
195,76
189,76
177,76
161,76
157,76
126,76
124,76
89,76
1283,77
1206,77
1163,77
928,77
880,77
766,77
670,77
655,77
527,77
518,77
517,77
506,77
504,77
498,77
493,77
489,77
441,77
440,77
429,77
421,77
271,77
258,77
251,77
248,77
228,77
218,77
211,77
171,77
135,77
130,77
113,77
106,77
87,77
34,77
12,77
1233,78
1231,78
1214,78
1128,78
1108,78
1101,78
1029,78
1020,78
913,78
879,78
873,78
861,78
844,78
824,78
808,78
792,78
775,78
694,78
688,78
646,78
628,78
588,78
565,78
546,78
527,78
519,78
494,78
442,78
429,78
413,78
267,78
208,78
157,78
34,78
12,78
1150,79
1107,79
1065,79
1054,79
1014,79
945,79
918,79
881,79
813,79
792,79
777,79
766,79
764,79
580,79
563,79
527,79
523,79
501,79
438,79
429,79
394,79
373,79
370,79
272,79
242,79
231,79
215,79
209,79
199,79
191,79
189,79
173,79
165,79
137,79
135,79
1310,80
1239,80
1163,80
928,80
867,80
825,80
769,80
715,80
588,80
564,80
563,80
554,80
545,80
539,80
506,80
447,80
378,80
377,80
237,80
215,80
204,80
201,80
193,80
173,80
154,80
149,80
147,80
143,80
135,80
133,80
74,80
53,80
24,80
12,80
11,80
1107,81
1097,81
1061,81
1054,81
867,81
861,81
841,81
764,81
655,81
527,81
518,81
501,81
483,81
472,81
429,81
272,81
253,81
247,81
246,81
237,81
231,81
224,81
221,81
215,81
213,81
210,81
199,81
189,81
173,81
165,81
160,81
159,81
137,81
119,81
12,81
1302,82
1301,82
1292,82
1286,82
1232,82
1183,82
1142,82
1114,82
928,82
807,82
753,82
747,82
742,82
719,82
643,82
641,82
623,82
580,82
502,82
499,82
493,82
449,82
437,82
426,82
416,82
375,82
351,82
312,82
263,82
229,82
223,82
218,82
191,82
102,82
79,82
1333,83
1302,83
1301,83
1292,83
1286,83
1183,83
925,83
869,83
680,83
643,83
642,83
610,83
531,83
475,83
464,83
426,83
378,83
375,83
372,83
346,83
312,83
246,83
229,83
214,83
211,83
197,83
166,83
147,83
138,83
137,83
130,83
96,83
79,83
60,83
17,83
1349,84
1255,84
1250,84
1224,84
1114,84
1061,84
1040,84
935,84
861,84
851,84
792,84
720,84
589,84
580,84
571,84
568,84
563,84
440,84
421,84
271,84
251,84
249,84
248,84
235,84
231,84
218,84
204,84
171,84
160,84
149,84
146,84
135,84
134,84
102,84
100,84
1349,85
1280,85
1255,85
1250,85
1114,85
1061,85
1040,85
988,85
851,85
792,85
720,85
589,85
580,85
568,85
563,85
545,85
440,85
421,85
271,85
251,85
249,85
248,85
231,85
218,85
204,85
171,85
156,85
154,85
149,85
135,85
134,85
128,85
106,85
102,85
11,85
1301,86
1286,86
1232,86
1163,86
1162,86
928,86
904,86
835,86
834,86
753,86
742,86
643,86
554,86
545,86
531,86
496,86
483,86
468,86
457,86
449,86
426,86
424,86
312,86
223,86
215,86
209,86
201,86
198,86
187,86
173,86
133,86
106,86
34,86
24,86
12,86
1250,87
1223,87
1218,87
1214,87
1171,87
1160,87
1118,87
1114,87
1059,87
871,87
854,87
843,87
681,87
577,87
575,87
501,87
454,87
418,87
356,87
272,87
271,87
269,87
227,87
208,87
198,87
166,87
157,87
150,87
134,87
93,87
76,87
53,87
41,87
28,87
22,87
1349,88
1281,88
1274,88
1263,88
1239,88
1150,88
1110,88
1061,88
1045,88
986,88
886,88
843,88
822,88
801,88
792,88
687,88
605,88
589,88
568,88
472,88
455,88
324,88
293,88
250,88
231,88
211,88
208,88
207,88
204,88
198,88
170,88
160,88
157,88
156,88
7,88
1237,89
1235,89
1189,89
984,89
948,89
867,89
865,89
792,89
744,89
738,89
721,89
681,89
604,89
592,89
580,89
574,89
542,89
524,89
517,89
362,89
273,89
271,89
261,89
251,89
215,89
208,89
204,89
198,89
194,89
173,89
157,89
156,89
135,89
114,89
61,89
1299,90
1237,90
1235,90
1204,90
1189,90
1110,90
1097,90
1087,90
1061,90
986,90
956,90
927,90
920,90
847,90
721,90
604,90
603,90
602,90
574,90
555,90
542,90
541,90
513,90
430,90
385,90
271,90
253,90
220,90
208,90
197,90
160,90
137,90
102,90
81,90
61,90
1315,91
1284,91
1116,91
1109,91
1065,91
1048,91
1028,91
1014,91
932,91
906,91
902,91
894,91
839,91
838,91
824,91
802,91
796,91
794,91
688,91
662,91
658,91
644,91
601,91
559,91
513,91
498,91
470,91
410,91
374,91
301,91
279,91
157,91
107,91
88,91
54,91
1301,92
1292,92
1207,92
979,92
975,92
966,92
964,92
961,92
860,92
830,92
788,92
554,92
545,92
539,92
532,92
506,92
424,92
420,92
257,92
238,92
230,92
219,92
215,92
201,92
179,92
173,92
172,92
148,92
142,92
138,92
135,92
92,92
24,92
17,92
1,92
1333,93
1302,93
1301,93
1292,93
1286,93
1183,93
925,93
869,93
680,93
643,93
642,93
610,93
531,93
475,93
464,93
426,93
378,93
375,93
372,93
346,93
312,93
246,93
229,93
214,93
211,93
197,93
166,93
147,93
138,93
137,93
130,93
96,93
79,93
60,93
17,93
1262,94
1223,94
1206,94
1173,94
1128,94
1124,94
1118,94
1071,94
1054,94
965,94
952,94
906,94
881,94
871,94
855,94
854,94
849,94
833,94
820,94
750,94
724,94
715,94
637,94
227,94
222,94
208,94
204,94
198,94
180,94
165,94
157,94
150,94
100,94
27,94
23,94
1310,95
1128,95
1097,95
1048,95
910,95
867,95
842,95
841,95
592,95
527,95
496,95
483,95
429,95
422,95
325,95
261,95
254,95
240,95
221,95
214,95
210,95
208,95
200,95
194,95
191,95
190,95
189,95
166,95
159,95
156,95
138,95
135,95
122,95
61,95
17,95
1352,96
1232,96
1214,96
1198,96
1134,96
1068,96
1059,96
1054,96
862,96
602,96
555,96
530,96
493,96
481,96
478,96
475,96
366,96
287,96
247,96
237,96
231,96
224,96
215,96
213,96
199,96
197,96
173,96
165,96
156,96
147,96
138,96
137,96
110,96
106,96
102,96
1302,97
1301,97
1292,97
1286,97
1183,97
999,97
966,97
925,97
830,97
753,97
742,97
680,97
643,97
642,97
623,97
610,97
531,97
475,97
457,97
426,97
411,97
378,97
372,97
351,97
346,97
312,97
231,97
223,97
197,97
138,97
128,97
96,97
79,97
17,97
12,97
1330,98
1310,98
1269,98
1266,98
1238,98
1130,98
1128,98
1085,98
956,98
714,98
709,98
655,98
554,98
545,98
518,98
515,98
491,98
475,98
435,98
378,98
325,98
255,98
231,98
212,98
208,98
201,98
193,98
159,98
123,98
122,98
110,98
74,98
24,98
12,98
11,98
1340,99
1325,99
1313,99
1250,99
1236,99
1177,99
1121,99
1101,99
1057,99
1050,99
1048,99
1029,99
981,99
939,99
861,99
853,99
696,99
654,99
608,99
601,99
596,99
591,99
529,99
513,99
463,99
456,99
447,99
360,99
310,99
301,99
279,99
268,99
157,99
139,99
88,99
1255,100
1242,100
1114,100
1065,100
1054,100
880,100
861,100
774,100
767,100
766,100
746,100
647,100
599,100
588,100
580,100
568,100
565,100
541,100
518,100
515,100
505,100
498,100
489,100
271,100
269,100
251,100
218,100
211,100
209,100
146,100
135,100
93,100
90,100
12,100
7,100
1310,101
1302,101
1292,101
1286,101
1166,101
1162,101
1151,101
999,101
935,101
680,101
643,101
642,101
623,101
563,101
554,101
475,101
457,101
351,101
346,101
312,101
263,101
246,101
231,101
223,101
201,101
197,101
187,101
165,101
149,101
138,101
137,101
96,101
79,101
74,101
17,101
1310,102
1239,102
1163,102
928,102
867,102
825,102
769,102
715,102
588,102
564,102
563,102
554,102
545,102
539,102
506,102
447,102
378,102
377,102
237,102
215,102
204,102
201,102
193,102
173,102
154,102
149,102
147,102
143,102
135,102
133,102
74,102
53,102
24,102
12,102
11,102
1232,103
1129,103
1065,103
1061,103
1052,103
861,103
841,103
822,103
744,103
742,103
721,103
602,103
598,103
580,103
563,103
555,103
493,103
421,103
418,103
340,103
301,103
253,103
251,103
231,103
184,103
171,103
165,103
160,103
159,103
137,103
133,103
102,103
71,103
34,103
23,103
1283,104
1271,104
1206,104
1054,104
880,104
816,104
766,104
746,104
672,104
653,104
568,104
540,104
518,104
498,104
489,104
473,104
471,104
441,104
435,104
248,104
228,104
218,104
211,104
208,104
186,104
165,104
157,104
146,104
145,104
130,104
121,104
113,104
87,104
44,104
12,104
1343,105
1333,105
1172,105
1085,105
876,105
841,105
836,105
680,105
655,105
643,105
580,105
527,105
496,105
429,105
422,105
378,105
325,105
301,105
289,105
254,105
221,105
215,105
214,105
208,105
200,105
191,105
173,105
159,105
143,105
138,105
135,105
122,105
110,105
17,105
12,105
1310,106
1275,106
1161,106
1150,106
1087,106
1048,106
1025,106
1014,106
867,106
849,106
802,106
755,106
744,106
680,106
675,106
674,106
655,106
496,106
447,106
422,106
309,106
271,106
260,106
258,106
221,106
210,106
156,106
150,106
147,106
145,106
138,106
128,106
122,106
61,106
17,106
1338,107
1315,107
1281,107
1278,107
1275,107
1266,107
1263,107
1260,107
1255,107
1249,107
1248,107
1186,107
1181,107
1176,107
1106,107
1096,107
1069,107
1059,107
1057,107
1015,107
859,107
853,107
843,107
825,107
801,107
698,107
646,107
637,107
456,107
443,107
208,107
157,107
52,107
49,107
32,107
1283,108
1250,108
1232,108
1187,108
1136,108
928,108
742,108
670,108
655,108
643,108
563,108
554,108
545,108
544,108
527,108
518,108
506,108
499,108
494,108
493,108
483,108
441,108
429,108
321,108
251,108
248,108
223,108
218,108
201,108
193,108
168,108
146,108
135,108
132,108
12,108
1315,109
1163,109
1146,109
1144,109
1030,109
1014,109
957,109
900,109
891,109
861,109
789,109
663,109
662,109
637,109
580,109
529,109
527,109
471,109
429,109
409,109
374,109
370,109
336,109
255,109
251,109
247,109
231,109
212,109
197,109
165,109
137,109
135,109
133,109
106,109
79,109
1233,110
1144,110
1136,110
1128,110
1097,110
1085,110
1023,110
965,110
952,110
942,110
935,110
855,110
800,110
766,110
663,110
637,110
523,110
491,110
475,110
457,110
411,110
255,110
235,110
231,110
212,110
211,110
208,110
205,110
204,110
178,110
165,110
157,110
49,110
12,110
6,110
1283,111
1250,111
1206,111
1187,111
1131,111
928,111
880,111
816,111
670,111
655,111
568,111
563,111
544,111
518,111
515,111
499,111
498,111
493,111
489,111
441,111
440,111
348,111
271,111
251,111
248,111
247,111
228,111
218,111
146,111
145,111
137,111
135,111
121,111
113,111
87,111
1349,112
1250,112
1242,112
1152,112
1114,112
1040,112
928,112
867,112
851,112
792,112
742,112
720,112
589,112
568,112
563,112
545,112
499,112
440,112
421,112
377,112
271,112
251,112
248,112
231,112
223,112
218,112
208,112
204,112
160,112
157,112
154,112
149,112
135,112
102,112
11,112
1333,113
1295,113
979,113
920,113
867,113
861,113
742,113
643,113
580,113
568,113
529,113
527,113
523,113
515,113
493,113
475,113
442,113
440,113
429,113
413,113
391,113
385,113
246,113
210,113
197,113
166,113
165,113
149,113
146,113
143,113
138,113
135,113
96,113
17,113
12,113
1349,114
1338,114
1274,114
1097,114
952,114
867,114
792,114
589,114
527,114
513,114
491,114
475,114
457,114
429,114
324,114
258,114
246,114
244,114
242,114
237,114
231,114
215,114
211,114
208,114
207,114
203,114
201,114
189,114
173,114
170,114
138,114
133,114
17,114
12,114
11,114
1349,115
1283,115
1110,115
1022,115
986,115
957,115
904,115
799,115
655,115
617,115
605,115
589,115
563,115
544,115
527,115
429,115
421,115
386,115
260,115
248,115
246,115
231,115
228,115
218,115
205,115
204,115
201,115
197,115
165,115
154,115
138,115
128,115
121,115
113,115
87,115
1277,116
1255,116
1250,116
1240,116
1239,116
1183,116
1156,116
1115,116
1105,116
1090,116
990,116
966,116
925,116
830,116
658,116
617,116
480,116
479,116
478,116
455,116
448,116
428,116
385,116
344,116
341,116
332,116
215,116
211,116
173,116
110,116
79,116
62,116
33,116
32,116
13,116
1305,117
1293,117
1276,117
1227,117
1204,117
1164,117
1163,117
1133,117
1099,117
1080,117
1056,117
1039,117
976,117
955,117
787,117
769,117
671,117
663,117
529,117
462,117
440,117
421,117
408,117
399,117
338,117
313,117
311,117
303,117
253,117
245,117
243,117
214,117
171,117
66,117
39,117
1330,118
1242,118
1223,118
1183,118
1097,118
1087,118
998,118
970,118
952,118
947,118
941,118
893,118
876,118
871,118
835,118
833,118
809,118
792,118
715,118
680,118
647,118
623,118
527,118
508,118
496,118
468,118
429,118
385,118
258,118
244,118
187,118
138,118
133,118
99,118
17,118
1333,119
1306,119
1275,119
1183,119
1098,119
1097,119
1087,119
1074,119
1073,119
1072,119
1062,119
1049,119
998,119
977,119
964,119
961,119
919,119
877,119
841,119
810,119
772,119
680,119
672,119
653,119
623,119
540,119
518,119
496,119
214,119
205,119
191,119
187,119
159,119
92,119
69,119
1334,120
1243,120
1233,120
1128,120
1097,120
1085,120
1020,120
947,120
882,120
834,120
701,120
652,120
643,120
610,120
491,120
475,120
457,120
428,120
422,120
413,120
411,120
378,120
375,120
237,120
231,120
221,120
202,120
201,120
170,120
138,120
133,120
106,120
73,120
17,120
12,120
1136,121
1127,121
1062,121
825,121
816,121
692,121
670,121
564,121
557,121
544,121
543,121
506,121
503,121
501,121
493,121
489,121
475,121
460,121
441,121
321,121
247,121
218,121
217,121
211,121
208,121
206,121
204,121
197,121
165,121
157,121
140,121
137,121
132,121
90,121
54,121
1280,122
1272,122
1250,122
1232,122
1152,122
1132,122
792,122
742,122
721,122
605,122
602,122
598,122
580,122
575,122
574,122
571,122
563,122
555,122
524,122
493,122
416,122
357,122
251,122
215,122
208,122
204,122
187,122
184,122
173,122
157,122
134,122
110,122
102,122
34,122
23,122
1321,123
1313,123
1242,123
1214,123
1065,123
921,123
868,123
839,123
838,123
767,123
736,123
658,123
647,123
608,123
596,123
591,123
582,123
556,123
553,123
543,123
513,123
505,123
456,123
350,123
270,123
250,123
242,123
235,123
209,123
187,123
157,123
143,123
139,123
110,123
76,123
1349,124
1296,124
867,124
809,124
792,124
638,124
589,124
564,124
527,124
518,124
506,124
498,124
487,124
482,124
471,124
468,124
429,124
391,124
377,124
258,124
248,124
244,124
211,124
208,124
204,124
201,124
193,124
186,124
157,124
145,124
135,124
130,124
87,124
12,124
11,124
1284,125
1255,125
1132,125
1012,125
896,125
746,125
670,125
655,125
647,125
638,125
609,125
599,125
598,125
564,125
544,125
539,125
527,125
511,125
506,125
493,125
441,125
429,125
421,125
378,125
377,125
269,125
248,125
218,125
211,125
171,125
145,125
135,125
93,125
90,125
12,125
1310,126
1214,126
867,126
862,126
861,126
848,126
838,126
824,126
702,126
688,126
658,126
643,126
529,126
255,126
247,126
246,126
237,126
221,126
215,126
212,126
211,126
210,126
173,126
170,126
156,126
149,126
145,126
137,126
135,126
134,126
130,126
110,126
107,126
49,126
45,126
1338,127
1291,127
1157,127
1128,127
1124,127
1102,127
1084,127
1002,127
922,127
906,127
871,127
816,127
800,127
755,127
724,127
640,127
631,127
618,127
521,127
513,127
501,127
500,127
476,127
475,127
438,127
424,127
247,127
239,127
219,127
218,127
208,127
206,127
172,127
165,127
137,127
1157,128
1136,128
1130,128
1128,128
1059,128
1051,128
981,128
900,128
867,128
860,128
844,128
842,128
752,128
715,128
655,128
647,128
605,128
527,128
502,128
501,128
429,128
361,128
293,128
272,128
269,128
242,128
235,128
209,128
200,128
189,128
165,128
151,128
150,128
135,128
106,128
1107,129
1097,129
1061,129
1054,129
867,129
861,129
841,129
764,129
655,129
527,129
518,129
501,129
483,129
472,129
429,129
272,129
253,129
247,129
246,129
237,129
231,129
224,129
221,129
215,129
213,129
210,129
199,129
189,129
173,129
165,129
160,129
159,129
137,129
119,129
12,129
1349,130
1329,130
1246,130
1163,130
1156,130
1112,130
1048,130
955,130
943,130
906,130
867,130
841,130
822,130
750,130
687,130
589,130
491,130
472,130
427,130
247,130
246,130
242,130
240,130
237,130
231,130
210,130
209,130
201,130
189,130
170,130
159,130
143,130
137,130
133,130
74,130
12,130
1302,131
1242,131
1163,131
861,131
839,131
767,131
737,131
687,131
647,131
643,131
539,131
505,131
502,131
475,131
468,131
422,131
391,131
386,131
375,131
301,131
260,131
246,131
223,131
221,131
217,131
215,131
204,131
197,131
173,131
154,131
149,131
138,131
110,131
106,131
17,131
1333,132
1330,132
1292,132
1183,132
1123,132
1097,132
1085,132
964,132
961,132
910,132
821,132
709,132
680,132
643,132
642,132
475,132
422,132
378,132
372,132
325,132
254,132
247,132
246,132
231,132
221,132
220,132
214,132
208,132
200,132
191,132
165,132
137,132
122,132
74,132
4,132
1283,133
1065,133
1033,133
1002,133
988,133
821,133
816,133
767,133
655,133
639,133
552,133
544,133
529,133
503,133
475,133
441,133
432,133
424,133
274,133
248,133
247,133
231,133
218,133
206,133
205,133
197,133
172,133
165,133
137,133
136,133
132,133
123,133
96,133
87,133
70,133
1283,134
1250,134
1232,134
1187,134
1131,134
1126,134
928,134
742,134
670,134
655,134
643,134
554,134
545,134
544,134
527,134
518,134
506,134
499,134
494,134
493,134
483,134
441,134
429,134
321,134
271,134
251,134
248,134
223,134
218,134
201,134
193,134
168,134
135,134
132,134
12,134
1333,135
1315,135
1071,135
979,135
935,135
860,135
846,135
841,135
837,135
822,135
687,135
655,135
646,135
411,135
391,135
255,135
246,135
237,135
231,135
215,135
212,135
208,135
204,135
201,135
193,135
189,135
175,135
173,135
170,135
159,135
157,135
154,135
149,135
107,135
12,135
1333,136
1310,136
1183,136
999,136
966,136
964,136
961,136
935,136
906,136
830,136
680,136
643,136
642,136
636,136
610,136
563,136
531,136
515,136
475,136
428,136
372,136
312,136
247,136
214,136
211,136
205,136
197,136
187,136
175,136
165,136
138,136
137,136
96,136
92,136
17,136
1296,137
1284,137
1206,137
1057,137
880,137
858,137
816,137
766,137
746,137
670,137
638,137
599,137
518,137
515,137
498,137
489,137
487,137
471,137
441,137
391,137
348,137
269,137
248,137
246,137
218,137
189,137
145,137
137,137
135,137
130,137
93,137
90,137
87,137
15,137
12,137
1310,138
1302,138
1292,138
1286,138
1166,138
1162,138
1151,138
999,138
935,138
680,138
643,138
642,138
623,138
563,138
554,138
475,138
457,138
351,138
346,138
312,138
263,138
246,138
231,138
223,138
201,138
197,138
187,138
165,138
149,138
138,138
137,138
96,138
79,138
74,138
17,138
1333,139
1302,139
1152,139
1065,139
1013,139
973,139
867,139
750,139
643,139
580,139
541,139
539,139
502,139
475,139
440,139
429,139
428,139
426,139
385,139
354,139
253,139
251,139
246,139
215,139
210,139
200,139
184,139
173,139
159,139
149,139
138,139
133,139
96,139
17,139
12,139
1296,140
1127,140
928,140
742,140
692,140
655,140
643,140
638,140
554,140
545,140
531,140
527,140
506,140
499,140
496,140
493,140
483,140
468,140
464,140
441,140
429,140
345,140
321,140
263,140
251,140
248,140
223,140
218,140
201,140
193,140
144,140
132,140
106,140
93,140
54,140
1271,141
1236,141
1206,141
1204,141
1201,141
1148,141
1121,141
1107,141
948,141
911,141
880,141
866,141
816,141
766,141
707,141
653,141
544,141
498,141
489,141
473,141
467,141
441,141
391,141
348,141
243,141
228,141
218,141
163,141
155,141
141,141
130,141
121,141
113,141
88,141
87,141
68,141
1351,142
1260,142
1208,142
1183,142
1167,142
1162,142
1155,142
1153,142
1132,142
1129,142
1081,142
987,142
984,142
925,142
900,142
883,142
878,142
869,142
856,142
818,142
791,142
755,142
745,142
672,142
625,142
600,142
590,142
531,142
509,142
464,142
336,142
294,142
284,142
266,142
29,142
1264,143
1212,143
1173,143
1171,143
1153,143
1128,143
1016,143
965,143
959,143
952,143
930,143
848,143
841,143
818,143
797,143
789,143
750,143
724,143
706,143
646,143
588,143
579,143
540,143
421,143
408,143
380,143
317,143
227,143
184,143
171,143
159,143
149,143
110,143
93,143
79,143
1317,144
1293,144
1245,144
1141,144
1123,144
1111,144
1108,144
1093,144
1042,144
1039,144
924,144
710,144
700,144
679,144
634,144
620,144
606,144
477,144
442,144
423,144
400,144
390,144
382,144
367,144
337,144
327,144
303,144
283,144
245,144
195,144
188,144
108,144
66,144
58,144
57,144
1323,145
1234,145
1174,145
1169,145
1135,145
1111,145
1097,145
998,145
933,145
907,145
899,145
863,145
837,145
832,145
797,145
693,145
683,145
661,145
650,145
646,145
615,145
560,145
534,145
446,145
418,145
388,145
324,145
297,145
289,145
275,145
181,145
111,145
82,145
78,145
51,145
1334,146
1324,146
1276,146
1262,146
1217,146
1174,146
1056,146
956,146
896,146
892,146
886,146
833,146
773,146
763,146
748,146
745,146
741,146
725,146
693,146
683,146
680,146
678,146
677,146
634,146
480,146
428,146
403,146
388,146
288,146
259,146
217,146
73,146
66,146
42,146
10,146
1333,147
1295,147
1293,147
1280,147
1274,147
1268,147
1236,147
1173,147
1159,147
1140,147
1124,147
1099,147
1072,147
1065,147
1060,147
1048,147
842,147
822,147
821,147
769,147
716,147
686,147
628,147
598,147
462,147
289,147
266,147
227,147
204,147
178,147
154,147
145,147
63,147
46,147
24,147
1334,148
1324,148
1321,148
1262,148
1252,148
1215,148
1214,148
1171,148
1167,148
1158,148
1148,148
1132,148
1115,148
1104,148
1027,148
1019,148
970,148
956,148
930,148
909,148
886,148
821,148
769,148
748,148
745,148
725,148
697,148
691,148
677,148
577,148
521,148
476,148
400,148
287,148
266,148
1319,149
1307,149
1298,149
1286,149
1196,149
1071,149
945,149
938,149
934,149
924,149
906,149
893,149
881,149
880,149
858,149
847,149
762,149
761,149
760,149
748,149
523,149
383,149
378,149
334,149
330,149
255,149
229,149
224,149
213,149
212,149
169,149
137,149
102,149
99,149
27,149
1334,150
1324,150
1299,150
1290,150
1262,150
1217,150
1167,150
1115,150
1104,150
1056,150
1027,150
970,150
956,150
896,150
833,150
773,150
763,150
748,150
745,150
725,150
680,150
677,150
521,150
400,150
397,150
388,150
384,150
347,150
288,150
287,150
232,150
183,150
164,150
73,150
10,150
1229,151
1227,151
1207,151
1185,151
1162,151
1085,151
1072,151
1001,151
956,151
943,151
926,151
920,151
919,151
896,151
841,151
837,151
820,151
789,151
757,151
755,151
740,151
715,151
655,151
617,151
577,151
431,151
409,151
377,151
293,151
289,151
266,151
159,151
42,151
37,151
6,151
1351,152
1344,152
1263,152
1252,152
1214,152
1171,152
1156,152
1122,152
1099,152
1014,152
947,152
941,152
935,152
932,152
900,152
883,152
697,152
617,152
588,152
563,152
562,152
448,152
431,152
387,152
370,152
251,152
180,152
156,152
135,152
100,152
76,152
53,152
44,152
28,152
7,152
1323,153
1306,153
1295,153
1246,153
1214,153
1180,153
1111,153
996,153
972,153
922,153
919,153
918,153
907,153
899,153
837,153
832,153
740,153
725,153
716,153
715,153
676,153
671,153
664,153
629,153
616,153
615,153
603,153
385,153
293,153
275,153
181,153
124,153
111,153
78,153
69,153
1333,154
1295,154
1293,154
1280,154
1274,154
1268,154
1173,154
1159,154
1140,154
1124,154
1099,154
1065,154
1060,154
1048,154
842,154
821,154
769,154
716,154
686,154
679,154
628,154
598,154
462,154
293,154
266,154
227,154
204,154
178,154
175,154
154,154
145,154
63,154
46,154
36,154
24,154
1324,155
1299,155
1290,155
1262,155
1250,155
1217,155
1195,155
1115,155
1104,155
1056,155
1027,155
970,155
956,155
896,155
885,155
833,155
773,155
763,155
680,155
677,155
480,155
431,155
403,155
400,155
397,155
388,155
384,155
347,155
288,155
287,155
232,155
183,155
73,155
66,155
10,155
1334,156
1274,156
1250,156
1175,156
1171,156
1148,156
1144,156
1137,156
1114,156
1104,156
1087,156
993,156
970,156
963,156
957,156
896,156
886,156
841,156
763,156
748,156
725,156
697,156
691,156
680,156
677,156
523,156
521,156
476,156
287,156
236,156
234,156
191,156
162,156
159,156
75,156
1262,157
1217,157
1167,157
1148,157
1115,157
1104,157
1066,157
1056,157
970,157
910,157
896,157
839,157
833,157
806,157
773,157
763,157
719,157
680,157
677,157
638,157
564,157
431,157
428,157
400,157
397,157
384,157
377,157
288,157
287,157
232,157
183,157
164,157
73,157
36,157
10,157
1244,158
1227,158
1212,158
1173,158
1160,158
1060,158
1056,158
1050,158
1031,158
1019,158
1009,158
1003,158
979,158
890,158
888,158
864,158
803,158
787,158
775,158
771,158
749,158
737,158
722,158
681,158
679,158
588,158
418,158
373,158
317,158
303,158
180,158
169,158
100,158
73,158
66,158
1335,159
1323,159
1306,159
1255,159
1234,159
1180,159
1179,159
1041,159
970,159
943,159
900,159
899,159
864,159
842,159
837,159
803,159
748,159
710,159
672,159
638,159
626,159
615,159
560,159
427,159
418,159
413,159
349,159
317,159
303,159
293,159
267,159
222,159
116,159
78,159
18,159
1343,160
1337,160
1287,160
1232,160
1195,160
1123,160
1110,160
1042,160
1031,160
998,160
986,160
905,160
894,160
757,160
740,160
735,160
706,160
684,160
682,160
679,160
620,160
570,160
485,160
411,160
382,160
340,160
327,160
313,160
309,160
117,160
84,160
83,160
56,160
46,160
34,160
1338,161
1289,161
1245,161
1236,161
1077,161
1045,161
1035,161
1027,161
1024,161
911,161
908,161
900,161
846,161
828,161
781,161
772,161
769,161
716,161
707,161
702,161
700,161
696,161
690,161
686,161
675,161
630,161
500,161
453,161
434,161
417,161
341,161
268,161
192,161
59,161
22,161
1217,162
1180,162
1056,162
1046,162
1044,162
1042,162
1041,162
1027,162
1024,162
1011,162
1005,162
987,162
909,162
856,162
842,162
787,162
773,162
771,162
725,162
680,162
676,162
629,162
521,162
480,162
442,162
428,162
418,162
349,162
317,162
282,162
204,162
80,162
66,162
45,162
42,162
1333,163
1295,163
1293,163
1280,163
1274,163
1268,163
1239,163
1173,163
1159,163
1140,163
1124,163
1099,163
1065,163
1060,163
1048,163
842,163
821,163
769,163
716,163
686,163
679,163
628,163
598,163
462,163
293,163
266,163
227,163
204,163
178,163
175,163
154,163
145,163
63,163
46,163
24,163
1334,164
1324,164
1299,164
1265,164
1262,164
1173,164
1159,164
1115,164
1104,164
995,164
970,164
918,164
900,164
874,164
841,164
833,164
826,164
769,164
745,164
717,164
691,164
680,164
677,164
675,164
663,164
397,164
384,164
376,164
287,164
260,164
232,164
164,164
159,164
110,164
10,164
1334,165
1324,165
1299,165
1291,165
1262,165
1217,165
1167,165
1115,165
1104,165
1092,165
1056,165
1027,165
988,165
970,165
833,165
810,165
800,165
773,165
769,165
748,165
745,165
680,165
677,165
521,165
476,165
431,165
400,165
397,165
388,165
384,165
288,165
287,165
232,165
183,165
10,165
1347,166
1337,166
1329,166
1276,166
1256,166
1246,166
1214,166
1210,166
1111,166
1108,166
1058,166
1042,166
1032,166
955,166
903,166
757,166
749,166
706,166
664,166
661,166
649,166
570,166
569,166
442,166
427,166
411,166
339,166
245,166
108,166
89,166
83,166
58,166
57,166
34,166
19,166
1334,167
1324,167
1284,167
1262,167
1217,167
1167,167
1115,167
1104,167
1056,167
1027,167
1010,167
970,167
896,167
858,167
833,167
763,167
748,167
745,167
680,167
677,167
521,167
400,167
397,167
388,167
384,167
333,167
288,167
287,167
235,167
232,167
151,167
76,167
73,167
15,167
10,167
1246,168
1221,168
1214,168
1139,168
1077,168
1048,168
996,168
901,168
887,168
803,168
769,168
700,168
645,168
628,168
607,168
584,168
516,168
455,168
453,168
447,168
411,168
406,168
331,168
309,168
253,168
204,168
190,168
168,168
154,168
129,168
126,168
115,168
49,168
22,168
21,168
1259,169
1257,169
1246,169
1239,169
1229,169
1227,169
1223,169
1218,169
1161,169
1157,169
1153,169
1130,169
1120,169
1118,169
1092,169
1080,169
1019,169
1006,169
922,169
871,169
857,169
854,169
849,169
844,169
818,169
762,169
619,169
560,169
476,169
439,169
306,169
284,169
256,169
38,169
34,169
1301,170
1284,170
1274,170
1172,170
1160,170
1155,170
1152,170
1114,170
1101,170
1075,170
1059,170
1057,170
1010,170
1006,170
959,170
920,170
873,170
858,170
763,170
746,170
695,170
622,170
611,170
599,170
592,170
508,170
356,170
306,170
286,170
253,170
198,170
182,170
75,170
23,170
15,170
1334,171
1324,171
1299,171
1262,171
1217,171
1167,171
1125,171
1104,171
1056,171
1027,171
970,171
956,171
930,171
833,171
773,171
745,171
680,171
677,171
521,171
428,171
426,171
400,171
397,171
388,171
384,171
347,171
288,171
287,171
232,171
183,171
164,171
75,171
73,171
67,171
10,171
1319,172
1302,172
1301,172
1292,172
1239,172
1183,172
1110,172
999,172
990,172
986,172
935,172
925,172
904,172
753,172
719,172
642,172
633,172
610,172
563,172
539,172
531,172
515,172
449,172
426,172
378,172
375,172
372,172
346,172
341,172
324,172
312,172
293,172
223,172
99,172
74,172
1335,173
1323,173
1234,173
1229,173
1227,173
1169,173
1157,173
1141,173
1130,173
1118,173
1080,173
1042,173
1006,173
947,173
941,173
926,173
910,173
907,173
872,173
863,173
854,173
849,173
844,173
837,173
797,173
762,173
687,173
619,173
615,173
560,173
446,173
275,173
181,173
111,173
82,173
1269,174
1250,174
1217,174
1167,174
1046,174
1027,174
935,174
923,174
896,174
801,174
773,174
763,174
753,174
746,174
680,174
564,174
554,174
539,174
515,174
480,174
464,174
428,174
426,174
395,174
378,174
377,174
357,174
344,174
288,174
252,174
73,174
66,174
54,174
42,174
10,174
1334,175
1324,175
1299,175
1262,175
1217,175
1167,175
1115,175
1104,175
1056,175
1027,175
970,175
956,175
896,175
833,175
763,175
748,175
745,175
734,175
725,175
680,175
677,175
592,175
521,175
400,175
397,175
388,175
384,175
347,175
288,175
287,175
232,175
183,175
73,175
10,175
6,175
1318,176
1303,176
1300,176
1275,176
1258,176
1138,176
1123,176
1112,176
1099,176
1075,176
1050,176
989,176
971,176
924,176
912,176
803,176
768,176
761,176
740,176
722,176
721,176
706,176
679,176
649,176
648,176
606,176
549,176
488,176
422,176
327,176
164,176
124,176
97,176
63,176
57,176
1334,177
1324,177
1299,177
1265,177
1262,177
1217,177
1173,177
1159,177
1115,177
1104,177
970,177
918,177
900,177
874,177
841,177
833,177
826,177
769,177
745,177
717,177
691,177
680,177
677,177
675,177
663,177
397,177
384,177
376,177
287,177
260,177
232,177
164,177
159,177
110,177
10,177
1344,178
1332,178
1312,178
1311,178
1201,178
1008,178
1007,178
980,178
962,178
916,178
727,178
657,178
639,178
593,178
552,178
550,178
548,178
512,178
465,178
446,178
412,178
348,178
278,178
276,178
274,178
176,178
111,178
105,178
94,178
52,178
47,178
44,178
32,178
31,178
25,178
1334,179
1324,179
1290,179
1262,179
1167,179
1125,179
1115,179
1104,179
1027,179
970,179
896,179
863,179
837,179
833,179
769,179
763,179
748,179
745,179
725,179
691,179
680,179
677,179
521,179
480,179
428,179
426,179
400,179
397,179
388,179
384,179
288,179
287,179
232,179
158,179
10,179
1343,180
1337,180
1319,180
1276,180
1256,180
1249,180
1214,180
1150,180
1034,180
970,180
967,180
955,180
915,180
903,180
895,180
867,180
750,180
724,180
694,180
687,180
661,180
588,180
462,180
445,180
413,180
392,180
305,180
290,180
289,180
192,180
145,180
101,180
99,180
74,180
56,180
1334,181
1324,181
1299,181
1262,181
1217,181
1167,181
1121,181
1115,181
1104,181
1056,181
1027,181
970,181
956,181
896,181
833,181
773,181
769,181
763,181
748,181
745,181
725,181
680,181
677,181
521,181
400,181
388,181
384,181
347,181
288,181
287,181
232,181
183,181
164,181
73,181
10,181
1321,182
1284,182
1267,182
1265,182
1251,182
1236,182
1159,182
1098,182
1073,182
1067,182
1053,182
1049,182
1033,182
1022,182
1010,182
1002,182
938,182
909,182
846,182
839,182
838,182
817,182
696,182
675,182
658,182
644,182
479,182
470,182
432,182
352,182
335,182
268,182
247,182
19,182
13,182
1323,183
1241,183
1167,183
1123,183
1080,183
978,183
956,183
906,183
851,183
835,183
808,183
802,183
793,183
780,183
777,183
763,183
700,183
664,183
619,183
583,183
468,183
414,183
384,183
347,183
337,183
320,183
318,183
273,183
229,183
222,183
145,183
102,183
75,183
56,183
10,183
1344,184
1243,184
1203,184
1200,184
1193,184
1111,184
1071,184
1055,184
1046,184
1044,184
1042,184
1041,184
1011,184
987,184
856,184
814,184
813,184
728,184
702,184
665,184
620,184
507,184
442,184
404,184
403,184
392,184
387,184
358,184
340,184
324,184
303,184
282,184
277,184
124,184
9,184
1333,185
1295,185
1294,185
1281,185
1280,185
1275,185
1274,185
1268,185
1173,185
1140,185
1128,185
1124,185
1099,185
1065,185
1060,185
1048,185
976,185
842,185
822,185
771,185
769,185
716,185
679,185
598,185
462,185
293,185
289,185
266,185
204,185
175,185
154,185
145,185
63,185
46,185
24,185
1326,186
1323,186
1314,186
1246,186
1232,186
1227,186
1129,186
1087,186
1080,186
944,186
918,186
837,186
766,186
762,186
602,186
576,186
555,186
534,186
447,186
446,186
340,186
328,186
320,186
298,186
275,186
235,186
181,186
111,186
82,186
78,186
74,186
46,186
44,186
37,186
27,186
1333,187
1295,187
1293,187
1280,187
1274,187
1268,187
1173,187
1159,187
1140,187
1124,187
1099,187
1065,187
1060,187
1048,187
842,187
821,187
769,187
716,187
686,187
679,187
628,187
598,187
462,187
293,187
266,187
227,187
204,187
178,187
175,187
154,187
145,187
63,187
46,187
36,187
24,187
1334,188
1324,188
1284,188
1267,188
1265,188
1236,188
1167,188
1159,188
1158,188
1148,188
1107,188
1104,188
1022,188
992,188
970,188
938,188
909,188
896,188
886,188
847,188
846,188
748,188
745,188
743,188
691,188
680,188
677,188
644,188
564,188
495,188
480,188
428,188
287,188
54,188
10,188
1340,189
1325,189
1275,189
1262,189
1177,189
1167,189
1137,189
1115,189
1104,189
1061,189
1056,189
993,189
970,189
769,189
746,189
677,189
656,189
601,189
559,189
557,189
501,189
484,189
463,189
426,189
410,189
400,189
384,189
360,189
287,189
272,189
232,189
160,189
159,189
145,189
67,189
1284,190
1267,190
1265,190
1251,190
1236,190
1159,190
1105,190
1098,190
1053,190
1012,190
1010,190
995,190
938,190
932,190
909,190
846,190
839,190
838,190
817,190
802,190
707,190
696,190
690,190
675,190
658,190
644,190
564,190
479,190
434,190
352,190
335,190
268,190
147,190
19,190
13,190
1334,191
1324,191
1299,191
1284,191
1262,191
1217,191
1132,191
1115,191
1104,191
1056,191
1027,191
1010,191
970,191
956,191
896,191
858,191
833,191
763,191
745,191
725,191
680,191
677,191
592,191
521,191
400,191
397,191
388,191
384,191
288,191
287,191
232,191
90,191
15,191
10,191
6,191
924,192
782,192
777,192
773,192
760,192
750,192
749,192
701,192
664,192
640,192
575,192
1328,192
1318,192
493,192
486,192
1279,192
1238,192
396,192
383,192
1141,192
327,192
303,192
1064,192
202,192
997,192
161,192
934,192
120,192
901,192
899,192
890,192
885,192
84,192
69,192
37,192
1334,193
1290,193
1262,193
1217,193
1172,193
1167,193
1125,193
1104,193
1091,193
1050,193
1027,193
970,193
896,193
886,193
870,193
773,193
764,193
748,193
743,193
691,193
687,193
680,193
677,193
493,193
480,193
428,193
411,193
409,193
388,193
287,193
183,193
66,193
42,193
18,193
10,193
1135,194
1124,194
1033,194
957,194
946,194
935,194
869,194
774,194
769,194
766,194
617,194
605,194
528,194
489,194
474,194
464,194
440,194
308,194
249,194
248,194
247,194
237,194
228,194
226,194
220,194
205,194
198,194
197,194
165,194
140,194
137,194
128,194
121,194
113,194
110,194
1344,195
1332,195
1320,195
1312,195
1311,195
1201,195
1007,195
982,195
980,195
972,195
962,195
916,195
882,195
727,195
724,195
671,195
639,195
593,195
552,195
550,195
548,195
512,195
387,195
348,195
276,195
274,195
186,195
176,195
109,195
105,195
52,195
47,195
44,195
31,195
25,195
1323,196
1269,196
1249,196
1243,196
1194,196
1169,196
1157,196
1145,196
1138,196
1128,196
1019,196
931,196
900,196
864,196
854,196
824,196
803,196
714,196
688,196
679,196
659,196
652,196
626,196
619,196
615,196
552,196
512,196
496,196
446,196
294,196
183,196
181,196
78,196
58,196
57,196
1324,197
1299,197
1290,197
1262,197
1167,197
1148,197
1115,197
1104,197
1087,197
1056,197
1049,197
1027,197
970,197
956,197
833,197
810,197
748,197
745,197
743,197
691,197
680,197
677,197
521,197
431,197
426,197
400,197
388,197
384,197
288,197
287,197
232,197
196,197
195,197
183,197
177,197
1334,198
1237,198
1235,198
1233,198
1136,198
1128,198
1101,198
1097,198
1048,198
948,198
910,198
876,198
866,198
861,198
721,198
687,198
604,198
580,198
574,198
542,198
539,198
534,198
517,198
496,198
422,198
416,198
367,198
246,198
243,198
240,198
237,198
221,198
166,198
49,198
3,198
1342,199
1326,199
1323,199
1297,199
1295,199
1278,199
1228,199
1194,199
1155,199
1135,199
1060,199
976,199
972,199
916,199
842,199
837,199
671,199
615,199
593,199
550,199
534,199
512,199
446,199
397,199
357,199
282,199
275,199
182,199
181,199
175,199
124,199
111,199
97,199
82,199
78,199
1153,200
1123,200
1108,200
1060,200
1042,200
1039,200
1035,200
982,200
890,200
887,200
879,200
864,200
860,200
818,200
805,200
787,200
781,200
777,200
775,200
757,200
749,200
740,200
667,200
643,200
616,200
485,200
341,200
327,200
313,200
303,200
183,200
124,200
66,200
58,200
56,200
1334,201
1299,201
1290,201
1262,201
1167,201
1125,201
1104,201
988,201
970,201
896,201
886,201
833,201
748,201
745,201
742,201
697,201
680,201
677,201
460,201
432,201
426,201
400,201
397,201
388,201
384,201
347,201
308,201
288,201
287,201
140,201
132,201
90,201
74,201
10,201
5,201
1302,202
1286,202
1284,202
1255,202
1249,202
1181,202
1162,202
1101,202
1092,202
1065,202
1012,202
983,202
978,202
858,202
855,202
797,202
717,202
680,202
611,202
609,202
599,202
592,202
588,202
493,202
418,202
324,202
270,202
229,202
168,202
135,202
118,202
102,202
90,202
24,202
12,202
1284,203
1281,203
1275,203
1267,203
1265,203
1255,203
1251,203
1236,203
1186,203
1159,203
1106,203
1098,203
1057,203
1010,203
938,203
909,203
846,203
843,203
839,203
838,203
817,203
696,203
675,203
658,203
644,203
498,203
479,203
470,203
417,203
352,203
310,203
268,203
52,203
32,203
13,203
1323,204
1306,204
1300,204
1247,204
1246,204
1216,204
1161,204
1145,204
1128,204
1096,204
1080,204
1031,204
976,204
947,204
941,204
863,204
837,204
780,204
664,204
638,204
615,204
584,204
575,204
446,204
444,204
409,204
403,204
347,204
343,204
318,204
317,204
222,204
122,204
116,204
93,204
1351,205
1341,205
1274,205
1212,205
1210,205
1194,205
1172,205
1133,205
1123,205
1031,205
1009,205
952,205
901,205
879,205
775,205
731,205
697,205
689,205
674,205
577,205
540,205
526,205
490,205
425,205
423,205
421,205
401,205
390,205
382,205
256,205
190,205
171,205
58,205
34,205
2,205
1350,206
1329,206
1290,206
1256,206
1200,206
1111,206
1108,206
1099,206
987,206
955,206
856,206
746,206
728,206
702,206
697,206
667,206
564,206
480,206
442,206
428,206
413,206
392,206
390,206
384,206
367,206
324,206
290,206
277,206
183,206
124,206
108,206
80,206
66,206
20,206
19,206
1329,207
1231,207
1227,207
1161,207
1158,207
1128,207
1120,207
1118,207
1104,207
1092,207
1061,207
1057,207
970,207
963,207
947,207
941,207
913,207
900,207
855,207
839,207
826,207
819,207
769,207
715,207
568,207
462,207
447,207
377,207
324,207
301,207
293,207
222,207
160,207
95,207
27,207
1257,208
1239,208
1223,208
1173,208
1156,208
1150,208
1147,208
1122,208
1065,208
993,208
956,208
894,208
871,208
838,208
832,208
817,208
802,208
691,208
658,208
607,208
546,208
532,208
515,208
480,208
385,208
356,208
352,208
306,208
289,208
270,208
267,208
233,208
75,208
61,208
24,208
1352,209
1342,209
1341,209
1335,209
1323,209
1308,209
1227,209
1224,209
1184,209
1135,209
1123,209
1076,209
1060,209
1019,209
1006,209
907,209
879,209
864,209
775,209
773,209
626,209
616,209
615,209
576,209
552,209
535,209
485,209
400,209
397,209
343,209
289,209
274,209
192,209
181,209
179,209
73,209
1344,210
1332,210
1311,210
1290,210
1275,210
1261,210
1201,210
1008,210
1007,210
980,210
972,210
874,210
727,210
671,210
657,210
639,210
593,210
550,210
512,210
489,210
465,210
387,210
361,210
348,210
289,210
278,210
73,210
57,210
56,210
52,210
48,210
47,210
32,210
31,210
25,210
1286,211
1265,211
1239,211
1228,211
1212,211
1196,211
1194,211
1181,211
1173,211
1167,211
1149,211
1099,211
1091,211
990,211
963,211
947,211
941,211
918,211
855,211
822,211
819,211
660,211
627,211
617,211
476,211
428,211
422,211
332,211
270,211
221,211
184,211
168,211
42,211
33,211
24,211
1323,212
1318,212
1243,212
1234,212
1227,212
1080,212
1058,212
971,212
863,212
860,212
844,212
837,212
803,212
750,212
740,212
725,212
684,212
679,212
661,212
615,212
462,212
446,212
420,212
411,212
379,212
280,212
161,212
124,212
82,212
78,212
57,212
48,212
46,212
42,212
1,212
1330,213
1324,213
1301,213
1262,213
1152,213
1148,213
1125,213
1066,213
1049,213
993,213
988,213
932,213
905,213
870,213
812,213
810,213
806,213
751,213
745,213
743,213
691,213
680,213
677,213
643,213
610,213
502,213
499,213
437,213
432,213
426,213
345,213
312,213
308,213
263,213
85,213
1342,214
1323,214
1306,214
1290,214
1276,214
1259,214
1246,214
1245,214
1241,214
1234,214
1227,214
1214,214
1161,214
1145,214
1128,214
934,214
892,214
888,214
848,214
844,214
832,214
787,214
777,214
760,214
534,214
435,214
367,214
280,214
277,214
222,214
168,214
78,214
58,214
51,214
39,214
1340,215
1325,215
1275,215
1262,215
1177,215
1167,215
1137,215
1115,215
1104,215
1061,215
1056,215
993,215
970,215
769,215
746,215
677,215
656,215
613,215
601,215
559,215
557,215
501,215
484,215
463,215
426,215
410,215
400,215
384,215
360,215
287,215
272,215
232,215
160,215
145,215
67,215
1306,216
1297,216
1292,216
1246,216
1217,216
1216,216
1153,216
1145,216
1120,216
1115,216
1104,216
1085,216
1080,216
1056,216
1023,216
1016,216
1006,216
976,216
970,216
956,216
919,216
879,216
819,216
818,216
775,216
664,216
619,216
615,216
518,216
446,216
426,216
347,216
287,216
232,216
69,216
1338,217
1324,217
1290,217
1269,217
1217,217
1176,217
1167,217
1106,217
1089,217
1056,217
1027,217
896,217
886,217
833,217
799,217
775,217
773,217
763,217
750,217
748,217
725,217
686,217
680,217
677,217
659,217
658,217
480,217
428,217
376,217
357,217
288,217
183,217
161,217
73,217
66,217
1334,218
1315,218
1290,218
1255,218
1254,218
1250,218
1248,218
1217,218
1172,218
1077,218
1069,218
1059,218
1029,218
992,218
939,218
896,218
876,218
773,218
766,218
763,218
662,218
456,218
454,218
447,218
374,218
357,218
301,218
288,218
286,218
235,218
93,218
42,218
40,218
35,218
10,218
1334,219
1329,219
1324,219
1290,219
1262,219
1241,219
1217,219
1167,219
1125,219
1115,219
1104,219
1056,219
1027,219
970,219
930,219
896,219
833,219
773,219
763,219
748,219
745,219
680,219
677,219
661,219
521,219
426,219
400,219
388,219
384,219
288,219
287,219
232,219
183,219
98,219
10,219
1333,220
1295,220
1293,220
1280,220
1274,220
1268,220
1173,220
1159,220
1140,220
1124,220
1099,220
1065,220
1060,220
1048,220
842,220
822,220
821,220
769,220
716,220
686,220
679,220
628,220
598,220
462,220
293,220
266,220
227,220
204,220
178,220
175,220
154,220
145,220
63,220
46,220
24,220
1334,221
1330,221
1324,221
1299,221
1262,221
1167,221
1115,221
1104,221
1056,221
1027,221
988,221
970,221
956,221
930,221
896,221
886,221
833,221
769,221
764,221
748,221
745,221
725,221
697,221
691,221
677,221
521,221
476,221
428,221
400,221
397,221
384,221
308,221
287,221
54,221
10,221
1295,222
1246,222
1164,222
1141,222
1128,222
1111,222
1078,222
1060,222
1055,222
1028,222
934,222
906,222
894,222
787,222
771,222
749,222
741,222
706,222
687,222
664,222
636,222
620,222
427,222
411,222
338,222
303,222
294,222
292,222
253,222
74,222
58,222
57,222
48,222
42,222
33,222
1324,223
1262,223
1173,223
1115,223
1104,223
1047,223
1033,223
970,223
963,223
918,223
874,223
841,223
839,223
833,223
826,223
812,223
800,223
769,223
748,223
745,223
717,223
691,223
680,223
677,223
663,223
518,223
510,223
397,223
384,223
376,223
287,223
260,223
232,223
164,223
159,223
1323,224
1306,224
1297,224
1227,224
1130,224
1128,224
1123,224
1097,224
1080,224
1019,224
971,224
927,224
924,224
916,224
863,224
857,224
855,224
837,224
760,224
715,224
706,224
534,224
447,224
446,224
421,224
411,224
276,224
154,224
129,224
111,224
82,224
78,224
57,224
49,224
46,224
1334,225
1324,225
1290,225
1262,225
1217,225
1167,225
1125,225
1056,225
1027,225
970,225
833,225
773,225
763,225
748,225
745,225
691,225
680,225
677,225
521,225
428,225
426,225
403,225
400,225
388,225
384,225
357,225
288,225
287,225
232,225
183,225
164,225
75,225
73,225
66,225
10,225
1268,226
1232,226
1131,226
1114,226
1103,226
1066,226
1061,226
1040,226
939,226
922,226
836,226
742,226
738,226
721,226
717,226
675,226
598,226
580,226
571,226
544,226
502,226
499,226
497,226
456,226
441,226
416,226
402,226
345,226
248,226
191,226
184,226
160,226
146,226
102,226
34,226
23,226
1334,227
1324,227
1299,227
1262,227
1167,227
1125,227
1115,227
1104,227
1056,227
988,227
970,227
956,227
886,227
869,227
833,227
769,227
764,227
763,227
748,227
745,227
725,227
697,227
691,227
677,227
521,227
476,227
400,227
397,227
384,227
308,227
287,227
232,227
172,227
54,227
10,227
1347,228
1342,228
1256,228
1241,228
1213,228
1210,228
1150,228
1108,228
1099,228
1081,228
1058,228
1032,228
998,228
903,228
814,228
757,228
749,228
699,228
661,228
649,228
485,228
436,228
427,228
403,228
341,228
339,228
327,228
305,228
304,228
294,228
280,228
184,228
108,228
98,228
58,228
1349,229
1280,229
1274,229
1212,229
1160,229
1152,229
1129,229
1114,229
1065,229
1029,229
983,229
981,229
695,229
651,229
594,229
589,229
588,229
447,229
402,229
356,229
309,229
301,229
287,229
269,229
207,229
198,229
158,229
156,229
119,229
93,229
76,229
41,229
34,229
29,229
23,229
1334,230
1330,230
1329,230
1299,230
1250,230
1192,230
1167,230
1132,230
1127,230
1125,230
1115,230
1104,230
970,230
901,230
870,230
769,230
764,230
748,230
656,230
617,230
521,230
515,230
483,230
479,230
460,230
431,230
409,230
403,230
400,230
323,230
319,230
308,230
287,230
184,230
36,230
1323,231
1315,231
1297,231
1246,231
1164,231
1156,231
1141,231
1135,231
1080,231
1078,231
976,231
894,231
793,231
769,231
706,231
687,231
664,231
663,231
636,231
606,231
598,231
446,231
418,231
411,231
403,231
399,231
338,231
318,231
317,231
233,231
127,231
111,231
101,231
57,231
18,231
1336,232
1323,232
1318,232
1263,232
1255,232
1247,232
1221,232
1220,232
1212,232
1180,232
1174,232
1169,232
1133,232
1111,232
1055,232
1050,232
913,232
881,232
864,232
847,232
828,232
803,232
750,232
701,232
682,232
645,232
442,232
427,232
398,232
394,232
182,232
169,232
82,232
78,232
37,232
1344,233
1342,233
1323,233
1303,233
1297,233
1241,233
1221,233
1218,233
1180,233
1172,233
1169,233
1155,233
1145,233
1129,233
960,233
933,233
837,233
716,233
671,233
650,233
645,233
629,233
615,233
560,233
477,233
387,233
362,233
349,233
297,233
290,233
275,233
181,233
82,233
78,233
22,233
795,234
772,234
885,234
692,234
653,234
644,234
1348,234
1281,234
1275,234
1271,234
1266,234
1263,234
1261,234
1260,234
1248,234
1246,234
443,234
1239,234
393,234
1186,234
1106,234
300,234
1096,234
1090,234
268,234
254,234
245,234
1015,234
196,234
195,234
989,234
88,234
859,234
843,234
801,234
1323,235
1309,235
1295,235
1246,235
1191,235
1174,235
1130,235
1104,235
1055,235
1009,235
971,235
970,235
879,235
857,235
822,235
787,235
775,235
748,235
740,235
722,235
701,235
687,235
679,235
616,235
615,235
427,235
388,235
379,235
336,235
294,235
292,235
181,235
106,235
101,235
83,235
1324,236
1299,236
1290,236
1262,236
1217,236
1167,236
1115,236
1104,236
1056,236
1027,236
970,236
930,236
896,236
833,236
769,236
748,236
745,236
743,236
725,236
691,236
680,236
677,236
599,236
521,236
426,236
400,236
397,236
388,236
384,236
347,236
288,236
287,236
232,236
164,236
10,236
1289,237
1247,237
1191,237
1060,237
1042,237
1035,237
1028,237
1027,237
1009,237
978,237
955,237
929,237
917,237
899,237
813,237
802,237
777,237
741,237
712,237
686,237
664,237
660,237
652,237
616,237
575,237
453,237
423,237
399,237
318,237
307,237
303,237
291,237
289,237
147,237
56,237
1299,238
1290,238
1262,238
1217,238
1167,238
1125,238
1115,238
1104,238
1056,238
1027,238
970,238
896,238
833,238
773,238
680,238
677,238
544,238
518,238
493,238
480,238
426,238
400,238
388,238
384,238
378,238
288,238
287,238
232,238
193,238
183,238
180,238
164,238
100,238
67,238
10,238
1178,239
1067,239
1057,239
1053,239
1051,239
1047,239
1040,239
1028,239
1025,239
1024,239
1022,239
1014,239
992,239
937,239
935,239
923,239
909,239
898,239
874,239
812,239
802,239
800,239
783,239
726,239
704,239
662,239
510,239
495,239
395,239
376,239
358,239
335,239
252,239
98,239
72,239
1316,240
1269,240
1262,240
1250,240
1127,240
1104,240
1068,240
1019,240
1017,240
921,240
825,240
748,240
746,240
692,240
656,240
638,240
557,240
554,240
527,240
515,240
506,240
501,240
484,240
483,240
464,240
431,240
429,240
377,240
344,240
287,240
272,240
145,240
93,240
54,240
30,240
1334,241
1324,241
1299,241
1262,241
1217,241
1167,241
1121,241
1115,241
1104,241
1056,241
1027,241
970,241
956,241
896,241
833,241
773,241
748,241
745,241
725,241
680,241
677,241
654,241
592,241
521,241
515,241
513,241
400,241
388,241
384,241
287,241
232,241
183,241
164,241
67,241
6,241
1329,242
1317,242
1222,242
1203,242
1180,242
1128,242
1046,242
1044,242
1042,242
1041,242
1011,242
1005,242
987,242
955,242
909,242
869,242
856,242
851,242
837,242
832,242
824,242
819,242
728,242
688,242
676,242
665,242
477,242
442,242
392,242
368,242
349,242
317,242
282,242
49,242
37,242
1316,243
1278,243
1227,243
1161,243
1120,243
1118,243
1104,243
1096,243
1048,243
1027,243
989,243
970,243
895,243
819,243
790,243
763,243
750,243
744,243
677,243
667,243
626,243
506,243
502,243
490,243
462,243
435,243
427,243
384,243
371,243
331,243
321,243
183,243
95,243
74,243
20,243
1342,244
1324,244
1323,244
1239,244
1227,244
1169,244
1135,244
1123,244
1108,244
1099,244
1095,244
1055,244
1050,244
1009,244
989,244
976,244
924,244
837,244
828,244
771,244
757,244
725,244
710,244
679,244
664,244
615,244
598,244
411,244
379,244
317,244
275,244
188,244
82,244
78,244
57,244
1334,245
1324,245
1290,245
1262,245
1167,245
1125,245
1104,245
1056,245
970,245
956,245
896,245
892,245
886,245
833,245
769,245
748,245
745,245
743,245
725,245
697,245
691,245
678,245
677,245
598,245
544,245
493,245
400,245
397,245
388,245
384,245
308,245
288,245
287,245
183,245
10,245
1344,246
1341,246
1300,246
1295,246
1282,246
1279,246
1276,246
1258,246
1232,246
1218,246
1199,246
1182,246
1180,246
1169,246
1147,246
1114,246
998,246
991,246
989,246
940,246
912,246
888,246
887,246
768,246
744,246
685,246
530,246
423,246
387,246
379,246
326,246
286,246
181,246
56,246
43,246
1334,247
1330,247
1324,247
1262,247
1217,247
1167,247
1132,247
1125,247
1104,247
1056,247
1027,247
970,247
956,247
896,247
833,247
773,247
764,247
745,247
725,247
697,247
680,247
677,247
564,247
521,247
400,247
388,247
384,247
347,247
308,247
288,247
287,247
232,247
183,247
67,247
10,247
1302,248
1301,248
1292,248
1286,248
1183,248
1142,248
1065,248
1013,248
990,248
925,248
840,248
769,248
753,248
747,248
680,248
642,248
531,248
480,248
468,248
447,248
428,248
426,248
378,248
375,248
372,248
354,248
346,248
332,248
312,248
229,248
223,248
200,248
106,248
79,248
42,248
1324,249
1297,249
1257,249
1229,249
1216,249
1214,249
1212,249
1116,249
1071,249
1001,249
947,249
943,249
926,249
910,249
854,249
808,249
794,249
776,249
762,249
681,249
627,249
543,249
503,249
501,249
499,249
363,249
322,249
272,249
222,249
198,249
189,249
147,249
76,249
75,249
7,249
1342,250
1114,250
1065,250
1060,250
1039,250
1031,250
1029,250
1014,250
906,250
901,250
895,250
864,250
825,250
803,250
801,250
780,250
777,250
772,250
771,250
764,250
749,250
704,250
682,250
628,250
607,250
461,250
438,250
341,250
331,250
309,250
253,250
233,250
40,250
35,250
29,250
1334,251
1324,251
1290,251
1262,251
1167,251
1125,251
1104,251
1056,251
1027,251
970,251
956,251
896,251
892,251
833,251
773,251
769,251
748,251
745,251
743,251
725,251
697,251
691,251
683,251
677,251
521,251
400,251
397,251
388,251
384,251
288,251
287,251
232,251
183,251
67,251
10,251
1335,252
1323,252
1305,252
1194,252
1169,252
1164,252
1135,252
1123,252
1103,252
1020,252
931,252
927,252
879,252
864,252
857,252
794,252
778,252
775,252
757,252
749,252
710,252
684,252
652,252
646,252
620,252
615,252
590,252
485,252
446,252
379,252
344,252
181,252
82,252
78,252
33,252
1334,253
1324,253
1299,253
1262,253
1217,253
1167,253
1115,253
1104,253
1056,253
1027,253
970,253
956,253
896,253
833,253
773,253
769,253
763,253
748,253
745,253
725,253
680,253
677,253
654,253
521,253
515,253
400,253
388,253
384,253
347,253
287,253
232,253
183,253
164,253
67,253
6,253
1315,254
1262,254
1260,254
1252,254
1239,254
1218,254
1212,254
1210,254
1179,254
1172,254
1160,254
1157,254
1145,254
1130,254
1129,254
1122,254
1106,254
1091,254
1079,254
1065,254
1055,254
1015,254
975,254
922,254
813,254
728,254
666,254
662,254
626,254
600,254
546,254
454,254
235,254
227,254
168,254
1350,255
1324,255
1256,255
1217,255
1200,255
1111,255
1108,255
987,255
955,255
896,255
886,255
881,255
856,255
728,255
725,255
714,255
680,255
667,255
480,255
442,255
428,255
426,255
378,255
370,255
368,255
347,255
324,255
277,255
183,255
80,255
73,255
66,255
42,255
20,255
19,255
1334,256
1324,256
1262,256
1167,256
1125,256
1115,256
1104,256
1056,256
1027,256
970,256
956,256
930,256
833,256
773,256
769,256
748,256
745,256
725,256
714,256
691,256
680,256
677,256
521,256
501,256
426,256
400,256
388,256
384,256
347,256
333,256
287,256
250,256
232,256
10,256
6,256
1353,257
1324,257
1280,257
1221,257
1214,257
1194,257
1180,257
1166,257
1160,257
1151,257
1146,257
1074,257
1072,257
1020,257
963,257
857,257
841,257
807,257
793,257
668,257
645,257
637,257
612,257
478,257
374,257
313,257
242,257
233,257
203,257
159,257
158,257
145,257
111,257
63,257
27,257
1324,258
1290,258
1262,258
1136,258
1132,258
1104,258
1027,258
970,258
956,258
833,258
763,258
745,258
725,258
714,258
691,258
677,258
599,258
521,258
428,258
400,258
384,258
369,258
287,258
270,258
235,258
183,258
180,258
158,258
145,258
138,258
100,258
76,258
75,258
42,258
17,258
1344,259
1332,259
1320,259
1312,259
1311,259
1290,259
1008,259
982,259
980,259
972,259
962,259
916,259
882,259
727,259
724,259
671,259
639,259
593,259
552,259
550,259
548,259
512,259
387,259
348,259
276,259
274,259
176,259
109,259
105,259
73,259
52,259
47,259
44,259
31,259
25,259
1334,260
1324,260
1299,260
1290,260
1262,260
1217,260
1125,260
1104,260
1056,260
970,260
956,260
896,260
886,260
833,260
773,260
763,260
748,260
745,260
691,260
680,260
677,260
521,260
480,260
428,260
426,260
403,260
400,260
388,260
384,260
288,260
287,260
232,260
73,260
42,260
10,260
1297,261
1254,261
1246,261
1239,261
1227,261
1174,261
1173,261
1164,261
1160,261
1153,261
1135,261
1128,261
1123,261
1118,261
1080,261
1050,261
943,261
924,261
903,261
857,261
855,261
844,261
818,261
810,261
760,261
679,261
619,261
598,261
584,261
421,261
411,261
180,261
126,261
57,261
38,261
1334,262
1324,262
1321,262
1299,262
1262,262
1226,262
1217,262
1167,262
1125,262
1115,262
1104,262
1056,262
1027,262
993,262
970,262
956,262
896,262
833,262
763,262
748,262
745,262
725,262
680,262
677,262
521,262
400,262
388,262
384,262
288,262
287,262
232,262
183,262
73,262
10,262
6,262
1270,263
1268,263
1250,263
1237,263
1235,263
1232,263
1204,263
1187,263
1126,263
990,263
737,263
721,263
678,263
604,263
580,263
574,263
571,263
568,263
542,263
534,263
524,263
517,263
499,263
493,263
416,263
394,263
320,263
271,263
255,263
240,263
212,263
146,263
79,263
61,263
34,263
1334,264
1330,264
1324,264
1299,264
1262,264
1167,264
1125,264
1115,264
1104,264
1056,264
1027,264
970,264
833,264
773,264
769,264
764,264
748,264
745,264
725,264
697,264
691,264
677,264
521,264
426,264
400,264
397,264
388,264
384,264
288,264
287,264
232,264
183,264
164,264
75,264
10,264
1334,265
1290,265
1284,265
1269,265
1267,265
1262,265
1217,265
1167,265
1148,265
1125,265
1066,265
1049,265
1027,265
956,265
896,265
833,265
806,265
745,265
714,265
691,265
680,265
677,265
673,265
480,265
431,265
430,265
428,265
426,265
400,265
388,265
288,265
287,265
232,265
183,265
75,265
1299,266
1214,266
1152,266
1150,266
1147,266
1138,266
1132,266
1103,266
1095,266
1081,266
1050,266
1035,266
1012,266
976,266
801,266
798,266
746,266
745,266
697,266
674,266
660,266
643,266
531,266
525,266
418,266
385,266
369,266
362,266
286,266
222,266
119,266
108,266
102,266
63,266
61,266
1277,267
1206,267
1183,267
1148,267
1013,267
1008,267
925,267
904,267
860,267
840,267
747,267
680,267
643,267
641,267
548,267
528,267
502,267
498,267
475,267
441,267
437,267
375,267
354,267
312,267
263,267
246,267
228,267
200,267
174,267
121,267
113,267
96,267
79,267
42,267
1,267
1331,268
1306,268
1258,268
1111,268
1023,268
907,268
878,268
863,268
826,268
803,268
802,268
798,268
781,268
780,268
740,268
653,268
575,268
447,268
444,268
435,268
394,268
389,268
343,268
318,268
293,268
286,268
246,268
220,268
217,268
182,268
146,268
83,268
49,268
21,268
14,268
1336,269
1282,269
1278,269
1275,269
1191,269
1160,269
1153,269
1093,269
1083,269
1050,269
1045,269
1043,269
1034,269
1000,269
907,269
903,269
900,269
828,269
818,269
781,269
773,269
768,269
706,269
628,269
617,269
616,269
534,269
533,269
439,269
293,269
281,269
168,269
129,269
117,269
108,269
1334,270
1324,270
1299,270
1290,270
1262,270
1217,270
1167,270
1115,270
1104,270
1056,270
1027,270
896,270
833,270
773,270
763,270
748,270
745,270
680,270
677,270
480,270
403,270
400,270
397,270
388,270
384,270
357,270
347,270
288,270
287,270
232,270
183,270
164,270
73,270
66,270
10,270
1352,271
1207,271
1198,271
1162,271
1150,271
1061,271
966,271
950,271
944,271
943,271
925,271
904,271
876,271
851,271
847,271
830,271
719,271
675,271
642,271
594,271
546,271
532,271
531,271
409,271
386,271
385,271
377,271
355,271
312,271
306,271
266,271
237,271
223,271
110,271
61,271
1271,272
1225,272
1206,272
1180,272
1131,272
1107,272
1062,272
880,272
816,272
746,272
692,272
670,272
638,272
599,272
564,272
544,272
518,272
515,272
498,272
493,272
489,272
473,272
467,272
441,272
377,272
369,272
348,272
248,272
228,272
218,272
155,272
145,272
121,272
113,272
68,272
1306,273
1302,273
1301,273
1292,273
1286,273
1227,273
1183,273
1142,273
1090,273
999,273
990,273
925,273
851,273
842,273
753,273
642,273
623,273
610,273
541,273
457,273
449,273
426,273
378,273
375,273
372,273
351,273
346,273
332,273
330,273
312,273
223,273
93,273
79,273
42,273
24,273
1334,274
1324,274
1290,274
1262,274
1167,274
1125,274
1115,274
1104,274
1027,274
970,274
886,274
870,274
833,274
773,274
769,274
764,274
763,274
748,274
745,274
743,274
680,274
677,274
622,274
426,274
400,274
397,274
388,274
384,274
288,274
287,274
286,274
232,274
183,274
75,274
10,274
1327,275
1316,275
1284,275
1281,275
1243,275
1194,275
1096,275
1081,275
1012,275
899,275
846,275
842,275
722,275
679,275
672,275
666,275
634,275
627,275
621,275
619,275
568,275
540,275
526,275
524,275
480,275
446,275
428,275
411,275
378,275
371,275
280,275
178,275
166,275
91,275
73,275
1324,276
1299,276
1290,276
1262,276
1167,276
1148,276
1125,276
1115,276
1027,276
958,276
956,276
896,276
833,276
773,276
763,276
748,276
745,276
680,276
677,276
603,276
510,276
495,276
432,276
400,276
397,276
388,276
384,276
347,276
308,276
288,276
287,276
232,276
183,276
164,276
10,276
1323,277
1275,277
1227,277
1199,277
1181,277
1180,277
1155,277
1120,277
1099,277
1019,277
998,277
909,277
837,277
791,277
773,277
768,277
708,277
687,277
685,277
681,277
678,277
590,277
576,277
488,277
446,277
427,277
406,277
362,277
347,277
327,277
181,277
78,277
66,277
50,277
33,277
1333,278
1262,278
1250,278
1135,278
1077,278
1065,278
1029,278
956,278
922,278
896,278
763,278
704,278
691,278
682,278
680,278
628,278
607,278
539,278
515,278
507,278
504,278
501,278
431,278
428,278
376,278
357,278
309,278
306,278
272,278
75,278
73,278
54,278
42,278
34,278
29,278
1212,279
1193,279
1098,279
1071,279
1057,279
1001,279
943,279
926,279
889,279
876,279
875,279
865,279
850,279
813,279
792,279
736,279
729,279
715,279
714,279
681,279
627,279
597,279
551,279
543,279
536,279
535,279
383,279
322,279
222,279
198,279
119,279
114,279
110,279
76,279
28,279
1342,280
1335,280
1306,280
1284,280
1254,280
1246,280
1236,280
1216,280
1128,280
1064,280
1010,280
996,280
976,280
907,280
900,280
858,280
848,280
827,280
707,280
681,280
664,280
638,280
626,280
447,280
271,280
269,280
268,280
189,280
182,280
160,280
158,280
93,280
51,280
23,280
15,280
1348,281
1315,281
1297,281
1246,281
1214,281
1181,281
1169,281
1097,281
1039,281
913,281
900,281
864,281
860,281
855,281
766,281
708,281
663,281
662,281
619,281
598,281
588,281
491,281
456,281
447,281
427,281
411,281
403,281
397,281
374,281
301,281
287,281
232,281
168,281
74,281
11,281
1333,282
1295,282
1293,282
1280,282
1274,282
1268,282
1236,282
1173,282
1159,282
1140,282
1124,282
1123,282
1099,282
1065,282
1060,282
1048,282
1032,282
842,282
822,282
821,282
769,282
716,282
686,282
628,282
598,282
462,282
293,282
266,282
227,282
204,282
178,282
145,282
63,282
46,282
24,282
1334,283
1324,283
1299,283
1262,283
1217,283
1167,283
1125,283
1104,283
1027,283
970,283
896,283
886,283
833,283
773,283
769,283
764,283
763,283
748,283
745,283
725,283
680,283
677,283
521,283
480,283
428,283
426,283
400,283
388,283
384,283
347,283
287,283
232,283
183,283
175,283
75,283
1324,284
1309,284
1300,284
1294,284
1217,284
1174,284
1138,284
1108,284
1089,284
1065,284
931,284
912,284
885,284
881,284
828,284
708,284
705,284
685,284
683,284
634,284
628,284
620,284
488,284
411,284
385,284
309,284
294,284
283,284
280,284
116,284
108,284
104,284
97,284
69,284
66,284
1299,285
1296,285
1269,285
1136,285
1110,285
1097,285
1087,285
1082,285
986,285
928,285
880,285
817,285
746,285
655,285
638,285
625,285
609,285
599,285
545,285
539,285
531,285
527,285
520,285
511,285
509,285
506,285
493,285
480,285
429,285
428,285
232,285
207,285
193,285
93,285
54,285
1333,286
1295,286
1293,286
1280,286
1274,286
1268,286
1173,286
1159,286
1140,286
1124,286
1099,286
1065,286
1060,286
1048,286
976,286
842,286
821,286
769,286
716,286
686,286
679,286
628,286
598,286
462,286
293,286
266,286
227,286
204,286
178,286
175,286
154,286
145,286
63,286
46,286
24,286
1342,287
1323,287
1297,287
1243,287
1241,287
1227,287
1180,287
1179,287
1172,287
1135,287
1127,287
1123,287
1099,287
844,287
837,287
724,287
716,287
710,287
683,287
650,287
615,287
446,287
427,287
406,287
362,287
331,287
327,287
297,287
286,287
275,287
181,287
86,287
82,287
78,287
44,287
1332,288
1312,288
1311,288
1299,288
1262,288
1261,288
1167,288
1115,288
1007,288
980,288
896,288
817,288
727,288
677,288
639,288
614,288
593,288
489,288
465,288
412,288
400,288
352,288
348,288
278,288
186,288
164,288
159,288
111,288
94,288
52,288
48,288
47,288
32,288
31,288
25,288
1353,289
1295,289
1280,289
1274,289
1194,289
1191,289
1160,289
1156,289
1135,289
1127,289
1031,289
1029,289
1005,289
939,289
926,289
879,289
845,289
813,289
807,289
775,289
763,289
668,289
612,289
526,289
454,289
374,289
356,289
324,289
306,289
256,289
242,289
233,289
203,289
158,289
119,289
1284,290
1280,290
1255,290
1249,290
1197,290
1146,290
1114,290
1097,290
1092,290
1085,290
1012,290
858,290
855,290
851,290
849,290
843,290
717,290
655,290
625,290
611,290
592,290
509,290
502,290
449,290
293,290
235,290
229,290
189,290
182,290
175,290
90,290
51,290
42,290
15,290
12,290
1338,291
1321,291
1223,291
1139,291
1079,291
1057,291
1045,291
1016,291
996,291
979,291
970,291
952,291
871,291
848,291
843,291
821,291
715,291
682,291
644,291
619,291
588,291
560,291
501,291
476,291
370,291
293,291
246,291
237,291
235,291
166,291
160,291
158,291
44,291
11,291
6,291
1333,292
1295,292
1293,292
1280,292
1274,292
1268,292
1173,292
1159,292
1140,292
1124,292
1099,292
1065,292
1060,292
1048,292
1032,292
842,292
821,292
769,292
716,292
686,292
679,292
628,292
598,292
462,292
293,292
266,292
227,292
204,292
178,292
175,292
154,292
145,292
63,292
46,292
24,292
1334,293
1324,293
1262,293
1225,293
1167,293
1124,293
1115,293
1104,293
1102,293
1084,293
1017,293
1002,293
970,293
930,293
896,293
841,293
833,293
769,293
763,293
748,293
745,293
725,293
677,293
631,293
618,293
521,293
501,293
476,293
428,293
400,293
397,293
378,293
287,293
159,293
10,293
1294,294
1227,294
1218,294
1208,294
1120,294
1083,294
1076,294
1060,294
1050,294
976,294
959,294
944,294
912,294
907,294
881,294
803,294
787,294
768,294
761,294
757,294
693,294
685,294
634,294
579,294
575,294
549,294
423,294
418,294
408,294
108,294
84,294
66,294
63,294
41,294
28,294
1136,295
1127,295
1107,295
1062,295
1050,295
993,295
946,295
869,295
774,295
746,295
692,295
656,295
638,295
617,295
599,295
557,295
544,295
543,295
528,295
492,295
489,295
484,295
464,295
462,295
430,295
348,295
321,295
308,295
248,295
211,295
165,295
160,295
145,295
132,295
90,295
1334,296
1324,296
1290,296
1262,296
1167,296
1160,296
1115,296
1104,296
1056,296
970,296
886,296
773,296
769,296
764,296
748,296
745,296
743,296
725,296
697,296
691,296
680,296
677,296
616,296
432,296
400,296
397,296
318,296
308,296
288,296
287,296
232,296
193,296
164,296
110,296
80,296
1332,297
1312,297
1311,297
1299,297
1262,297
1261,297
1167,297
1115,297
1007,297
980,297
896,297
817,297
727,297
677,297
639,297
614,297
593,297
489,297
465,297
412,297
400,297
352,297
348,297
278,297
186,297
164,297
159,297
111,297
94,297
52,297
48,297
47,297
32,297
31,297
25,297
1333,298
1295,298
1293,298
1280,298
1274,298
1268,298
1236,298
1173,298
1159,298
1140,298
1124,298
1099,298
1072,298
1065,298
1048,298
1032,298
842,298
822,298
821,298
769,298
716,298
686,298
660,298
628,298
598,298
462,298
293,298
266,298
227,298
204,298
178,298
145,298
63,298
46,298
24,298
1280,299
1254,299
1247,299
1194,299
1184,299
1114,299
1101,299
1096,299
1059,299
1031,299
1029,299
918,299
873,299
793,299
763,299
731,299
646,299
600,299
592,299
585,299
546,299
533,299
508,299
497,299
456,299
454,299
402,299
356,299
301,299
279,299
256,299
232,299
40,299
35,299
34,299
1344,300
1323,300
1228,300
1224,300
1216,300
916,300
882,300
863,300
837,300
832,300
797,300
746,300
727,300
724,300
671,300
606,300
593,300
575,300
550,300
512,300
446,300
418,300
387,300
365,300
289,300
276,300
253,300
181,300
111,300
82,300
78,300
47,300
44,300
28,300
18,300
1333,301
1295,301
1293,301
1280,301
1274,301
1268,301
1239,301
1173,301
1159,301
1140,301
1124,301
1099,301
1065,301
1060,301
1048,301
842,301
822,301
821,301
769,301
716,301
686,301
679,301
628,301
598,301
462,301
293,301
289,301
266,301
204,301
178,301
154,301
145,301
63,301
46,301
24,301
1323,302
1294,302
1291,302
1211,302
1169,302
1149,302
1141,302
1045,302
1035,302
1005,302
976,302
906,302
887,302
879,302
844,302
817,302
803,302
802,302
797,302
791,302
787,302
781,302
775,302
712,302
664,302
439,302
423,302
417,302
352,302
303,302
302,302
181,302
74,302
69,302
17,302
1334,303
1324,303
1299,303
1262,303
1167,303
1148,303
1125,303
1104,303
1027,303
988,303
970,303
956,303
930,303
886,303
869,303
841,303
833,303
769,303
748,303
745,303
725,303
697,303
691,303
677,303
599,303
521,303
426,303
400,303
384,303
308,303
287,303
232,303
172,303
159,303
10,303
1302,304
1294,304
1263,304
1255,304
1197,304
1183,304
1013,304
904,304
883,304
840,304
810,304
747,304
642,304
641,304
623,304
539,304
532,304
520,304
480,304
449,304
428,304
426,304
375,304
372,304
354,304
346,304
308,304
223,304
215,304
173,304
168,304
122,304
79,304
74,304
42,304
1302,305
1301,305
1286,305
1277,305
1232,305
1183,305
1142,305
1090,305
999,305
990,305
966,305
925,305
830,305
753,305
742,305
719,305
680,305
642,305
623,305
610,305
563,305
531,305
457,305
449,305
426,305
424,305
375,305
372,305
346,305
332,305
312,305
229,305
223,305
79,305
42,305
1344,306
1332,306
1320,306
1312,306
1311,306
1224,306
1008,306
1007,306
982,306
980,306
972,306
962,306
916,306
882,306
727,306
724,306
671,306
639,306
593,306
552,306
550,306
548,306
512,306
387,306
348,306
276,306
274,306
176,306
109,306
105,306
52,306
47,306
44,306
31,306
25,306
1333,307
1295,307
1280,307
1268,307
1184,307
1173,307
1159,307
1140,307
1124,307
1099,307
1065,307
1060,307
1048,307
1014,307
842,307
822,307
821,307
802,307
769,307
716,307
682,307
679,307
628,307
598,307
545,307
462,307
418,307
293,307
204,307
154,307
145,307
63,307
56,307
46,307
24,307
1334,308
1324,308
1262,308
1167,308
1125,308
1115,308
1104,308
1056,308
1027,308
970,308
930,308
833,308
773,308
769,308
748,308
745,308
725,308
714,308
691,308
680,308
677,308
521,308
501,308
426,308
400,308
384,308
347,308
333,308
287,308
250,308
232,308
75,308
67,308
10,308
6,308
1319,309
1296,309
1280,309
1253,309
1243,309
1228,309
1207,309
1198,309
1183,309
1162,309
1150,309
1145,309
1072,309
967,309
900,309
891,309
809,309
807,309
797,309
769,309
753,309
702,309
627,309
554,309
545,309
491,309
462,309
324,309
277,309
235,309
215,309
173,309
149,309
99,309
27,309
1334,310
1234,310
1227,310
1223,310
1220,310
1128,310
1056,310
979,310
970,310
965,310
900,310
873,310
855,310
822,310
805,310
792,310
732,310
715,310
687,310
663,310
640,310
599,310
598,310
462,310
370,310
246,310
236,310
180,310
166,310
149,310
110,310
100,310
67,310
42,310
12,310
1284,311
1280,311
1255,311
1246,311
1172,311
1169,311
1160,311
1159,311
1139,311
1122,311
1114,311
1106,311
1092,311
1057,311
1010,311
1006,311
996,311
858,311
851,311
844,311
717,311
681,311
622,311
611,311
592,311
287,311
284,311
270,311
198,311
151,311
118,311
90,311
41,311
15,311
6,311
1275,312
1263,312
1260,312
1255,312
1249,312
1248,312
1186,312
1176,312
1096,312
1069,312
1059,312
1015,312
859,312
853,312
843,312
841,312
801,312
773,312
772,312
680,312
656,312
646,312
480,312
447,312
428,312
418,312
325,312
310,312
289,312
258,312
191,312
159,312
122,312
52,312
41,312
1284,313
1255,313
1242,313
1133,313
1114,313
1101,313
1065,313
1059,313
1012,313
1010,313
1006,313
886,313
861,313
858,313
767,313
717,313
647,313
611,313
588,313
505,313
333,313
270,313
250,313
235,313
198,313
187,313
160,313
157,313
143,313
135,313
118,313
90,313
76,313
7,313
6,313
1323,314
1231,314
1216,314
1173,314
1130,314
1099,314
1097,314
1085,314
1064,314
1045,314
1019,314
978,314
886,314
781,314
769,314
660,314
632,314
615,314
612,314
575,314
546,314
541,314
539,314
422,314
325,314
260,314
235,314
233,314
214,314
200,314
168,314
122,314
76,314
74,314
64,314
1334,315
1324,315
1299,315
1262,315
1171,315
1167,315
1125,315
1115,315
1104,315
1087,315
1056,315
1027,315
970,315
956,315
896,315
863,315
833,315
769,315
748,315
745,315
743,315
725,315
691,315
677,315
584,315
576,315
521,315
426,315
400,315
397,315
384,315
288,315
287,315
232,315
10,315
1306,316
1252,316
1212,316
1185,316
1150,316
1068,316
1001,316
959,316
956,316
943,316
878,316
820,316
789,316
762,316
755,316
748,316
644,316
634,316
579,316
577,316
535,316
481,316
448,316
431,316
409,316
363,316
362,316
355,316
266,316
222,316
168,316
81,316
63,316
61,316
39,316
1308,317
1292,317
1288,317
1278,317
1267,317
1246,317
1235,317
1221,317
1214,317
1205,317
1194,317
1168,317
1152,317
1150,317
1019,317
998,317
886,317
882,317
876,317
837,317
824,317
769,317
724,317
688,317
687,317
645,317
607,317
593,317
550,317
526,317
512,317
476,317
462,317
442,317
57,317
1334,318
1324,318
1299,318
1290,318
1262,318
1167,318
1148,318
1125,318
1104,318
1056,318
1027,318
970,318
956,318
896,318
833,318
773,318
764,318
748,318
745,318
743,318
725,318
697,318
680,318
677,318
400,318
397,318
388,318
384,318
347,318
288,318
287,318
232,318
183,318
67,318
10,318
1333,319
1295,319
1293,319
1280,319
1274,319
1268,319
1173,319
1159,319
1140,319
1124,319
1099,319
1065,319
1060,319
1048,319
842,319
821,319
769,319
716,319
686,319
679,319
628,319
598,319
462,319
293,319
266,319
227,319
204,319
178,319
175,319
154,319
145,319
97,319
63,319
46,319
24,319
1300,320
1295,320
1246,320
1216,320
1194,320
1181,320
1174,320
1155,320
1141,320
1138,320
1118,320
1089,320
1016,320
996,320
976,320
927,320
922,320
844,320
810,320
768,320
749,320
724,320
708,320
679,320
549,320
526,320
488,320
411,320
403,320
289,320
253,320
69,320
57,320
42,320
34,320
1324,321
1299,321
1269,321
1262,321
1217,321
1167,321
1125,321
1115,321
1107,321
1104,321
1056,321
1027,321
970,321
833,321
773,321
763,321
748,321
745,321
680,321
677,321
632,321
564,321
480,321
403,321
400,321
397,321
388,321
384,321
357,321
288,321
287,321
232,321
164,321
67,321
10,321
1334,322
1324,322
1262,322
1212,322
1185,322
1167,322
1136,322
1104,322
1044,322
1005,322
979,322
970,322
952,322
891,322
869,322
848,322
810,322
769,322
755,322
748,322
745,322
725,322
691,322
677,322
676,322
633,322
378,322
287,322
255,322
246,322
232,322
212,322
193,322
166,322
67,322
1334,323
1324,323
1299,323
1262,323
1217,323
1167,323
1121,323
1115,323
1104,323
1056,323
1027,323
970,323
956,323
896,323
833,323
773,323
769,323
763,323
748,323
745,323
725,323
680,323
677,323
521,323
400,323
388,323
384,323
347,323
288,323
287,323
232,323
183,323
164,323
10,323
6,323
1334,324
1324,324
1290,324
1269,324
1262,324
1217,324
1167,324
1125,324
1104,324
970,324
956,324
896,324
886,324
858,324
816,324
773,324
763,324
748,324
745,324
691,324
680,324
677,324
630,324
480,324
428,324
400,324
357,324
288,324
287,324
217,324
183,324
73,324
66,324
42,324
10,324
1334,325
1324,325
1299,325
1262,325
1217,325
1190,325
1167,325
1115,325
1104,325
1056,325
1027,325
970,325
956,325
896,325
833,325
773,325
763,325
748,325
745,325
725,325
680,325
677,325
521,325
400,325
397,325
388,325
384,325
347,325
288,325
287,325
232,325
183,325
164,325
73,325
10,325
1334,326
1324,326
1262,326
1225,326
1167,326
1124,326
1115,326
1104,326
1102,326
1084,326
1056,326
1002,326
970,326
930,326
896,326
841,326
833,326
769,326
763,326
748,326
745,326
725,326
677,326
631,326
618,326
521,326
501,326
476,326
428,326
400,326
397,326
378,326
287,326
159,326
10,326
1334,327
1299,327
1290,327
1269,327
1217,327
1167,327
1127,327
1104,327
928,327
923,327
896,327
833,327
763,327
692,327
677,327
638,327
564,327
539,327
506,327
493,327
480,327
431,327
428,327
426,327
409,327
400,327
347,327
321,327
287,327
232,327
193,327
183,327
67,327
54,327
10,327
1334,328
1324,328
1299,328
1262,328
1217,328
1207,328
1167,328
1115,328
1104,328
1027,328
970,328
869,328
833,328
763,328
748,328
745,328
725,328
680,328
677,328
617,328
521,328
426,328
400,328
397,328
388,328
384,328
375,328
347,328
288,328
287,328
232,328
175,328
164,328
54,328
10,328
1334,329
1262,329
1170,329
1167,329
1148,329
1125,329
1115,329
1066,329
1054,329
1049,329
896,329
841,329
833,329
812,329
764,329
745,329
743,329
691,329
677,329
637,329
598,329
564,329
431,329
426,329
400,329
384,329
314,329
288,329
287,329
232,329
183,329
159,329
131,329
85,329
67,329
1334,330
1324,330
1299,330
1290,330
1262,330
1217,330
1167,330
1115,330
1104,330
1056,330
1027,330
970,330
956,330
896,330
833,330
773,330
763,330
748,330
745,330
725,330
680,330
677,330
521,330
400,330
397,330
388,330
384,330
347,330
288,330
287,330
232,330
183,330
164,330
73,330
10,330
1299,331
1275,331
1262,331
1167,331
1125,331
1104,331
1056,331
1027,331
970,331
880,331
816,331
748,331
746,331
677,331
638,331
599,331
598,331
544,331
518,331
489,331
441,331
421,331
400,331
348,331
308,331
288,331
287,331
248,331
232,331
225,331
218,331
186,331
171,331
164,331
145,331
1334,332
1330,332
1324,332
1262,332
1192,332
1167,332
1132,332
1125,332
1056,332
1027,332
970,332
896,332
833,332
764,332
762,332
745,332
743,332
725,332
683,332
677,332
634,332
564,332
521,332
400,332
388,332
384,332
347,332
323,332
319,332
308,332
288,332
287,332
232,332
183,332
10,332
1322,333
1309,333
1164,333
1032,333
967,333
957,333
913,333
881,333
864,333
802,333
771,333
749,333
676,333
674,333
636,333
602,333
577,333
557,333
555,333
492,333
486,333
326,333
314,333
306,333
304,333
296,333
195,333
161,333
159,333
102,333
97,333
59,333
58,333
43,333
38,333
1347,334
1268,334
1267,334
1141,334
1125,334
1123,334
1090,334
1083,334
1022,334
1008,334
1007,334
992,334
991,334
968,334
967,334
899,334
846,334
760,334
749,334
723,334
676,334
636,334
548,334
495,334
459,334
357,334
342,334
301,334
161,334
99,334
82,334
62,334
57,334
37,334
0,334
1259,335
1257,335
1246,335
1231,335
1229,335
1223,335
1216,335
1171,335
1157,335
1130,335
1054,335
981,335
947,335
941,335
926,335
921,335
871,335
868,335
867,335
854,335
844,335
810,335
806,335
776,335
774,335
588,335
496,335
483,335
481,335
246,335
199,335
190,335
166,335
122,335
110,335
1262,336
1185,336
1168,336
1167,336
1158,336
1148,336
1137,336
1125,336
1115,336
1104,336
1072,336
985,336
970,336
886,336
769,336
766,336
764,336
748,336
745,336
743,336
725,336
691,336
677,336
633,336
625,336
599,336
518,336
397,336
308,336
287,336
232,336
172,336
66,336
64,336
10,336
1307,337
1287,337
1247,337
1246,337
1190,337
1188,337
1121,337
1028,337
1014,337
992,337
978,337
951,337
906,337
894,337
878,337
802,337
793,337
780,337
777,337
764,337
734,337
668,337
664,337
659,337
654,337
575,337
418,337
405,337
376,337
318,337
123,337
61,337
56,337
33,337
29,337
1334,338
1324,338
1290,338
1269,338
1262,338
1154,338
1148,338
1125,338
1107,338
1013,338
896,338
886,338
870,338
858,338
773,338
763,338
748,338
747,338
745,338
714,338
697,338
691,338
680,338
677,338
502,338
480,338
432,338
428,338
426,338
354,338
183,338
174,338
96,338
73,338
10,338
1334,339
1324,339
1299,339
1290,339
1262,339
1217,339
1167,339
1115,339
1104,339
1056,339
1027,339
970,339
956,339
896,339
833,339
773,339
748,339
745,339
691,339
680,339
677,339
521,339
431,339
400,339
397,339
388,339
384,339
347,339
288,339
287,339
232,339
183,339
164,339
73,339
10,339
1347,340
1314,340
1268,340
1187,340
1141,340
1125,340
1123,340
1083,340
996,340
980,340
913,340
899,340
832,340
760,340
759,340
749,340
748,340
676,340
637,340
636,340
632,340
521,340
459,340
342,340
331,340
329,340
225,340
177,340
161,340
89,340
82,340
73,340
57,340
37,340
0,340
1334,341
1324,341
1299,341
1262,341
1170,341
1167,341
1148,341
1125,341
1104,341
1056,341
1027,341
970,341
956,341
886,341
870,341
833,341
816,341
812,341
764,341
748,341
745,341
743,341
691,341
680,341
677,341
400,341
388,341
384,341
308,341
288,341
287,341
232,341
164,341
131,341
10,341
1324,342
1299,342
1262,342
1217,342
1167,342
1158,342
1115,342
1104,342
1056,342
1019,342
988,342
970,342
896,342
886,342
869,342
833,342
769,342
748,342
745,342
725,342
691,342
680,342
677,342
521,342
400,342
397,342
395,342
384,342
378,342
287,342
193,342
164,342
80,342
74,342
10,342
1303,343
1277,343
1084,343
1050,343
1002,343
977,343
963,343
816,343
742,343
507,343
503,343
501,343
489,343
460,343
441,343
424,343
376,343
310,343
299,343
247,343
206,343
194,343
189,343
172,343
152,343
140,343
137,343
132,343
96,343
90,343
70,343
45,343
5,343
4,343
1,343
1303,344
1277,344
1135,344
1124,344
1090,344
963,344
928,344
862,344
841,344
826,344
763,344
742,344
605,344
530,344
489,344
472,344
460,344
339,344
310,344
301,344
299,344
272,344
253,344
198,344
189,344
169,344
144,344
140,344
132,344
110,344
90,344
41,344
5,344
4,344
1,344
1334,345
1324,345
1299,345
1290,345
1269,345
1262,345
1167,345
1148,345
1104,345
1056,345
1027,345
970,345
956,345
833,345
806,345
763,345
762,345
745,345
743,345
725,345
714,345
680,345
677,345
521,345
480,345
428,345
400,345
397,345
378,345
288,345
287,345
232,345
183,345
67,345
10,345
1334,346
1290,346
1284,346
1265,346
1236,346
1159,346
1107,346
1104,346
1010,346
938,346
909,346
896,346
886,346
867,346
858,346
846,346
839,346
817,346
745,346
744,346
714,346
696,346
691,346
680,346
677,346
675,346
658,346
480,346
428,346
293,346
268,346
150,346
87,346
67,346
13,346
1334,347
1299,347
1262,347
1250,347
1217,347
1167,347
1115,347
1104,347
1087,347
1056,347
1027,347
970,347
896,347
833,347
763,347
748,347
680,347
677,347
480,347
431,347
428,347
426,347
400,347
388,347
384,347
357,347
287,347
232,347
183,347
166,347
164,347
75,347
73,347
67,347
3,347
1334,348
1324,348
1299,348
1290,348
1262,348
1217,348
1167,348
1148,348
1125,348
1115,348
1104,348
1056,348
1027,348
993,348
970,348
896,348
833,348
763,348
748,348
745,348
739,348
691,348
680,348
677,348
431,348
400,348
397,348
388,348
384,348
288,348
287,348
232,348
164,348
73,348
10,348
1290,349
1262,349
1217,349
1167,349
1163,349
1132,349
1125,349
1115,349
1104,349
970,349
956,349
896,349
773,349
769,349
748,349
745,349
738,349
711,349
680,349
677,349
638,349
564,349
493,349
480,349
452,349
428,349
426,349
400,349
384,349
288,349
287,349
229,349
183,349
73,349
10,349
1334,350
1324,350
1299,350
1269,350
1262,350
1167,350
1125,350
1115,350
1104,350
1056,350
1027,350
970,350
956,350
896,350
833,350
773,350
745,350
741,350
725,350
697,350
691,350
680,350
677,350
521,350
400,350
397,350
388,350
384,350
347,350
288,350
287,350
232,350
183,350
164,350
10,350
1334,351
1324,351
1299,351
1284,351
1262,351
1217,351
1167,351
1132,351
1115,351
1104,351
1056,351
1027,351
1010,351
993,351
970,351
956,351
896,351
858,351
833,351
763,351
745,351
725,351
680,351
677,351
521,351
400,351
397,351
388,351
384,351
288,351
287,351
232,351
15,351
10,351
6,351
1334,352
1324,352
1299,352
1262,352
1217,352
1167,352
1125,352
1115,352
1104,352
1056,352
1027,352
970,352
956,352
886,352
833,352
773,352
769,352
748,352
745,352
725,352
697,352
691,352
680,352
677,352
521,352
400,352
388,352
384,352
308,352
288,352
287,352
232,352
183,352
164,352
10,352
1307,353
1287,353
1247,353
1246,353
1190,353
1141,353
1121,353
1028,353
1014,353
978,353
906,353
894,353
878,353
802,353
793,353
780,353
764,353
749,353
734,353
733,353
668,353
662,353
654,353
647,353
575,353
505,353
418,353
405,353
376,353
318,353
123,353
57,353
56,353
33,353
29,353
1334,354
1324,354
1262,354
1167,354
1125,354
1115,354
1104,354
1056,354
1027,354
970,354
956,354
930,354
833,354
773,354
769,354
748,354
745,354
725,354
714,354
691,354
680,354
677,354
521,354
501,354
426,354
400,354
388,354
384,354
347,354
333,354
288,354
287,354
250,354
232,354
10,354
1337,355
1234,355
1213,355
1123,355
1081,355
1060,355
1038,355
924,355
892,355
828,355
803,355
779,355
768,355
758,355
756,355
750,355
749,355
745,355
740,355
735,355
706,355
693,355
683,355
679,355
636,355
630,355
549,355
485,355
427,355
344,355
195,355
161,355
117,355
101,355
97,355
1324,356
1299,356
1290,356
1262,356
1225,356
1167,356
1115,356
1104,356
1084,356
1056,356
1027,356
1002,356
994,356
970,356
947,356
941,356
930,356
863,356
833,356
790,356
769,356
763,356
745,356
691,356
677,356
594,356
584,356
576,356
560,356
521,356
400,356
232,356
183,356
66,356
10,356
1334,357
1324,357
1299,357
1262,357
1217,357
1167,357
1115,357
1104,357
1056,357
1027,357
970,357
956,357
896,357
833,357
773,357
763,357
748,357
745,357
734,357
725,357
680,357
677,357
521,357
400,357
397,357
388,357
384,357
288,357
287,357
232,357
183,357
164,357
73,357
10,357
6,357
1334,358
1324,358
1299,358
1290,358
1262,358
1217,358
1167,358
1115,358
1104,358
1056,358
1027,358
970,358
956,358
938,358
896,358
858,358
833,358
773,358
748,358
745,358
680,358
677,358
431,358
400,358
397,358
388,358
384,358
347,358
288,358
287,358
232,358
183,358
164,358
73,358
10,358
1334,359
1321,359
1290,359
1284,359
1267,359
1265,359
1251,359
1159,359
1105,359
1098,359
1067,359
938,359
932,359
909,359
896,359
874,359
846,359
839,359
838,359
821,359
737,359
696,359
680,359
677,359
675,359
658,359
644,359
564,359
480,359
479,359
428,359
268,359
248,359
73,359
13,359
1321,360
1299,360
1290,360
1262,360
1226,360
1217,360
1167,360
1125,360
1115,360
1104,360
1056,360
1027,360
993,360
970,360
896,360
833,360
773,360
748,360
680,360
677,360
431,360
426,360
400,360
397,360
388,360
384,360
357,360
347,360
288,360
287,360
232,360
183,360
164,360
73,360
10,360
1334,361
1324,361
1284,361
1262,361
1217,361
1167,361
1115,361
1104,361
1056,361
1027,361
1010,361
970,361
896,361
858,361
833,361
748,361
745,361
680,361
677,361
543,361
521,361
400,361
388,361
384,361
333,361
288,361
287,361
250,361
235,361
232,361
151,361
76,361
73,361
15,361
10,361
1324,362
1299,362
1262,362
1217,362
1167,362
1158,362
1115,362
1104,362
1056,362
970,362
896,362
833,362
773,362
769,362
763,362
748,362
745,362
725,362
691,362
680,362
677,362
521,362
480,362
428,362
426,362
400,362
397,362
384,362
288,362
287,362
232,362
183,362
172,362
164,362
10,362
1334,363
1299,363
1290,363
1262,363
1167,363
1125,363
1104,363
988,363
970,363
896,363
886,363
833,363
748,363
742,363
697,363
680,363
677,363
460,363
432,363
426,363
400,363
397,363
388,363
384,363
347,363
308,363
288,363
287,363
193,363
140,363
132,363
90,363
74,363
10,363
5,363
1324,364
1299,364
1262,364
1217,364
1167,364
1158,364
1115,364
1104,364
1056,364
970,364
896,364
833,364
773,364
769,364
763,364
748,364
745,364
725,364
691,364
680,364
677,364
521,364
480,364
428,364
426,364
400,364
397,364
384,364
288,364
287,364
232,364
183,364
172,364
164,364
10,364
1334,365
1324,365
1299,365
1290,365
1262,365
1217,365
1167,365
1125,365
1115,365
1104,365
1027,365
970,365
896,365
870,365
833,365
773,365
764,365
748,365
745,365
743,365
680,365
677,365
521,365
400,365
397,365
388,365
384,365
347,365
308,365
288,365
287,365
232,365
183,365
164,365
10,365
1334,366
1324,366
1284,366
1262,366
1217,366
1167,366
1115,366
1104,366
1056,366
1027,366
1010,366
970,366
896,366
858,366
833,366
748,366
745,366
680,366
677,366
521,366
400,366
397,366
388,366
384,366
333,366
288,366
287,366
250,366
235,366
232,366
151,366
90,366
73,366
15,366
10,366
1299,367
1121,367
1056,367
1001,367
928,367
921,367
880,367
833,367
746,367
670,367
654,367
638,367
564,367
544,367
539,367
518,367
515,367
499,367
493,367
489,367
441,367
348,367
287,367
251,367
248,367
232,367
218,367
165,367
160,367
132,367
118,367
90,367
88,367
67,367
12,367
1334,368
1324,368
1299,368
1262,368
1217,368
1167,368
1121,368
1115,368
1104,368
1056,368
1027,368
970,368
956,368
896,368
833,368
773,368
769,368
748,368
745,368
725,368
680,368
677,368
654,368
592,368
521,368
513,368
400,368
388,368
384,368
287,368
232,368
183,368
164,368
88,368
10,368
1334,369
1324,369
1299,369
1290,369
1262,369
1217,369
1167,369
1125,369
1104,369
1056,369
1027,369
970,369
956,369
896,369
833,369
773,369
764,369
745,369
743,369
725,369
697,369
691,369
680,369
677,369
521,369
400,369
388,369
384,369
347,369
308,369
288,369
287,369
232,369
183,369
10,369
1334,370
1324,370
1321,370
1299,370
1262,370
1226,370
1217,370
1167,370
1125,370
1115,370
1104,370
1056,370
1027,370
993,370
970,370
956,370
896,370
833,370
763,370
748,370
745,370
725,370
680,370
677,370
521,370
400,370
388,370
384,370
287,370
232,370
183,370
164,370
73,370
10,370
6,370
1340,371
1325,371
1275,371
1262,371
1177,371
1167,371
1137,371
1115,371
1104,371
1061,371
1056,371
993,371
970,371
769,371
746,371
677,371
656,371
601,371
559,371
557,371
501,371
484,371
463,371
410,371
400,371
384,371
360,371
287,371
272,371
232,371
160,371
145,371
132,371
90,371
26,371
1331,372
1330,372
1324,372
1301,372
1262,372
1261,372
1152,372
1148,372
1066,372
1049,372
988,372
905,372
870,372
866,372
812,372
806,372
764,372
751,372
745,372
743,372
691,372
680,372
677,372
610,372
502,372
499,372
437,372
432,372
345,372
312,372
308,372
263,372
254,372
249,372
85,372
1334,373
1324,373
1299,373
1262,373
1167,373
1132,373
1125,373
1104,373
1056,373
1027,373
970,373
956,373
896,373
833,373
773,373
769,373
748,373
745,373
743,373
725,373
691,373
680,373
677,373
521,373
426,373
400,373
388,373
384,373
347,373
288,373
287,373
232,373
183,373
67,373
10,373
1299,374
1296,374
1269,374
1136,374
1097,374
1087,374
986,374
928,374
923,374
880,374
746,374
655,374
638,374
625,374
609,374
599,374
545,374
539,374
531,374
527,374
520,374
511,374
509,374
506,374
493,374
489,374
487,374
480,374
429,374
428,374
232,374
207,374
193,374
93,374
54,374
1334,375
1324,375
1290,375
1262,375
1217,375
1214,375
1167,375
1158,375
1148,375
1104,375
970,375
896,375
886,375
847,375
773,375
769,375
763,375
748,375
745,375
743,375
691,375
680,375
677,375
521,375
503,375
428,375
400,375
397,375
384,375
357,375
288,375
287,375
183,375
73,375
10,375
1324,376
1299,376
1262,376
1217,376
1167,376
1158,376
1115,376
1104,376
1056,376
970,376
896,376
833,376
773,376
769,376
763,376
748,376
745,376
725,376
691,376
680,376
677,376
521,376
480,376
428,376
426,376
400,376
397,376
384,376
288,376
287,376
232,376
183,376
172,376
164,376
10,376
1310,377
1283,377
1279,377
1131,377
988,377
940,377
867,377
760,377
742,377
714,377
704,377
659,377
592,377
518,377
515,377
499,377
491,377
483,377
441,377
432,377
259,377
257,377
253,377
248,377
246,377
238,377
218,377
187,377
179,377
142,377
136,377
132,377
123,377
122,377
87,377
1334,378
1324,378
1299,378
1262,378
1167,378
1125,378
1104,378
1056,378
1027,378
970,378
956,378
896,378
833,378
773,378
760,378
745,378
743,378
725,378
697,378
691,378
680,378
677,378
521,378
426,378
400,378
388,378
384,378
347,378
308,378
288,378
287,378
232,378
183,378
67,378
10,378
1332,379
1311,379
1290,379
1262,379
1201,379
1167,379
1027,379
1008,379
1007,379
980,379
962,379
745,379
727,379
677,379
657,379
639,379
552,379
548,379
465,379
412,379
400,379
397,379
388,379
384,379
348,379
287,379
274,379
232,379
164,379
73,379
52,379
47,379
31,379
25,379
10,379
1351,380
1301,380
1266,380
1223,380
1136,380
1061,380
1059,380
920,380
871,380
855,380
805,380
763,380
598,380
588,380
565,380
519,380
503,380
502,380
494,380
484,380
462,380
457,380
271,380
260,380
222,380
198,380
180,380
160,380
149,380
135,380
100,380
76,380
44,380
12,380
7,380
1337,381
1224,381
1204,381
1191,381
1103,381
1039,381
934,381
927,381
922,381
920,381
901,381
890,381
807,381
803,381
768,381
761,381
760,381
758,381
738,381
706,381
672,381
636,381
606,381
603,381
569,381
568,381
485,381
423,381
383,381
292,381
195,381
161,381
89,381
84,381
44,381
1334,382
1324,382
1262,382
1167,382
1148,382
1125,382
1110,382
1104,382
1087,382
988,382
986,382
970,382
886,382
870,382
839,382
833,382
748,382
745,382
725,382
697,382
625,382
527,382
509,382
496,382
429,382
426,382
397,382
308,382
287,382
193,382
149,382
128,382
74,382
11,382
10,382
1349,383
1291,383
1091,383
1075,383
1061,383
1059,383
1040,383
1002,383
992,383
985,383
941,383
920,383
861,383
843,383
786,383
762,383
724,383
704,383
606,383
589,383
557,383
544,383
499,383
497,383
465,383
441,383
345,383
301,383
266,383
248,383
225,383
204,383
184,383
160,383
134,383
25,383
1280,384
1276,384
1250,384
1187,384
1059,384
1040,384
1031,384
1012,384
1002,384
992,384
985,384
958,384
938,384
937,384
920,384
786,384
763,384
731,384
704,384
629,384
622,384
600,384
592,384
544,384
530,384
497,384
465,384
456,384
402,384
301,384
286,384
256,384
134,384
102,384
43,384
1246,385
1078,385
1028,385
1014,385
1002,385
978,385
920,385
906,385
832,385
802,385
793,385
749,385
742,385
704,385
700,385
682,385
668,385
664,385
628,385
606,385
563,385
497,385
456,385
405,385
376,385
338,385
318,385
301,385
292,385
211,385
204,385
184,385
102,385
56,385
33,385
1352,386
1291,386
1141,386
1103,386
1095,386
1059,386
1040,386
1002,386
992,386
991,386
920,386
895,386
853,386
843,386
803,386
786,386
774,386
757,386
725,386
724,386
704,386
700,386
606,386
603,386
568,386
563,386
544,386
497,386
465,386
345,386
301,386
204,386
184,386
146,386
134,386
1315,387
1214,387
1123,387
1034,387
922,387
919,387
917,387
890,387
879,387
853,387
803,387
779,387
775,387
758,387
750,387
741,387
725,387
722,387
706,387
636,387
634,387
632,387
579,387
568,387
462,387
453,387
408,387
389,387
337,387
195,387
189,387
161,387
146,387
97,387
69,387
1291,388
1271,388
1103,388
1078,388
1059,388
1040,388
1002,388
992,388
920,388
895,388
803,388
759,388
724,388
704,388
700,388
606,388
568,388
544,388
497,388
493,388
465,388
456,388
441,388
345,388
301,388
291,388
248,388
218,388
204,388
146,388
134,388
126,388
85,388
31,388
25,388
1344,389
1338,389
1334,389
1321,389
1306,389
1228,389
1203,389
1158,389
1118,389
1061,389
1059,389
989,389
987,389
973,389
931,389
863,389
856,389
779,389
742,389
702,389
632,389
607,389
482,389
466,389
447,389
418,389
413,389
404,389
387,389
324,389
282,389
160,389
82,389
53,389
18,389
1334,390
1324,390
1299,390
1290,390
1262,390
1167,390
1125,390
1104,390
970,390
956,390
896,390
886,390
870,390
773,390
764,390
751,390
748,390
745,390
743,390
725,390
697,390
691,390
680,390
677,390
521,390
480,390
428,390
400,390
388,390
308,390
288,390
287,390
73,390
66,390
10,390
1333,391
1295,391
1293,391
1280,391
1274,391
1239,391
1173,391
1159,391
1140,391
1099,391
1065,391
1060,391
1048,391
1032,391
976,391
904,391
842,391
821,391
769,391
716,391
679,391
628,391
598,391
462,391
332,391
289,391
266,391
204,391
178,391
154,391
145,391
63,391
46,391
36,391
24,391
1353,392
1334,392
1280,392
1250,392
1160,392
1114,392
1077,392
1074,392
1059,392
1054,392
1029,392
978,392
975,392
894,392
807,392
802,392
752,392
731,392
715,392
668,392
628,392
575,392
546,392
500,392
478,392
417,392
324,392
280,392
242,392
233,392
203,392
163,392
119,392
81,392
61,392
1324,393
1299,393
1262,393
1217,393
1167,393
1158,393
1115,393
1104,393
1056,393
970,393
896,393
886,393
833,393
773,393
769,393
763,393
748,393
745,393
725,393
691,393
680,393
677,393
599,393
521,393
428,393
400,393
397,393
384,393
378,393
287,393
232,393
183,393
172,393
164,393
10,393
1342,394
1338,394
1321,394
1295,394
1275,394
1243,394
1242,394
1241,394
1158,394
1145,394
1128,394
1061,394
851,394
802,394
771,394
767,394
750,394
690,394
675,394
647,394
628,394
625,394
568,394
513,394
509,394
507,394
505,394
470,394
324,394
303,394
301,394
210,394
160,394
145,394
82,394
1284,395
1267,395
1265,395
1251,395
1240,395
1236,395
1159,395
1148,395
1105,395
1098,395
1067,395
1053,395
1010,395
963,395
938,395
909,395
896,395
846,395
839,395
838,395
817,395
806,395
755,395
696,395
690,395
675,395
658,395
644,395
479,395
352,395
334,395
268,395
27,395
19,395
13,395
1319,396
1301,396
1277,396
1217,396
1183,396
1090,396
1088,396
1013,396
990,396
967,396
948,396
932,396
925,396
893,396
840,396
753,396
643,396
610,396
539,396
531,396
502,396
497,396
475,396
466,396
449,396
378,396
375,396
312,396
307,396
290,396
277,396
223,396
205,396
149,396
99,396
1334,397
1324,397
1299,397
1290,397
1262,397
1167,397
1125,397
1104,397
1056,397
1027,397
970,397
956,397
896,397
833,397
773,397
764,397
745,397
743,397
725,397
697,397
691,397
680,397
677,397
521,397
400,397
388,397
384,397
347,397
308,397
288,397
287,397
232,397
183,397
67,397
10,397
1323,398
1259,398
1169,398
1134,398
1120,398
1118,398
1099,398
1092,398
1086,398
1051,398
1048,398
1019,398
1006,398
979,398
869,398
844,398
822,398
809,398
778,398
708,398
619,398
601,398
568,398
559,398
531,398
476,398
464,398
410,398
408,398
303,398
189,398
170,398
149,398
119,398
74,398
1334,399
1324,399
1321,399
1290,399
1284,399
1267,399
1167,399
1148,399
1125,399
1066,399
1049,399
1025,399
938,399
909,399
896,399
886,399
846,399
839,399
838,399
833,399
812,399
810,399
806,399
745,399
743,399
691,399
680,399
677,399
675,399
658,399
644,399
480,399
428,399
287,399
13,399
1290,400
1269,400
1262,400
1240,400
1217,400
1167,400
1125,400
1026,400
1022,400
896,400
886,400
773,400
763,400
753,400
705,400
691,400
677,400
634,400
480,400
479,400
431,400
428,400
400,400
397,400
388,400
357,400
288,400
232,400
183,400
164,400
75,400
66,400
54,400
42,400
10,400
1299,401
1290,401
1269,401
1262,401
1217,401
1167,401
1148,401
1125,401
1063,401
1056,401
1049,401
1027,401
1025,401
1014,401
1004,401
874,401
833,401
812,401
806,401
773,401
703,401
680,401
677,401
521,401
431,401
426,401
400,401
388,401
384,401
376,401
347,401
288,401
287,401
232,401
164,401
1315,402
1298,402
1291,402
1077,402
1067,402
1065,402
1053,402
1039,402
1035,402
1022,402
1002,402
992,402
951,402
937,402
932,402
909,402
906,402
898,402
853,402
846,402
802,402
783,402
781,402
780,402
726,402
704,402
682,402
628,402
497,402
465,402
396,402
335,402
309,402
301,402
29,402
1343,403
1327,403
1318,403
1300,403
1232,403
1181,403
1141,403
1123,403
1078,403
1056,403
1055,403
1036,403
974,403
950,403
934,403
924,403
913,403
890,403
777,403
761,403
760,403
759,403
750,403
701,403
679,403
621,403
602,403
583,403
555,403
366,403
343,403
337,403
280,403
120,403
93,403
1307,404
1279,404
1267,404
1265,404
1162,404
1149,404
1140,404
1111,404
1090,404
989,404
911,404
846,404
772,404
699,404
679,404
648,404
616,404
497,404
492,404
466,404
435,404
411,404
393,404
327,404
302,404
297,404
268,404
245,404
196,404
195,404
177,404
120,404
99,404
55,404
4,404
1333,405
1295,405
1293,405
1280,405
1274,405
1268,405
1236,405
1173,405
1159,405
1140,405
1124,405
1099,405
1065,405
1048,405
1032,405
842,405
822,405
821,405
769,405
716,405
686,405
679,405
628,405
598,405
462,405
293,405
266,405
227,405
204,405
178,405
175,405
145,405
63,405
46,405
24,405
1351,406
1344,406
1270,406
1263,406
1257,406
1214,406
1171,406
1127,406
1122,406
1097,406
947,406
941,406
883,406
833,406
714,406
697,406
691,406
580,406
562,406
515,406
503,406
457,406
431,406
387,406
380,406
370,406
251,406
222,406
180,406
156,406
135,406
100,406
76,406
53,406
7,406
1333,407
1295,407
1294,407
1293,407
1280,407
1268,407
1173,407
1159,407
1140,407
1124,407
1099,407
1065,407
1060,407
1048,407
1032,407
976,407
842,407
821,407
771,407
769,407
716,407
660,407
598,407
462,407
408,407
293,407
266,407
204,407
178,407
175,407
154,407
145,407
63,407
46,407
24,407
1333,408
1295,408
1293,408
1281,408
1280,408
1274,408
1268,408
1173,408
1159,408
1140,408
1124,408
1099,408
1065,408
1060,408
1048,408
901,408
842,408
821,408
769,408
716,408
686,408
679,408
628,408
598,408
462,408
266,408
227,408
204,408
178,408
154,408
145,408
63,408
46,408
36,408
24,408
1353,409
1352,409
1275,409
1202,409
1199,409
1162,409
1160,409
1147,409
1129,409
1114,409
1087,409
1079,409
1074,409
888,409
807,409
774,409
755,409
738,409
695,409
693,409
616,409
603,409
600,409
574,409
478,409
436,409
377,409
337,409
330,409
242,409
233,409
203,409
164,409
62,409
39,409
1343,410
1337,410
1334,410
1319,410
1299,410
1250,410
1217,410
1196,410
1087,410
1027,410
967,410
956,410
896,410
773,410
763,410
748,410
745,410
694,410
680,410
677,410
600,410
540,410
521,410
480,410
428,410
413,410
384,410
357,410
288,410
287,410
232,410
192,410
183,410
99,410
73,410
1334,411
1324,411
1299,411
1290,411
1262,411
1167,411
1148,411
1125,411
1104,411
1056,411
1027,411
970,411
956,411
896,411
833,411
773,411
764,411
745,411
743,411
725,411
691,411
680,411
677,411
564,411
521,411
431,411
426,411
400,411
388,411
384,411
288,411
287,411
232,411
183,411
10,411
1348,412
1332,412
1314,412
1312,412
1311,412
1291,412
1261,412
1201,412
1008,412
1007,412
980,412
962,412
953,412
817,412
727,412
657,412
639,412
614,412
548,412
489,412
465,412
412,412
361,412
352,412
348,412
278,412
186,412
176,412
105,412
94,412
52,412
47,412
32,412
31,412
25,412
1324,413
1290,413
1262,413
1214,413
1167,413
1152,413
1148,413
1137,413
1115,413
1104,413
1091,413
1066,413
1049,413
993,413
988,413
970,413
905,413
869,413
812,413
806,413
769,413
764,413
748,413
745,413
743,413
691,413
687,413
677,413
667,413
400,413
354,413
349,413
314,413
85,413
10,413
1164,414
1160,414
1141,414
1123,414
1111,414
1089,414
1081,414
1075,414
1065,414
1050,414
1029,414
943,414
939,414
931,414
911,414
853,414
844,414
828,414
700,414
692,414
691,414
684,414
665,414
628,414
532,414
529,414
421,414
418,414
356,414
267,414
233,414
185,414
119,414
108,414
75,414
1347,415
1276,415
1260,415
1256,415
1210,415
1197,415
1174,415
927,415
903,415
864,415
837,415
828,415
803,415
757,415
756,415
740,415
694,415
687,415
649,415
634,415
590,415
570,415
569,415
526,415
462,415
427,415
418,415
341,415
339,415
324,415
275,415
108,415
84,415
83,415
58,415
1246,416
1234,416
1227,416
1218,416
1214,416
1181,416
1061,416
1044,416
1023,416
1019,416
1005,416
947,416
941,416
922,416
907,416
844,416
837,416
773,416
749,416
748,416
698,416
664,416
603,416
588,416
560,416
392,416
370,416
344,416
343,416
284,416
275,416
266,416
181,416
168,416
58,416
1315,417
1259,417
1257,417
1254,417
1249,417
1227,417
1218,417
1216,417
1179,417
1145,417
1124,417
1118,417
1101,417
1075,417
1065,417
952,417
894,417
886,417
873,417
868,417
845,417
731,417
691,417
689,417
666,417
600,417
583,417
546,417
526,417
356,417
306,417
267,417
233,417
89,417
61,417
1352,418
1302,418
1286,418
1196,418
1176,418
1162,418
1144,418
1123,418
1087,418
1085,418
1056,418
990,418
975,418
910,418
769,418
768,418
753,418
719,418
680,418
642,418
633,418
541,418
531,418
449,418
422,418
395,418
346,418
332,418
289,418
287,418
229,418
191,418
175,418
62,418
36,418
1235,419
1210,419
1202,419
1174,419
1172,419
1153,419
1147,419
1120,419
1093,419
1012,419
990,419
927,419
922,419
917,419
818,419
804,419
778,419
770,419
768,419
759,419
674,419
660,419
648,419
602,419
568,419
555,419
540,419
436,419
409,419
397,419
379,419
332,419
102,419
89,419
81,419
1334,420
1266,420
1260,420
1223,420
1214,420
1194,420
1181,420
1156,420
1150,420
1124,420
1091,420
1056,420
1042,420
1035,420
1031,420
1015,420
979,420
952,420
918,420
897,420
871,420
859,420
854,420
769,420
737,420
690,420
687,420
632,420
562,420
380,420
233,420
189,420
76,420
74,420
58,420
1327,421
1295,421
1259,421
1257,421
1246,421
1239,421
1218,421
1216,421
1212,421
1150,421
1046,421
1031,421
981,421
952,421
947,421
944,421
941,421
918,421
907,421
901,421
894,421
838,421
826,421
817,421
790,421
663,421
660,421
658,421
621,421
541,421
352,421
281,421
129,421
126,421
27,421
1344,422
1332,422
1320,422
1312,422
1224,422
982,422
980,422
972,422
962,422
882,422
727,422
724,422
671,422
665,422
639,422
593,422
552,422
550,422
548,422
512,422
387,422
282,422
276,422
274,422
176,422
111,422
109,422
105,422
56,422
52,422
47,422
45,422
44,422
31,422
25,422
1334,423
1324,423
1290,423
1262,423
1167,423
1148,423
1104,423
1056,423
1027,423
993,423
970,423
956,423
905,423
886,423
833,423
808,423
745,423
743,423
691,423
680,423
677,423
640,423
515,423
431,423
400,423
388,423
384,423
370,423
347,423
288,423
287,423
232,423
183,423
67,423
10,423
1306,424
1248,424
1239,424
1228,424
1218,424
1174,424
1166,424
1151,424
1139,424
1108,424
1029,424
949,424
918,424
887,424
873,424
728,424
708,424
685,424
600,424
576,424
541,424
447,424
423,424
413,424
399,424
356,424
328,424
298,424
235,424
232,424
181,424
120,424
66,424
39,424
38,424
1337,425
1297,425
1221,425
1143,425
1081,425
1076,425
1050,425
998,425
955,425
901,425
895,425
837,425
807,425
803,425
787,425
771,425
757,425
749,425
741,425
740,425
733,425
664,425
661,425
645,425
549,425
427,425
423,425
418,425
408,425
369,425
327,425
280,425
100,425
46,425
37,425
1334,426
1324,426
1299,426
1262,426
1217,426
1167,426
1115,426
1104,426
1056,426
1027,426
970,426
956,426
896,426
833,426
773,426
769,426
763,426
748,426
745,426
725,426
680,426
677,426
521,426
400,426
397,426
388,426
384,426
347,426
288,426
287,426
232,426
183,426
164,426
73,426
10,426
1341,427
1335,427
1297,427
1234,427
1218,427
1153,427
1143,427
1134,427
1123,427
974,427
973,427
972,427
919,427
916,427
892,427
887,427
879,427
849,427
818,427
803,427
780,427
777,427
775,427
769,427
671,427
446,427
423,427
388,427
342,427
312,427
181,427
127,427
111,427
82,427
34,427
1334,428
1324,428
1262,428
1231,428
1217,428
1167,428
1115,428
1104,428
1056,428
1027,428
970,428
956,428
896,428
833,428
773,428
763,428
748,428
745,428
725,428
680,428
677,428
654,428
592,428
521,428
515,428
400,428
388,428
384,428
347,428
287,428
232,428
183,428
164,428
67,428
6,428
1295,429
1250,429
1239,429
1224,429
1185,429
1144,429
1101,429
1068,429
1005,429
979,429
976,429
965,429
952,429
943,429
931,429
925,429
924,429
854,429
849,429
819,429
766,429
762,429
664,429
615,429
598,429
531,429
447,429
399,429
269,429
233,429
225,429
93,429
74,429
64,429
53,429
1334,430
1324,430
1290,430
1262,430
1167,430
1148,430
1125,430
1104,430
1056,430
1027,430
970,430
956,430
896,430
833,430
773,430
769,430
748,430
745,430
743,430
725,430
714,430
691,430
677,430
521,430
426,430
400,430
388,430
384,430
308,430
288,430
287,430
232,430
183,430
67,430
10,430
1314,431
1299,431
1262,431
1250,431
1227,431
1196,431
1160,431
1129,431
1101,431
1067,431
1065,431
1059,431
1027,431
873,431
848,431
773,431
763,431
762,431
731,431
691,431
680,431
600,431
521,431
454,431
447,431
416,431
361,431
356,431
267,431
235,431
233,431
93,431
75,431
40,431
35,431
1334,432
1330,432
1324,432
1299,432
1290,432
1262,432
1167,432
1125,432
1104,432
1056,432
970,432
956,432
896,432
886,432
833,432
773,432
769,432
748,432
745,432
743,432
725,432
691,432
677,432
521,432
426,432
400,432
397,432
388,432
384,432
378,432
288,432
287,432
232,432
183,432
10,432
1344,433
1338,433
1332,433
1329,433
1311,433
1203,433
1044,433
1041,433
1011,433
1007,433
980,433
882,433
727,433
717,433
716,433
665,433
593,433
550,433
512,433
470,433
455,433
387,433
359,433
349,433
348,433
282,433
186,433
59,433
49,433
47,433
45,433
44,433
32,433
31,433
25,433
1343,434
1326,434
1222,434
1212,434
1176,434
1163,434
1143,434
1097,434
1056,434
1003,434
979,434
880,434
819,434
750,434
723,434
701,434
672,434
666,434
638,434
540,434
486,434
468,434
427,434
414,434
384,434
370,434
297,434
237,434
227,434
215,434
201,434
173,434
164,434
135,434
21,434
37,435
761,435
741,435
688,435
676,435
640,435
629,435
603,435
564,435
1317,435
1312,435
477,435
1243,435
442,435
418,435
1174,435
1205,435
390,435
368,435
365,435
1138,435
1135,435
317,435
1111,435
313,435
296,435
293,435
995,435
985,435
958,435
955,435
899,435
895,435
59,435
824,435
1352,436
1334,436
1272,436
1270,436
1268,436
1237,436
1235,436
1233,436
1232,436
1204,436
1199,436
1129,436
1126,436
1114,436
1065,436
810,436
738,436
721,436
616,436
604,436
602,436
583,436
580,436
574,436
568,436
555,436
524,436
416,436
385,436
287,436
284,436
243,436
146,436
102,436
3,436
1351,437
1254,437
1217,437
1136,437
1061,437
970,437
934,437
844,437
841,437
720,437
715,437
637,437
599,437
496,437
472,437
462,437
311,437
249,437
237,437
235,437
225,437
207,437
189,437
180,437
166,437
160,437
159,437
152,437
100,437
76,437
74,437
35,437
12,437
11,437
7,437
1351,438
1249,438
1214,438
1185,438
1173,438
1155,438
1147,438
1120,438
1114,438
1099,438
1060,438
1029,438
977,438
901,438
895,438
879,438
845,438
839,438
812,438
800,438
779,438
775,438
766,438
718,438
663,438
588,438
577,438
539,438
523,438
513,438
500,438
472,438
454,438
284,438
79,438
1332,439
1311,439
1203,439
1201,439
1008,439
1007,439
980,439
882,439
774,439
746,439
737,439
727,439
716,439
671,439
665,439
598,439
593,439
550,439
512,439
489,439
465,439
451,439
421,439
365,439
349,439
348,439
282,439
186,439
171,439
87,439
47,439
46,439
31,439
25,439
18,439
1334,440
1324,440
1299,440
1262,440
1223,440
1167,440
1148,440
1120,440
1115,440
1104,440
1056,440
1027,440
970,440
871,440
833,440
769,440
763,440
748,440
745,440
725,440
697,440
691,440
680,440
677,440
592,440
502,440
400,440
397,440
287,440
246,440
232,440
154,440
138,440
74,440
17,440
1337,441
1319,441
1286,441
1183,441
1126,441
1110,441
1099,441
986,441
967,441
966,441
855,441
844,441
832,441
830,441
797,441
769,441
753,441
714,441
706,441
694,441
561,441
558,441
531,441
457,441
428,441
427,441
426,441
385,441
303,441
280,441
106,441
99,441
91,441
84,441
79,441
1334,442
1324,442
1321,442
1299,442
1262,442
1226,442
1217,442
1167,442
1125,442
1115,442
1104,442
1056,442
1027,442
993,442
970,442
956,442
896,442
833,442
763,442
748,442
745,442
725,442
680,442
677,442
521,442
400,442
388,442
384,442
288,442
287,442
232,442
183,442
73,442
10,442
6,442
1344,443
1343,443
1323,443
1306,443
1279,443
1258,443
1246,443
1216,443
1179,443
982,443
972,443
931,443
907,443
864,443
837,443
787,443
781,443
728,443
724,443
615,443
593,443
588,443
550,443
534,443
512,443
447,443
413,443
387,443
293,443
275,443
181,443
111,443
82,443
78,443
20,443
1334,444
1306,444
1293,444
1247,444
1228,444
1149,444
1076,444
1035,444
1027,444
915,444
906,444
899,444
887,444
879,444
824,444
802,444
791,444
787,444
786,444
784,444
781,444
780,444
775,444
771,444
712,444
688,444
660,444
482,444
453,444
423,444
415,444
305,444
286,444
63,444
58,444
1333,445
1310,445
1269,445
1257,445
1229,445
1227,445
1214,445
1212,445
1175,445
1171,445
1150,445
975,445
965,445
957,445
943,445
857,445
848,445
832,445
826,445
825,445
794,445
714,445
577,445
562,445
523,445
501,445
272,445
267,445
236,445
234,445
191,445
162,445
107,445
63,445
27,445
1334,446
1324,446
1299,446
1284,446
1262,446
1217,446
1167,446
1132,446
1115,446
1104,446
1056,446
1027,446
1010,446
993,446
970,446
956,446
896,446
858,446
833,446
763,446
745,446
725,446
680,446
677,446
521,446
400,446
397,446
388,446
384,446
288,446
287,446
232,446
15,446
10,446
6,446
1323,447
1294,447
1275,447
1274,447
1268,447
1220,447
1214,447
1176,447
1138,447
1135,447
1123,447
1076,447
1070,447
1064,447
1060,447
1055,447
1009,447
987,447
899,447
856,447
814,447
807,447
626,447
577,447
406,447
392,447
306,447
282,447
277,447
275,447
181,447
124,447
82,447
34,447
9,447
1262,448
1217,448
1167,448
1125,448
1115,448
1104,448
1056,448
1027,448
956,448
896,448
833,448
773,448
748,448
745,448
711,448
680,448
677,448
452,448
431,448
428,448
403,448
400,448
397,448
388,448
384,448
347,448
288,448
287,448
285,448
232,448
183,448
164,448
75,448
73,448
10,448
1327,449
1289,449
1219,449
1193,449
1138,449
1100,449
1076,449
1071,449
1042,449
1026,449
955,449
917,449
813,449
777,449
733,449
728,449
710,449
679,449
634,449
621,449
616,449
570,449
525,449
404,449
401,449
400,449
382,449
367,449
337,449
318,449
303,449
188,449
108,449
9,449
8,449
1340,450
1325,450
1321,450
1284,450
1262,450
1255,450
1161,450
1121,450
1092,450
1010,450
993,450
858,450
855,450
841,450
763,450
745,450
717,450
611,450
592,450
521,450
513,450
501,450
410,450
360,450
333,450
287,450
272,450
250,450
168,450
159,450
90,450
76,450
30,450
15,450
6,450
1323,451
1306,451
1297,451
1246,451
1216,451
1157,451
1145,451
1139,451
1128,451
1111,451
996,451
965,451
907,451
863,451
854,451
832,451
797,451
676,451
659,451
638,451
629,451
615,451
603,451
593,451
575,451
552,451
550,451
512,451
446,451
274,451
225,451
111,451
109,451
78,451
37,451
1333,452
1295,452
1293,452
1280,452
1274,452
1268,452
1173,452
1159,452
1140,452
1124,452
1099,452
1065,452
1060,452
1048,452
1032,452
842,452
821,452
769,452
716,452
686,452
679,452
628,452
598,452
462,452
293,452
266,452
227,452
204,452
178,452
175,452
154,452
145,452
63,452
46,452
24,452
1333,453
1295,453
1293,453
1280,453
1274,453
1268,453
1173,453
1159,453
1140,453
1124,453
1099,453
1072,453
1065,453
1060,453
1048,453
842,453
822,453
821,453
769,453
716,453
702,453
686,453
628,453
598,453
462,453
266,453
227,453
204,453
178,453
175,453
145,453
97,453
63,453
46,453
24,453
1306,454
1250,454
1176,454
1160,454
1114,454
1101,454
1067,454
1059,454
1048,454
1027,454
876,454
873,454
774,454
773,454
763,454
731,454
544,454
521,454
513,454
490,454
456,454
421,454
357,454
301,454
279,454
271,454
269,454
235,454
152,454
127,454
100,454
42,454
40,454
35,454
23,454
1324,455
1299,455
1290,455
1262,455
1225,455
1167,455
1115,455
1104,455
1084,455
1056,455
1027,455
1002,455
994,455
970,455
947,455
941,455
930,455
863,455
833,455
790,455
769,455
763,455
748,455
745,455
691,455
677,455
594,455
584,455
576,455
560,455
521,455
400,455
232,455
183,455
10,455
1334,456
1290,456
1262,456
1254,456
1220,456
1179,456
1160,456
1135,456
1122,456
1101,456
1091,456
981,456
873,456
763,456
691,456
612,456
601,456
592,456
559,456
546,456
526,456
521,456
507,456
490,456
454,456
410,456
403,456
374,456
357,456
356,456
277,456
267,456
233,456
66,456
9,456
1276,457
1263,457
1212,457
1174,457
1157,457
1153,457
1139,457
1108,457
965,457
955,457
894,457
879,457
848,457
826,457
822,457
818,457
775,457
728,457
715,457
687,457
649,457
620,457
546,457
447,457
446,457
427,457
423,457
411,457
327,457
241,457
168,457
108,457
98,457
58,457
19,457
1334,458
1306,458
1256,458
1247,458
1246,458
1039,458
1035,458
1028,458
1027,458
978,458
906,458
896,458
864,458
802,458
781,458
780,458
763,458
748,458
740,458
725,458
712,458
680,458
677,458
664,458
660,458
575,458
453,458
418,458
403,458
388,458
357,458
347,458
318,458
303,458
286,458
1316,459
1292,459
1235,459
1183,459
1181,459
1142,459
1110,459
1074,459
1061,459
1038,459
999,459
986,459
985,459
971,459
966,459
964,459
961,459
944,459
931,459
842,459
830,459
737,459
719,459
680,459
663,459
449,459
339,459
214,459
202,459
160,459
146,459
92,459
73,459
62,459
1,459
1284,460
1281,460
1278,460
1275,460
1267,460
1263,460
1260,460
1250,460
1248,460
1239,460
1186,460
1181,460
1176,460
1167,460
1106,460
1101,460
1096,460
1069,460
1065,460
1015,460
1012,460
859,460
846,460
843,460
801,460
772,460
698,460
680,460
646,460
564,460
447,460
443,460
439,460
406,460
168,460
1323,461
1306,461
1260,461
1227,461
1214,461
1158,461
1155,461
1145,461
1128,461
1104,461
1035,461
1023,461
1019,461
1015,461
1006,461
996,461
979,461
970,461
876,461
873,461
859,461
854,461
843,461
832,461
826,461
712,461
615,461
575,461
446,461
411,461
286,461
284,461
271,461
270,461
156,461
1332,462
1311,462
1291,462
1261,462
1201,462
1008,462
1007,462
980,462
962,462
953,462
817,462
727,462
657,462
652,462
639,462
614,462
548,462
489,462
486,462
465,462
412,462
352,462
348,462
278,462
276,462
186,462
177,462
176,462
109,462
105,462
94,462
52,462
47,462
31,462
25,462
1334,463
1324,463
1299,463
1262,463
1217,463
1167,463
1115,463
1104,463
1056,463
1027,463
970,463
956,463
896,463
833,463
773,463
763,463
748,463
745,463
734,463
725,463
680,463
677,463
521,463
400,463
397,463
388,463
384,463
288,463
287,463
232,463
183,463
164,463
73,463
10,463
6,463
1334,465
1324,465
1299,465
1290,465
1262,465
1217,465
1167,465
1125,465
1115,465
1104,465
1056,465
1027,465
970,465
896,465
886,465
833,465
764,465
748,465
745,465
725,465
697,465
691,465
680,465
677,465
521,465
400,465
397,465
388,465
384,465
288,465
287,465
232,465
164,465
67,465
10,465
1341,466
1207,466
1196,466
1193,466
1169,466
1112,466
1111,466
1107,466
985,466
974,466
940,466
896,466
847,466
835,466
785,466
761,466
738,466
723,466
711,466
693,466
680,466
606,466
576,466
486,466
452,466
395,466
340,466
292,466
288,466
283,466
229,466
214,466
184,466
86,466
62,466
1324,467
1299,467
1262,467
1217,467
1167,467
1158,467
1115,467
1104,467
1056,467
970,467
896,467
833,467
773,467
769,467
763,467
748,467
745,467
725,467
691,467
680,467
677,467
521,467
480,467
428,467
426,467
400,467
397,467
384,467
288,467
287,467
232,467
183,467
172,467
164,467
10,467
1347,468
1342,468
1276,468
1256,468
1221,468
1202,468
1138,468
1091,468
1076,468
978,468
955,468
940,468
903,468
777,468
768,468
761,468
757,468
733,468
728,468
706,468
667,468
660,468
659,468
649,468
645,468
616,468
590,468
427,468
413,468
339,468
318,468
215,468
192,468
173,468
57,468
1290,469
1262,469
1250,469
1217,469
1192,469
1167,469
1115,469
1104,469
1056,469
970,469
932,469
896,469
833,469
816,469
763,469
748,469
680,469
656,469
515,469
480,469
428,469
403,469
400,469
397,469
388,469
384,469
347,469
323,469
319,469
288,469
232,469
183,469
73,469
36,469
10,469
1085,470
1044,470
998,470
895,470
864,470
861,470
844,470
659,470
615,470
593,470
575,470
550,470
512,470
493,470
445,470
444,470
442,470
427,470
411,470
342,470
341,470
327,470
317,470
301,470
275,470
184,470
169,470
124,470
109,470
78,470
56,470
51,470
44,470
14,470
6,470
1326,471
1323,471
1306,471
1255,471
1254,471
1227,471
1135,471
1134,471
1124,471
1118,471
1080,471
954,471
933,471
894,471
892,471
849,471
703,471
687,471
650,471
526,471
501,471
476,471
446,471
333,471
289,471
272,471
250,471
234,471
181,471
168,471
111,471
82,471
22,471
6,471
4,471
1333,472
1295,472
1293,472
1280,472
1274,472
1268,472
1173,472
1159,472
1140,472
1124,472
1099,472
1065,472
1060,472
1048,472
1032,472
842,472
821,472
769,472
716,472
686,472
660,472
628,472
598,472
462,472
332,472
293,472
266,472
227,472
204,472
178,472
154,472
145,472
63,472
46,472
24,472
1294,473
1272,473
1270,473
1237,473
1235,473
1233,473
1189,473
1101,473
876,473
873,473
867,473
766,473
721,473
681,473
666,473
607,473
604,473
602,473
592,473
583,473
580,473
574,473
571,473
568,473
542,473
517,473
416,473
394,473
293,473
184,473
168,473
166,473
135,473
61,473
3,473
1333,474
1295,474
1280,474
1274,474
1268,474
1239,474
1207,474
1159,474
1140,474
1124,474
1100,474
1099,474
1065,474
1060,474
1048,474
1032,474
851,474
842,474
821,474
807,474
769,474
716,474
633,474
628,474
598,474
462,474
435,474
266,474
204,474
178,474
154,474
145,474
63,474
46,474
24,474
1310,475
1269,475
1175,475
1144,475
1139,475
1001,475
959,475
957,475
956,475
952,475
943,475
926,475
868,475
820,475
794,475
789,475
762,475
580,475
579,475
535,475
523,475
501,475
490,475
481,475
370,475
363,475
272,475
266,475
236,475
234,475
222,475
162,475
156,475
107,475
63,475
1323,476
1297,476
1263,476
1257,476
1229,476
1227,476
1218,476
1194,476
1157,476
1150,476
1120,476
1118,476
1104,476
1099,476
966,476
964,476
961,476
925,476
857,476
830,476
719,476
615,476
539,476
476,476
448,476
446,476
439,476
344,476
331,476
293,476
275,476
193,476
111,476
92,476
78,476
1333,477
1295,477
1293,477
1280,477
1274,477
1268,477
1239,477
1173,477
1159,477
1140,477
1124,477
1099,477
1072,477
1065,477
1060,477
1048,477
842,477
822,477
821,477
769,477
716,477
679,477
628,477
598,477
462,477
293,477
266,477
204,477
178,477
175,477
154,477
145,477
63,477
46,477
24,477
1284,478
1281,478
1275,478
1263,478
1255,478
1249,478
1229,478
1186,478
1181,478
1106,478
1096,478
1069,478
1057,478
1015,478
1010,478
992,478
979,478
896,478
858,478
853,478
843,478
833,478
801,478
698,478
680,478
670,478
447,478
270,478
250,478
168,478
80,478
53,478
52,478
23,478
15,478
1333,479
1295,479
1293,479
1280,479
1274,479
1268,479
1239,479
1184,479
1173,479
1159,479
1140,479
1124,479
1099,479
1065,479
1060,479
1048,479
1019,479
842,479
821,479
769,479
716,479
686,479
628,479
598,479
462,479
266,479
227,479
204,479
178,479
175,479
145,479
97,479
63,479
46,479
24,479
1341,480
1323,480
1297,480
1271,480
1258,480
1246,480
1211,480
1184,480
1179,480
1101,480
1089,480
1087,480
1016,480
959,480
924,480
913,480
873,480
822,480
768,480
741,480
679,480
672,480
653,480
579,480
462,480
455,480
454,480
427,480
418,480
361,480
116,480
57,480
48,480
40,480
35,480
1323,481
1309,481
1297,481
1243,481
1227,481
1169,481
1108,481
1099,481
1019,481
958,481
895,481
879,481
775,481
758,481
757,481
646,481
615,481
576,481
575,481
564,481
471,481
446,481
418,481
365,481
324,481
292,481
277,481
181,481
178,481
135,481
124,481
111,481
82,481
78,481
42,481
1333,482
1295,482
1294,482
1293,482
1280,482
1268,482
1214,482
1173,482
1159,482
1140,482
1124,482
1099,482
1065,482
1060,482
1048,482
976,482
842,482
821,482
771,482
769,482
716,482
679,482
628,482
598,482
462,482
408,482
293,482
266,482
204,482
175,482
154,482
145,482
63,482
46,482
24,482
1334,483
1324,483
1299,483
1262,483
1217,483
1167,483
1115,483
1104,483
1056,483
1027,483
970,483
956,483
896,483
833,483
763,483
748,483
745,483
734,483
725,483
680,483
677,483
592,483
521,483
400,483
397,483
388,483
384,483
347,483
288,483
287,483
232,483
183,483
73,483
10,483
6,483
1336,484
1329,484
1305,484
1265,484
1255,484
1184,484
1158,484
1149,484
1140,484
1099,484
1076,484
1071,484
1061,484
1042,484
1003,484
986,484
911,484
900,484
851,484
837,484
781,484
660,484
575,484
539,484
476,484
400,484
367,484
315,484
303,484
301,484
293,484
231,484
175,484
160,484
55,484
1336,485
1323,485
1297,485
1285,485
1254,485
1243,485
1220,485
1195,485
1128,485
1111,485
1108,485
1071,485
1058,485
1055,485
903,485
837,485
814,485
813,485
728,485
720,485
706,485
693,485
664,485
636,485
620,485
619,485
575,485
392,485
367,485
358,485
294,485
245,485
97,485
74,485
22,485
8,485
1338,486
1323,486
1321,486
1297,486
1252,486
1194,486
1180,486
1118,486
1087,486
1061,486
1050,486
920,486
913,486
907,486
863,486
837,486
779,486
715,486
681,486
650,486
620,486
615,486
482,486
447,486
442,486
392,486
282,486
269,486
181,486
160,486
145,486
111,486
82,486
78,486
73,486
1323,487
1269,487
1249,487
1243,487
1194,487
1169,487
1157,487
1145,487
1138,487
1128,487
1019,487
931,487
900,487
864,487
854,487
824,487
803,487
714,487
688,487
679,487
659,487
652,487
626,487
619,487
615,487
552,487
512,487
496,487
446,487
294,487
183,487
181,487
78,487
58,487
57,487
1324,488
1299,488
1262,488
1217,488
1167,488
1158,488
1115,488
1104,488
1056,488
970,488
896,488
886,488
833,488
773,488
769,488
763,488
748,488
745,488
725,488
691,488
680,488
677,488
599,488
521,488
480,488
428,488
426,488
400,488
397,488
384,488
287,488
232,488
183,488
164,488
10,488
1288,489
1284,489
1267,489
1265,489
1251,489
1236,489
1159,489
1057,489
1012,489
1010,489
995,489
938,489
909,489
846,489
839,489
838,489
802,489
707,489
696,489
690,489
675,489
658,489
644,489
564,489
498,489
479,489
470,489
434,489
335,489
286,489
268,489
147,489
49,489
19,489
13,489
1290,490
1262,490
1217,490
1193,490
1167,490
1125,490
1115,490
1111,490
1104,490
1056,490
1027,490
956,490
896,490
785,490
773,490
748,490
711,490
680,490
677,490
521,490
452,490
431,490
403,490
400,490
388,490
384,490
347,490
288,490
287,490
245,490
232,490
183,490
164,490
73,490
10,490
1342,491
1337,491
1279,491
1255,491
1246,491
1212,491
1106,491
907,491
903,491
900,491
873,491
864,491
843,491
803,491
761,491
758,491
756,491
749,491
706,491
664,491
649,491
636,491
570,491
546,491
526,491
513,491
462,491
444,491
427,491
413,491
394,491
383,491
327,491
326,491
58,491
1353,492
1284,492
1280,492
1274,492
1268,492
1250,492
1187,492
1172,492
1160,492
1114,492
1075,492
1074,492
1069,492
1059,492
1040,492
1012,492
1010,492
807,492
752,492
731,492
695,492
681,492
580,492
500,492
478,492
476,492
402,492
284,492
271,492
233,492
227,492
150,492
118,492
102,492
41,492
1324,493
1262,493
1225,493
1167,493
1124,493
1115,493
1104,493
1084,493
1056,493
970,493
956,493
930,493
896,493
841,493
833,493
769,493
763,493
748,493
745,493
725,493
691,493
677,493
521,493
476,493
428,493
400,493
397,493
384,493
378,493
287,493
232,493
183,493
159,493
158,493
10,493
1284,494
1281,494
1274,494
1254,494
1249,494
1239,494
1194,494
1158,494
1150,494
1132,494
1101,494
1097,494
1065,494
1057,494
873,494
687,494
607,494
600,494
592,494
539,494
521,494
513,494
439,494
356,494
331,494
289,494
282,494
269,494
227,494
93,494
79,494
74,494
53,494
27,494
15,494
1342,495
1297,495
1276,495
1259,495
1256,495
1210,495
1202,495
1179,495
1147,495
1114,495
1099,495
1030,495
981,495
952,495
944,495
903,495
901,495
888,495
859,495
843,495
810,495
801,495
733,495
694,495
674,495
600,495
576,495
539,495
327,495
305,495
290,495
280,495
192,495
79,495
61,495
1338,496
1258,496
1241,496
1203,496
1180,496
1158,496
1046,496
1011,496
1000,496
996,496
987,496
972,496
960,496
929,496
856,496
826,496
802,496
798,496
781,496
780,496
671,496
629,496
615,496
447,496
389,496
367,496
349,496
343,496
318,496
293,496
220,496
211,496
93,496
89,496
14,496
1308,497
1292,497
1288,497
1278,497
1267,497
1246,497
1221,497
1214,497
1205,497
1194,497
1168,497
1152,497
1150,497
1019,497
998,497
886,497
882,497
837,497
824,497
769,497
724,497
688,497
687,497
662,497
645,497
607,497
593,497
550,497
526,497
512,497
476,497
462,497
442,497
374,497
57,497
1234,498
1219,498
1211,498
1191,498
1111,498
1099,498
1064,498
1055,498
1009,498
931,498
899,498
881,498
813,498
771,498
710,498
702,498
700,498
684,498
652,498
620,498
616,498
606,498
570,498
477,498
427,498
423,498
399,498
382,498
379,498
315,498
282,498
195,498
188,498
101,498
83,498
1329,499
1295,499
1259,499
1241,499
1203,499
1200,499
1111,499
1103,499
1041,499
960,499
918,499
848,499
837,499
820,499
794,499
716,499
620,499
615,499
593,499
550,499
512,499
406,499
400,499
397,499
377,499
349,499
297,499
282,499
275,499
181,499
82,499
78,499
63,499
44,499
21,499
1338,500
1295,500
1259,500
1243,500
1241,500
1203,500
1146,500
1135,500
1085,500
1026,500
972,500
929,500
895,500
837,500
824,500
814,500
728,500
688,500
671,500
665,500
575,500
507,500
471,500
439,500
403,500
392,500
342,500
324,500
317,500
277,500
215,500
173,500
124,500
51,500
38,500
1344,501
1319,501
1304,501
1302,501
1217,501
1071,501
987,501
967,501
955,501
952,501
862,501
813,501
728,501
615,501
593,501
575,501
554,501
550,501
512,501
472,501
442,501
392,501
387,501
368,501
347,501
282,501
255,501
212,501
189,501
135,501
124,501
99,501
97,501
78,501
20,501
1342,502
1338,502
1329,502
1229,502
1215,502
1214,502
1111,502
1108,502
1038,502
989,502
947,502
895,502
851,502
828,502
824,502
814,502
788,502
772,502
728,502
688,502
660,502
628,502
620,502
445,502
442,502
428,502
411,502
385,502
367,502
341,502
324,502
124,502
49,502
24,502
20,502
1318,503
1305,503
1234,503
1230,503
1191,503
1138,503
1083,503
1056,503
1035,503
1017,503
1016,503
997,503
916,503
885,503
844,503
777,503
758,503
756,503
750,503
735,503
706,503
664,503
655,503
520,503
493,503
485,503
423,503
394,503
379,503
368,503
317,503
200,503
195,503
161,503
106,503
1324,504
1299,504
1262,504
1167,504
1158,504
1115,504
1104,504
1056,504
1019,504
988,504
970,504
896,504
869,504
833,504
769,504
748,504
745,504
725,504
691,504
680,504
677,504
521,504
428,504
426,504
400,504
397,504
395,504
384,504
378,504
287,504
193,504
164,504
80,504
74,504
10,504
1310,505
1303,505
1294,505
1281,505
1263,505
1249,505
1187,505
1150,505
1085,505
1035,505
1018,505
943,505
906,505
833,505
832,505
794,505
755,505
742,505
697,505
664,505
629,505
575,505
564,505
502,505
482,505
455,505
411,505
279,505
222,505
208,505
204,505
108,505
23,505
22,505
18,505
1334,506
1321,506
1299,506
1290,506
1262,506
1226,506
1217,506
1167,506
1125,506
1104,506
1056,506
1027,506
993,506
970,506
896,506
773,506
748,506
745,506
691,506
680,506
677,506
426,506
403,506
400,506
397,506
388,506
384,506
288,506
287,506
232,506
183,506
164,506
157,506
73,506
10,506
1339,507
1334,507
1322,507
1317,507
1301,507
1296,507
1228,507
1203,507
1059,507
1054,507
1044,507
1011,507
1005,507
979,507
974,507
746,507
741,507
676,507
663,507
637,507
603,507
593,507
550,507
518,507
512,507
487,507
477,507
289,507
280,507
204,507
161,507
154,507
116,507
51,507
48,507
1344,508
1320,508
1290,508
1222,508
1139,508
1132,508
972,508
956,508
950,508
916,508
862,508
820,508
692,508
677,508
638,508
603,508
593,508
588,508
575,508
552,508
550,508
544,508
512,508
503,508
496,508
482,508
357,508
321,508
274,508
254,508
253,508
220,508
211,508
134,508
91,508
1268,509
1258,509
1237,509
1193,509
1191,509
1180,509
1123,509
1120,509
1108,509
1099,509
1095,509
1089,509
1076,509
1020,509
912,509
903,509
883,509
803,509
724,509
721,509
708,509
697,509
628,509
616,509
607,509
524,509
486,509
397,509
382,509
287,509
204,509
154,509
97,509
75,509
10,509
1333,510
1295,510
1293,510
1280,510
1274,510
1268,510
1173,510
1159,510
1140,510
1124,510
1099,510
1065,510
1060,510
1048,510
842,510
822,510
821,510
769,510
716,510
686,510
679,510
628,510
598,510
462,510
293,510
266,510
227,510
204,510
178,510
175,510
154,510
145,510
63,510
46,510
24,510
1332,511
1311,511
1238,511
1231,511
1224,511
1223,511
1050,511
1007,511
980,511
962,511
871,511
727,511
639,511
606,511
489,511
465,511
439,511
412,511
394,511
349,511
348,511
282,511
281,511
176,511
105,511
64,511
52,511
49,511
47,511
45,511
44,511
34,511
32,511
31,511
25,511
1348,512
1335,512
1300,512
1294,512
1293,512
1149,512
1141,512
1060,512
1038,512
1035,512
936,512
917,512
906,512
899,512
890,512
887,512
879,512
864,512
803,512
802,512
791,512
787,512
781,512
777,512
775,512
712,512
664,512
616,512
415,512
313,512
276,512
217,512
104,512
101,512
86,512
1341,513
1274,513
1210,513
1202,513
1172,513
1155,513
1135,513
1129,513
1122,513
1101,513
1029,513
996,513
975,513
922,513
852,513
810,513
691,513
594,513
576,513
541,513
537,513
532,513
476,513
447,513
431,513
385,513
357,513
356,513
309,513
233,513
93,513
40,513
35,513
34,513
29,513
1332,514
1311,514
1238,514
1224,514
1203,514
1201,514
1007,514
980,514
962,514
746,514
727,514
724,514
657,514
639,514
593,514
552,514
550,514
512,514
465,514
359,514
349,514
348,514
282,514
278,514
274,514
176,514
105,514
49,514
48,514
47,514
45,514
44,514
31,514
25,514
18,514
1334,515
1324,515
1262,515
1217,515
1167,515
1132,515
1125,515
1104,515
1056,515
1027,515
970,515
956,515
896,515
833,515
773,515
769,515
764,515
748,515
745,515
743,515
725,515
691,515
680,515
677,515
564,515
428,515
426,515
400,515
388,515
384,515
288,515
287,515
232,515
183,515
67,515
1258,516
1245,516
1236,516
1111,516
1095,516
1055,516
913,516
911,516
867,516
846,516
828,516
823,516
707,516
700,516
696,516
690,516
686,516
628,516
598,516
549,516
500,516
456,516
434,516
427,516
417,516
393,516
293,516
268,516
188,516
119,516
102,516
59,516
57,516
49,516
22,516
1337,517
1300,517
1173,517
1141,517
1135,517
1132,517
1123,517
1112,517
1099,517
1039,517
1018,517
989,517
975,517
959,517
913,517
912,517
901,517
881,517
697,517
653,517
636,517
598,517
579,517
549,517
431,517
413,517
397,517
366,517
327,517
317,517
303,517
293,517
286,517
253,517
99,517
1323,518
1255,518
1246,518
1227,518
1123,518
1108,518
1050,518
1019,518
1016,518
998,518
864,518
857,518
844,518
818,518
803,518
797,518
771,518
769,518
757,518
725,518
715,518
679,518
672,518
664,518
636,518
625,518
619,518
615,518
509,518
418,518
366,518
341,518
338,518
303,518
37,518
1333,519
1295,519
1293,519
1280,519
1274,519
1268,519
1173,519
1159,519
1140,519
1124,519
1099,519
1065,519
1060,519
1048,519
842,519
821,519
769,519
716,519
686,519
679,519
628,519
598,519
462,519
293,519
266,519
227,519
204,519
178,519
175,519
154,519
145,519
63,519
46,519
36,519
24,519
1280,520
1272,520
1250,520
1232,520
1132,520
1065,520
928,520
792,520
742,520
721,520
602,520
598,520
580,520
574,520
571,520
565,520
561,520
558,520
555,520
545,520
542,520
541,520
524,520
520,520
519,520
499,520
493,520
416,520
357,520
253,520
251,520
184,520
102,520
91,520
34,520
1329,521
1323,521
1234,521
1214,521
1179,521
1132,521
998,521
982,521
958,521
955,521
913,521
842,521
832,521
787,521
666,521
646,521
615,521
580,521
427,521
411,521
342,521
331,521
327,521
301,521
204,521
181,521
169,521
168,521
124,521
106,521
78,521
57,521
51,521
41,521
37,521
1293,522
1281,522
1259,522
1229,522
1169,522
1161,522
1154,522
1141,522
1134,522
1132,522
1123,522
1094,522
1019,522
1016,522
979,522
976,522
855,522
844,522
840,522
837,522
822,522
794,522
771,522
750,522
715,522
679,522
619,522
598,522
584,522
532,522
411,522
122,522
57,522
33,522
24,522
1323,523
1243,523
1203,523
1194,523
1150,523
1091,523
929,523
890,523
879,523
854,523
837,523
793,523
775,523
710,523
687,523
652,523
625,523
615,523
593,523
550,523
512,523
509,523
462,523
446,523
367,523
331,523
305,523
281,523
275,523
181,523
111,523
82,523
78,523
22,523
10,523
1324,524
1299,524
1290,524
1262,524
1245,524
1217,524
1167,524
1115,524
1104,524
1056,524
1027,524
970,524
956,524
896,524
833,524
773,524
745,524
680,524
677,524
521,524
431,524
426,524
400,524
397,524
388,524
384,524
347,524
288,524
287,524
232,524
183,524
164,524
73,524
66,524
10,524
1323,525
1297,525
1235,525
1228,525
1227,525
1220,525
1089,525
1048,525
1020,525
1019,525
929,525
918,525
888,525
886,525
848,525
763,525
756,525
716,525
710,525
694,525
652,525
615,525
561,525
485,525
446,525
336,525
277,525
275,525
181,525
124,525
111,525
78,525
37,525
14,525
10,525
1333,526
1295,526
1293,526
1280,526
1274,526
1268,526
1236,526
1173,526
1159,526
1140,526
1124,526
1099,526
1065,526
1060,526
1048,526
842,526
821,526
769,526
716,526
686,526
679,526
660,526
628,526
598,526
462,526
293,526
266,526
227,526
204,526
178,526
175,526
145,526
63,526
46,526
24,526
1332,527
1326,527
1311,527
1261,527
1239,527
1201,527
1007,527
980,527
972,527
953,527
880,527
817,527
727,527
723,527
671,527
652,527
614,527
489,527
465,527
412,527
352,527
348,527
281,527
278,527
186,527
123,527
111,527
94,527
56,527
52,527
48,527
47,527
32,527
31,527
25,527
1334,528
1324,528
1299,528
1262,528
1231,528
1217,528
1167,528
1121,528
1115,528
1104,528
1056,528
1027,528
970,528
956,528
896,528
833,528
773,528
763,528
748,528
745,528
725,528
680,528
677,528
521,528
513,528
400,528
388,528
384,528
347,528
288,528
287,528
232,528
183,528
164,528
10,528
1306,529
1247,529
1244,529
1157,529
1128,529
1061,529
1003,529
976,529
932,529
915,529
899,529
888,529
887,529
864,529
824,529
802,529
798,529
781,529
771,529
758,529
712,529
688,529
672,529
664,529
653,529
626,529
616,529
526,529
423,529
399,529
373,529
370,529
222,529
169,529
160,529
1334,530
1324,530
1284,530
1262,530
1217,530
1167,530
1115,530
1104,530
1056,530
1027,530
1010,530
970,530
896,530
858,530
833,530
763,530
748,530
745,530
680,530
677,530
521,530
400,530
397,530
388,530
384,530
333,530
288,530
287,530
250,530
235,530
232,530
151,530
73,530
15,530
10,530
1342,531
1323,531
1314,531
1295,531
1246,531
1241,531
1239,531
1232,531
1216,531
1155,531
1145,531
1129,531
1115,531
1023,531
965,531
918,531
854,531
837,531
650,531
615,531
603,531
595,531
576,531
534,531
447,531
416,531
328,531
298,531
275,531
181,531
111,531
86,531
82,531
78,531
53,531
1290,532
1281,532
1275,532
1263,532
1260,532
1255,532
1249,532
1248,532
1186,532
1176,532
1106,532
1096,532
1069,532
1065,532
1059,532
1057,532
1027,532
1015,532
859,532
858,532
843,532
833,532
801,532
773,532
772,532
763,532
698,532
680,532
646,532
501,532
443,532
310,532
168,532
41,532
15,532
1278,533
1275,533
1224,533
1210,533
1199,533
1198,533
1196,533
1181,533
1158,533
1157,533
1144,533
1130,533
1120,533
1089,533
1081,533
1056,533
1019,533
940,533
847,533
769,533
748,533
697,533
680,533
666,533
646,533
602,533
555,533
395,533
382,533
287,533
229,533
175,533
129,533
62,533
36,533
1334,534
1324,534
1299,534
1262,534
1217,534
1167,534
1148,534
1125,534
1104,534
1027,534
993,534
970,534
956,534
886,534
833,534
806,534
764,534
748,534
745,534
743,534
725,534
714,534
691,534
680,534
677,534
641,534
431,534
428,534
400,534
388,534
308,534
288,534
287,534
164,534
73,534
1352,535
1322,535
1295,535
1280,535
1198,535
1185,535
1179,535
1162,535
1150,535
1144,535
1129,535
1085,535
1075,535
1072,535
1059,535
1012,535
873,535
797,535
663,535
600,535
546,535
501,535
431,535
409,535
377,535
314,535
306,535
301,535
287,535
286,535
272,535
233,535
116,535
48,535
21,535
1333,536
1295,536
1293,536
1280,536
1274,536
1268,536
1173,536
1159,536
1140,536
1124,536
1099,536
1072,536
1065,536
1060,536
1048,536
976,536
842,536
821,536
771,536
769,536
716,536
702,536
679,536
598,536
462,536
312,536
293,536
204,536
175,536
154,536
145,536
97,536
63,536
46,536
24,536
1299,537
1290,537
1262,537
1217,537
1199,537
1167,537
1115,537
1056,537
1027,537
956,537
896,537
833,537
773,537
763,537
680,537
677,537
539,537
480,537
431,537
428,537
426,537
409,537
403,537
400,537
388,537
384,537
347,537
288,537
287,537
232,537
183,537
167,537
164,537
66,537
10,537
1299,538
1290,538
1255,538
1250,538
1217,538
1200,538
896,538
843,538
802,538
763,538
753,538
746,538
691,538
680,538
600,538
575,538
564,538
546,538
539,538
482,538
480,538
462,538
428,538
357,538
348,538
267,538
229,538
157,538
107,538
75,538
73,538
61,538
54,538
42,538
32,538
1338,539
1336,539
1274,539
1255,539
1241,539
1200,539
1160,539
1111,539
1108,539
1075,539
1055,539
1042,539
998,539
989,539
987,539
955,539
952,539
856,539
814,539
740,539
728,539
667,539
620,539
570,539
526,539
442,539
418,539
413,539
392,539
390,539
365,539
324,539
317,539
124,539
19,539
1342,540
1323,540
1306,540
1305,540
1259,540
1246,540
1239,540
1238,540
1229,540
1227,540
1164,540
1135,540
1128,540
1108,540
1080,540
1023,540
1019,540
907,540
900,540
857,540
848,540
837,540
728,540
664,540
598,540
593,540
550,540
512,540
446,540
439,540
222,540
111,540
82,540
58,540
51,540
1262,541
1240,541
1201,541
1148,541
1107,541
1062,541
928,541
923,541
753,541
751,541
746,541
692,541
670,541
655,541
638,541
564,541
539,541
527,541
506,541
493,541
480,541
479,541
460,541
432,541
429,541
428,541
400,541
347,541
321,541
172,541
132,541
90,541
67,541
10,541
5,541
1337,542
1203,542
1200,542
1112,542
1060,542
1055,542
1042,542
1039,542
1038,542
1020,542
989,542
924,542
919,542
895,542
722,542
706,542
665,542
570,542
549,542
507,542
451,542
413,542
392,542
365,542
349,542
340,542
318,542
195,542
124,542
108,542
101,542
82,542
57,542
18,542
9,542
1296,543
1293,543
1256,543
1210,543
1202,543
1174,543
1138,543
1133,543
1123,543
1081,543
1076,543
1060,543
1030,543
997,543
976,543
955,543
915,543
886,543
873,543
864,543
844,543
837,543
793,543
771,543
706,543
598,543
595,543
487,543
427,543
423,543
408,543
290,543
195,543
84,543
58,543
1344,544
1338,544
1332,544
1320,544
1311,544
1203,544
1007,544
980,544
962,544
929,544
882,544
727,544
717,544
716,544
676,544
665,544
657,544
593,544
550,544
548,544
512,544
451,544
406,544
387,544
349,544
348,544
282,544
186,544
49,544
47,544
45,544
44,544
32,544
31,544
25,544
1350,545
1334,545
1329,545
1290,545
1256,545
1250,545
1217,545
1205,545
1200,545
1104,545
1042,545
970,545
955,545
896,545
886,545
824,545
763,545
697,545
688,545
667,545
620,545
480,545
442,545
428,545
413,545
368,545
357,545
341,545
324,545
290,545
282,545
237,545
183,545
145,545
19,545
1334,546
1324,546
1290,546
1284,546
1262,546
1217,546
1167,546
1148,546
1115,546
1027,546
956,546
886,546
833,546
806,546
773,546
763,546
748,546
745,546
743,546
714,546
697,546
691,546
680,546
677,546
480,546
428,546
400,546
357,546
288,546
232,546
183,546
172,546
75,546
73,546
10,546
1284,547
1280,547
1272,547
1270,547
1268,547
1250,547
1246,547
1239,547
1232,547
1187,547
1167,547
1126,547
1114,547
1077,547
1010,547
963,547
886,547
867,547
858,547
833,547
807,547
717,547
680,547
678,547
663,547
571,547
561,547
493,547
440,547
416,547
287,547
271,547
235,547
135,547
73,547
1342,548
1338,548
1337,548
1329,548
1259,548
1214,548
1203,548
1195,548
1123,548
1072,548
960,548
907,548
856,548
837,548
828,548
797,548
779,548
666,548
593,548
550,548
521,548
513,548
512,548
453,548
392,548
368,548
296,548
282,548
275,548
184,548
161,548
124,548
82,548
73,548
49,548
1334,549
1324,549
1299,549
1290,549
1262,549
1217,549
1167,549
1125,549
1115,549
1104,549
1056,549
1027,549
970,549
956,549
896,549
833,549
748,549
745,549
743,549
725,549
691,549
680,549
677,549
521,549
426,549
400,549
397,549
388,549
384,549
288,549
287,549
232,549
183,549
67,549
10,549
1334,550
1321,550
1243,550
1227,550
1184,550
1167,550
1162,550
1161,550
1104,550
1057,550
1028,550
978,550
970,550
966,550
949,550
896,550
871,550
851,550
845,550
833,550
830,550
797,550
769,550
764,550
763,550
753,550
714,550
691,550
681,550
680,550
546,550
470,550
42,550
24,550
10,550
1324,551
1309,551
1246,551
1209,551
1117,551
1110,551
1089,551
1083,551
1078,551
1042,551
1006,551
986,551
931,551
908,551
899,551
895,551
809,551
769,551
756,551
730,551
725,551
700,551
682,551
663,551
442,551
427,551
383,551
331,551
309,551
288,551
280,551
161,551
106,551
74,551
58,551
1324,552
1290,552
1262,552
1217,552
1167,552
1125,552
1115,552
1104,552
1056,552
1027,552
970,552
896,552
833,552
773,552
769,552
763,552
748,552
745,552
680,552
677,552
521,552
480,552
428,552
426,552
400,552
397,552
388,552
384,552
347,552
288,552
287,552
232,552
183,552
98,552
10,552
1333,553
1295,553
1294,553
1293,553
1280,553
1268,553
1173,553
1159,553
1140,553
1124,553
1099,553
1065,553
1060,553
1048,553
976,553
842,553
821,553
771,553
769,553
716,553
686,553
679,553
628,553
598,553
462,553
408,553
293,553
266,553
204,553
178,553
175,553
145,553
63,553
46,553
24,553
1334,554
1324,554
1262,554
1217,554
1167,554
1121,554
1115,554
1104,554
1056,554
1027,554
970,554
956,554
896,554
833,554
773,554
769,554
748,554
745,554
725,554
680,554
677,554
654,554
592,554
521,554
515,554
513,554
400,554
388,554
384,554
287,554
232,554
183,554
164,554
67,554
6,554
1332,555
1261,555
1211,555
1111,555
1055,555
1050,555
1042,555
817,555
773,555
771,555
727,555
661,555
652,555
614,555
606,555
465,555
444,555
428,555
412,555
400,555
388,555
195,555
188,555
161,555
94,555
89,555
73,555
66,555
57,555
48,555
47,555
31,555
28,555
25,555
18,555
1347,556
1276,556
1275,556
1256,556
1213,556
1211,556
1110,556
1108,556
1070,556
986,556
920,556
903,556
883,556
879,556
864,556
775,556
746,556
740,556
699,556
694,556
649,556
634,556
444,556
427,556
408,556
341,556
338,556
327,556
280,556
275,556
195,556
161,556
109,556
58,556
56,556
1334,557
1324,557
1290,557
1284,557
1262,557
1214,557
1167,557
1148,557
1125,557
1066,557
1049,557
1027,557
970,557
909,557
896,557
833,557
812,557
806,557
795,557
773,557
745,557
743,557
691,557
680,557
677,557
564,557
480,557
431,557
428,557
400,557
288,557
287,557
232,557
183,557
75,557
1281,558
1275,558
1263,558
1260,558
1255,558
1249,558
1248,558
1186,558
1176,558
1106,558
1096,558
1069,558
1059,558
1015,558
859,558
843,558
841,558
801,558
773,558
772,558
680,558
656,558
646,558
480,558
456,558
447,558
443,558
428,558
409,558
325,558
310,558
191,558
159,558
122,558
41,558
1334,559
1324,559
1262,559
1214,559
1175,559
1167,559
1152,559
1104,559
970,559
930,559
896,559
886,559
876,559
841,559
833,559
769,559
763,559
748,559
745,559
715,559
691,559
677,559
470,559
428,559
400,559
397,559
384,559
357,559
287,559
159,559
138,559
73,559
42,559
17,559
10,559
1342,560
1329,560
1323,560
1314,560
1232,560
1227,560
1129,560
998,560
955,560
918,560
916,560
837,560
823,560
787,560
762,560
757,560
615,560
607,560
576,560
447,560
446,560
423,560
418,560
403,560
381,560
328,560
298,560
290,560
275,560
181,560
111,560
93,560
82,560
78,560
37,560
1284,561
1280,561
1255,561
1254,561
1250,561
1178,561
1160,561
1106,561
1101,561
1075,561
1059,561
1057,561
1029,561
939,561
896,561
886,561
858,561
851,561
763,561
731,561
726,561
698,561
692,561
599,561
501,561
454,561
402,561
356,561
272,561
233,561
160,561
41,561
40,561
35,561
15,561
1334,562
1324,562
1299,562
1262,562
1217,562
1167,562
1115,562
1104,562
1056,562
1027,562
970,562
956,562
896,562
833,562
773,562
769,562
763,562
748,562
745,562
725,562
680,562
677,562
654,562
521,562
515,562
400,562
388,562
384,562
347,562
287,562
232,562
183,562
164,562
67,562
6,562
1278,563
1191,563
1182,563
1176,563
1174,563
1123,563
1081,563
1016,563
1015,563
1012,563
978,563
906,563
892,563
843,563
793,563
762,563
722,563
698,563
693,563
683,563
679,563
678,563
668,563
664,563
646,563
634,563
593,563
575,563
550,563
512,563
418,563
327,563
57,563
56,563
33,563
1334,564
1324,564
1299,564
1262,564
1217,564
1167,564
1115,564
1104,564
1056,564
1027,564
970,564
956,564
896,564
833,564
773,564
769,564
763,564
748,564
745,564
725,564
680,564
677,564
521,564
400,564
397,564
388,564
384,564
347,564
288,564
287,564
232,564
183,564
164,564
73,564
10,564
1323,565
1280,565
1246,565
1239,565
1166,565
1151,565
1122,565
1075,565
1016,565
926,565
908,565
895,565
881,565
793,565
790,565
787,565
771,565
757,565
749,565
682,565
664,565
636,565
616,565
590,565
526,565
493,565
462,565
427,565
418,565
397,565
331,565
309,565
280,565
253,565
37,565
1343,566
1227,566
1214,566
1193,566
1135,566
1095,566
1048,566
1043,566
981,566
977,566
970,566
963,566
952,566
918,566
900,566
867,566
853,566
834,566
794,566
785,566
741,566
700,566
691,566
403,566
397,566
396,566
342,566
324,566
302,566
297,566
287,566
217,566
171,566
110,566
4,566
1280,567
1250,567
1241,567
1203,567
1180,567
1160,567
1136,567
1026,567
960,567
929,567
824,567
807,567
766,567
746,567
716,567
697,567
688,567
629,567
599,567
593,567
550,567
544,567
515,567
512,567
493,567
406,567
403,567
377,567
348,567
290,567
289,567
275,567
215,567
173,567
93,567
1344,568
1332,568
1314,568
1312,568
1311,568
980,568
972,568
962,568
916,568
882,568
727,568
724,568
671,568
639,568
593,568
552,568
550,568
548,568
512,568
446,568
387,568
348,568
276,568
274,568
186,568
176,568
111,568
109,568
105,568
52,568
47,568
44,568
32,568
31,568
25,568
1334,569
1324,569
1262,569
1215,569
1207,569
1185,569
1167,569
1148,569
1120,569
1115,569
1104,569
1049,569
1027,569
993,569
970,569
956,569
930,569
896,569
833,569
806,569
769,569
748,569
745,569
743,569
691,569
680,569
677,569
476,569
431,569
428,569
400,569
397,569
288,569
287,569
232,569
719,570
664,570
642,570
531,570
1301,570
498,570
1286,570
479,570
471,570
449,570
1206,570
1202,570
1183,570
375,570
372,570
346,570
1246,570
312,570
290,570
277,570
261,570
211,570
210,570
198,570
194,570
968,570
151,570
926,570
925,570
887,570
81,570
74,570
864,570
848,570
840,570
1331,571
1299,571
1262,571
1188,571
1167,571
1148,571
1145,571
1118,571
1115,571
1104,571
1023,571
1019,571
1006,571
996,571
970,571
951,571
907,571
833,571
763,571
691,571
677,571
521,571
431,571
400,571
397,571
388,571
384,571
349,571
288,571
287,571
232,571
158,571
75,571
73,571
10,571
1334,572
1284,572
1274,572
1268,572
1267,572
1250,572
1232,572
1187,572
1114,572
1101,572
1012,572
995,572
909,572
896,572
886,572
846,572
763,572
738,572
721,572
680,572
678,572
580,572
564,572
499,572
493,572
456,572
416,572
357,572
282,572
271,572
251,572
191,572
135,572
102,572
34,572
1299,573
1262,573
1104,573
1062,573
1056,573
1010,573
993,573
970,573
942,573
858,573
841,573
836,573
833,573
746,573
677,573
638,573
599,573
564,573
502,573
480,573
431,573
426,573
400,573
384,573
378,573
312,573
288,573
287,573
232,573
229,573
159,573
151,573
90,573
67,573
15,573
1323,574
1252,574
1227,574
1169,574
1145,574
1087,574
1020,574
888,574
872,574
837,574
832,574
814,574
773,574
762,574
728,574
694,574
629,574
615,574
521,574
501,574
446,574
423,574
318,574
317,574
303,574
290,574
275,574
272,574
266,574
195,574
181,574
168,574
82,574
78,574
9,574
1347,575
1323,575
1305,575
1234,575
1213,575
1208,575
1191,575
1141,575
1117,575
1112,575
1083,575
1081,575
971,575
940,575
908,575
844,575
805,575
804,575
803,575
768,575
735,575
679,575
674,575
661,575
615,575
606,575
485,575
468,575
383,575
326,575
315,575
303,575
106,575
83,575
78,575
1334,576
1324,576
1299,576
1262,576
1217,576
1190,576
1167,576
1115,576
1104,576
1056,576
1027,576
970,576
956,576
896,576
833,576
773,576
763,576
748,576
745,576
725,576
680,576
677,576
521,576
400,576
397,576
388,576
384,576
347,576
288,576
287,576
232,576
183,576
164,576
73,576
10,576
1306,577
1301,577
1282,577
1254,577
1246,577
1138,577
1134,577
1096,577
1060,577
1019,577
991,577
978,577
899,577
888,577
887,577
863,577
802,577
798,577
793,577
780,577
728,577
664,577
660,577
634,577
603,577
575,577
447,577
423,577
418,577
357,577
318,577
164,577
116,577
56,577
39,577
1334,578
1299,578
1290,578
1262,578
1167,578
1125,578
1104,578
988,578
970,578
896,578
886,578
833,578
748,578
742,578
697,578
680,578
677,578
460,578
432,578
426,578
400,578
397,578
384,578
347,578
308,578
287,578
193,578
172,578
140,578
136,578
132,578
90,578
74,578
10,578
5,578
1318,579
1307,579
1255,579
1246,579
1132,579
1071,579
979,579
913,579
864,579
863,579
860,579
750,579
662,579
502,579
455,579
447,579
444,579
427,579
420,579
418,579
411,579
374,579
361,579
324,579
293,579
278,579
209,579
168,579
116,579
56,579
48,579
46,579
23,579
9,579
1,579
1262,580
1217,580
1193,580
1167,580
1125,580
1115,580
1111,580
1056,580
1027,580
956,580
896,580
833,580
785,580
773,580
748,580
745,580
711,580
680,580
677,580
452,580
431,580
403,580
400,580
397,580
388,580
384,580
347,580
288,580
287,580
245,580
232,580
183,580
164,580
73,580
10,580
1346,581
1337,581
1320,581
1214,581
1192,581
982,581
936,581
856,581
728,581
724,581
697,581
696,581
648,581
603,581
593,581
550,581
512,581
482,581
418,581
404,581
403,581
393,581
392,581
381,581
364,581
353,581
319,581
290,581
285,581
277,581
268,581
112,581
80,581
59,581
44,581
1290,582
1262,582
1250,582
1217,582
1195,582
1192,582
1167,582
1115,582
1104,582
1056,582
970,582
932,582
896,582
833,582
763,582
748,582
680,582
677,582
515,582
480,582
428,582
403,582
400,582
388,582
384,582
347,582
323,582
319,582
288,582
287,582
232,582
183,582
73,582
36,582
10,582
1323,583
1234,583
1229,583
1224,583
1157,583
1055,583
1006,583
976,583
837,583
827,583
771,583
724,583
715,583
701,583
679,583
615,583
598,583
534,583
444,583
427,583
418,583
403,583
379,583
371,583
361,583
275,583
222,583
181,583
169,583
82,583
57,583
48,583
46,583
44,583
37,583
1317,584
1309,584
1295,584
1282,584
1214,584
1123,584
1089,584
1038,584
1032,584
1018,584
976,584
959,584
931,584
922,584
912,584
878,584
757,584
724,584
693,584
590,584
579,584
549,584
418,584
413,584
385,584
383,584
382,584
365,584
283,584
181,584
124,584
108,584
101,584
78,584
27,584
1262,585
1239,585
1169,585
1160,585
1157,585
1153,585
1145,585
1139,585
1083,585
1080,585
1038,585
943,585
906,585
890,585
887,585
879,585
848,585
822,585
818,585
787,585
779,585
776,585
775,585
715,585
712,585
687,585
664,585
615,585
431,585
423,585
338,585
294,585
275,585
222,585
38,585
1334,586
1319,586
1290,586
1263,586
1255,586
1229,586
1217,586
1194,586
1106,586
1031,586
975,586
896,586
886,586
763,586
714,586
687,586
666,586
637,586
588,586
575,586
546,586
526,586
454,586
428,586
426,586
418,586
413,586
357,586
324,586
293,586
160,586
99,586
80,586
42,586
6,586
1347,587
1343,587
1342,587
1337,587
1319,587
1256,587
1241,587
1217,587
1159,587
998,587
967,587
955,587
903,587
860,587
733,587
694,587
667,587
661,587
569,587
446,587
445,587
444,587
413,587
341,587
339,587
327,587
290,587
286,587
192,587
99,587
98,587
56,587
46,587
19,587
6,587
1323,588
1317,588
1295,588
1259,588
1229,588
1214,588
1181,588
1169,588
1145,588
1128,588
1041,588
1019,588
922,588
857,588
854,588
837,588
832,588
819,588
797,588
777,588
762,588
740,588
676,588
619,588
615,588
605,588
560,588
477,588
435,588
343,588
292,588
190,588
183,588
61,588
6,588
785,589
768,589
760,589
735,589
711,589
683,589
679,589
658,589
650,589
634,589
1345,589
485,589
452,589
437,589
1193,589
1191,589
1182,589
1175,589
1174,589
1230,589
352,589
340,589
327,589
1123,589
1112,589
1111,589
1083,589
242,589
209,589
182,589
971,589
940,589
120,589
838,589
817,589
1306,590
1246,590
1164,590
1128,590
1111,590
1108,590
1060,590
1058,590
1020,590
1016,590
900,590
802,590
787,590
781,590
780,590
756,590
749,590
728,590
682,590
664,590
653,590
636,590
616,590
575,590
546,590
423,590
418,590
411,590
403,590
399,590
318,590
309,590
294,590
58,590
56,590
1341,591
1283,591
1271,591
1206,591
1133,591
880,591
816,591
787,591
771,591
746,591
737,591
716,591
687,591
672,591
670,591
653,591
638,591
598,591
540,591
498,591
493,591
489,591
473,591
435,591
427,591
391,591
378,591
376,591
348,591
269,591
228,591
186,591
145,591
113,591
101,591
1342,592
1335,592
1290,592
1262,592
1219,592
1217,592
1167,592
1056,592
1027,592
956,592
896,592
833,592
773,592
763,592
700,592
680,592
677,592
480,592
431,592
426,592
400,592
397,592
388,592
384,592
347,592
288,592
287,592
232,592
183,592
111,592
75,592
73,592
66,592
22,592
10,592
1333,593
1295,593
1293,593
1280,593
1274,593
1268,593
1236,593
1173,593
1159,593
1140,593
1124,593
1099,593
1072,593
1065,593
1060,593
1048,593
1032,593
842,593
822,593
821,593
769,593
716,593
686,593
628,593
598,593
462,593
293,593
266,593
227,593
204,593
178,593
145,593
63,593
46,593
24,593
1344,594
1338,594
1332,594
1321,594
1311,594
1224,594
1203,594
1200,594
1007,594
980,594
882,594
817,594
727,594
717,594
716,594
665,594
657,594
593,594
550,594
512,594
470,594
455,594
451,594
387,594
349,594
348,594
282,594
186,594
49,594
47,594
45,594
44,594
32,594
31,594
25,594
1343,595
1306,595
1290,595
1254,595
1221,595
1216,595
1212,595
1194,595
1161,595
1153,595
1124,595
1123,595
1122,595
1118,595
1080,595
1076,595
1009,595
989,595
975,595
886,595
881,595
845,595
832,595
818,595
691,595
645,595
632,595
535,595
526,595
513,595
490,595
453,595
379,595
301,595
289,595
1339,596
1306,596
1228,596
1160,596
1138,596
1114,596
1111,596
1077,596
1029,596
1026,596
974,596
918,596
915,596
900,596
899,596
887,596
780,596
575,596
426,596
423,596
390,596
331,596
289,596
286,596
223,596
204,596
198,596
160,596
122,596
116,596
75,596
73,596
58,596
56,596
51,596
1274,597
1272,597
1269,597
1236,597
1214,597
1194,597
1175,597
1171,597
1137,597
1101,597
1061,597
1059,597
1048,597
975,597
957,597
930,597
923,597
901,597
886,597
700,597
698,597
666,597
638,597
529,597
523,597
481,597
454,597
394,597
269,597
236,597
234,597
198,597
162,597
160,597
54,597
1342,598
1338,598
1326,598
1323,598
1203,598
1143,598
1123,598
1055,598
1042,598
987,598
960,598
929,598
837,598
824,598
814,598
728,598
725,598
700,598
688,598
615,598
570,598
534,598
446,598
427,598
379,598
349,598
282,598
275,598
181,598
124,598
111,598
82,598
78,598
57,598
49,598
1338,599
1336,599
1329,599
1317,599
1285,599
1263,599
1164,599
1153,599
1111,599
1108,599
1046,599
1044,599
1041,599
955,599
900,599
818,599
814,599
728,599
702,599
620,599
595,599
593,599
550,599
512,599
477,599
442,599
392,599
368,599
367,599
347,599
324,599
317,599
183,599
178,599
55,599
1337,600
1212,600
1133,600
1132,600
1130,600
1114,600
1055,600
1042,600
983,600
975,600
895,600
861,600
858,600
827,600
809,600
808,600
797,600
717,600
666,600
649,600
603,600
519,600
446,600
427,600
392,600
385,600
336,600
327,600
279,600
189,600
170,600
124,600
108,600
57,600
15,600
1352,601
1324,601
1299,601
1262,601
1167,601
1001,601
956,601
896,601
833,601
748,601
745,601
743,601
691,601
680,601
677,601
564,601
544,601
493,601
480,601
431,601
430,601
428,601
426,601
409,601
400,601
357,601
288,601
287,601
248,601
232,601
183,601
145,601
42,601
36,601
10,601
1326,602
1229,602
1133,602
1132,602
993,602
981,602
979,602
867,602
841,602
766,602
763,602
746,602
732,602
656,602
607,602
588,602
503,602
501,602
494,602
462,602
402,602
272,602
271,602
270,602
237,602
236,602
233,602
166,602
160,602
159,602
135,602
76,602
15,602
12,602
7,602
1342,603
1329,603
1323,603
1259,603
1256,603
1243,603
1229,603
1212,603
1203,603
1130,603
1111,603
995,603
987,603
958,603
955,603
895,603
863,603
857,603
856,603
844,603
665,603
629,603
615,603
603,603
534,603
400,603
392,603
368,603
324,603
275,603
183,603
124,603
106,603
78,603
37,603
1353,604
1284,604
1280,604
1254,604
1227,604
1160,604
1128,604
1101,604
1097,604
1010,604
993,604
979,604
873,604
848,604
833,604
763,604
681,604
668,604
622,604
600,604
478,604
445,604
356,604
306,604
267,604
250,604
233,604
227,604
222,604
168,604
158,604
119,604
107,604
76,604
41,604
1350,605
1334,605
1329,605
1290,605
1256,605
1218,605
1200,605
1111,605
1108,605
1099,605
955,605
886,605
824,605
702,605
688,605
667,605
632,605
564,605
525,605
480,605
442,605
428,605
413,605
384,605
367,605
365,605
341,605
324,605
290,605
183,605
124,605
66,605
54,605
20,605
19,605
1351,606
1275,606
1250,606
1239,606
1061,606
979,606
970,606
839,606
819,606
769,606
720,606
697,606
655,606
638,606
563,606
484,606
448,606
370,606
249,606
237,606
235,606
231,606
215,606
198,606
173,606
160,606
159,606
156,606
152,606
149,606
145,606
100,606
54,606
11,606
7,606
1323,607
1297,607
1295,607
1246,607
1227,607
1184,607
1181,607
1174,607
1135,607
1123,607
1080,607
1063,607
1016,607
1004,607
970,607
933,607
916,607
863,607
854,607
837,607
818,607
797,607
661,607
615,607
534,607
446,607
439,607
418,607
383,607
293,607
275,607
181,607
175,607
111,607
82,607
1333,608
1295,608
1293,608
1280,608
1274,608
1268,608
1173,608
1159,608
1140,608
1124,608
1099,608
1065,608
1060,608
1048,608
1032,608
842,608
821,608
769,608
716,608
686,608
679,608
628,608
598,608
462,608
293,608
266,608
227,608
204,608
178,608
175,608
154,608
145,608
63,608
46,608
24,608
1284,609
1255,609
1212,609
1186,609
1150,609
1010,609
1001,609
979,609
965,609
963,609
952,609
943,609
926,609
848,609
833,609
794,609
789,609
776,609
766,609
762,609
755,609
632,609
535,609
481,609
439,609
306,609
267,609
250,609
168,609
160,609
158,609
107,609
63,609
39,609
27,609
1348,610
1332,610
1314,610
1299,610
1290,610
1261,610
1076,610
1064,610
1035,610
1001,610
956,610
926,610
886,610
776,610
763,610
746,610
727,610
691,610
599,610
489,610
473,610
412,610
357,610
348,610
289,610
267,610
233,610
186,610
157,610
94,610
73,610
61,610
47,610
31,610
25,610
1349,611
1259,611
1214,611
1152,611
1133,611
1129,611
1061,611
1059,611
975,611
886,611
763,611
714,611
697,611
638,611
589,611
529,611
501,611
487,611
484,611
472,611
378,611
377,611
311,611
272,611
246,611
237,611
215,611
189,611
173,611
160,611
149,611
143,611
122,611
74,611
12,611
1346,612
1329,612
1236,612
1203,612
1192,612
1046,612
1044,612
1041,612
1011,612
1005,612
987,612
960,612
936,612
727,612
696,612
648,612
595,612
442,612
418,612
414,612
393,612
384,612
381,612
364,612
353,612
349,612
323,612
319,612
296,612
285,612
282,612
268,612
112,612
59,612
45,612
1307,613
1287,613
1246,613
1060,613
1028,613
1014,613
978,613
912,613
906,613
894,613
878,613
802,613
793,613
780,613
749,613
708,613
693,613
682,613
668,613
664,613
628,613
610,613
575,613
418,613
405,613
376,613
318,613
292,613
289,613
280,613
229,613
102,613
57,613
56,613
33,613
1323,614
1309,614
1295,614
1257,614
1218,614
1216,614
1157,614
1135,614
1118,614
1019,614
1006,614
996,614
947,614
941,614
879,614
863,614
857,614
854,614
828,614
775,614
615,614
584,614
477,614
359,614
347,614
342,614
294,614
292,614
275,614
195,614
180,614
124,614
100,614
82,614
66,614
1239,615
1218,615
1197,615
1164,615
1141,615
1138,615
1078,615
1065,615
1031,615
1028,615
1014,615
978,615
972,615
918,615
906,615
793,615
771,615
708,615
700,615
682,615
668,615
664,615
648,615
575,615
418,615
414,615
379,615
376,615
370,615
338,615
309,615
253,615
57,615
56,615
33,615
1344,616
1332,616
1320,616
1312,616
1238,616
1007,616
982,616
980,616
972,616
962,616
916,616
882,616
727,616
724,616
671,616
639,616
593,616
552,616
550,616
548,616
512,616
446,616
387,616
276,616
274,616
176,616
111,616
109,616
105,616
56,616
52,616
47,616
44,616
31,616
25,616
1323,617
1239,617
1227,617
1224,617
1216,617
1145,617
1122,617
1055,617
1050,617
1023,617
924,617
844,617
837,617
771,617
715,617
679,617
672,617
664,617
646,617
598,617
584,617
427,617
421,617
418,617
411,617
403,617
392,617
384,617
317,617
284,617
222,617
204,617
154,617
58,617
57,617
1274,618
1257,618
1246,618
1181,618
1172,618
1150,618
1122,618
1097,618
1079,618
1065,618
1019,618
965,618
959,618
952,618
907,618
858,618
855,618
848,618
818,618
681,618
666,618
634,618
621,618
602,618
600,618
579,618
555,618
476,618
439,618
356,618
235,618
168,618
76,618
27,618
15,618
1347,619
1343,619
1337,619
1329,619
1324,619
1256,619
1123,619
1108,619
1042,619
998,619
955,619
903,619
844,619
757,619
749,619
728,619
661,619
649,619
570,619
444,619
427,619
411,619
339,619
292,619
290,619
280,619
188,619
161,619
108,619
98,619
84,619
58,619
57,619
46,619
37,619
1327,620
1316,620
1284,620
1281,620
1243,620
1194,620
1096,620
1081,620
1012,620
899,620
846,620
842,620
722,620
679,620
672,620
666,620
634,620
627,620
621,620
619,620
568,620
540,620
526,620
524,620
480,620
446,620
428,620
411,620
378,620
371,620
280,620
178,620
166,620
91,620
73,620
1333,621
1295,621
1293,621
1280,621
1274,621
1268,621
1239,621
1207,621
1173,621
1159,621
1140,621
1124,621
1099,621
1065,621
1048,621
851,621
842,621
821,621
807,621
769,621
716,621
633,621
628,621
598,621
476,621
462,621
435,621
266,621
227,621
204,621
178,621
145,621
63,621
46,621
24,621
1332,622
1314,622
1312,622
1311,622
1238,622
1224,622
1203,622
1201,622
1035,622
1007,622
980,622
962,622
746,622
727,622
724,622
657,622
639,622
552,622
465,622
349,622
348,622
282,622
278,622
276,622
274,622
176,622
105,622
49,622
48,622
47,622
46,622
45,622
31,622
25,622
18,622
1326,623
1323,623
1297,623
1246,623
1227,623
1214,623
1173,623
1145,623
1092,623
1019,623
996,623
979,623
952,623
900,623
880,623
848,623
833,623
794,623
766,623
737,623
687,623
615,623
446,623
421,623
411,623
370,623
235,623
222,623
211,623
171,623
145,623
134,623
127,623
78,623
22,623
1324,624
1318,624
1276,624
1213,624
1123,624
1070,624
1060,624
924,624
890,624
787,624
781,624
771,624
760,624
757,624
756,624
750,624
745,624
741,624
740,624
735,624
725,624
701,624
699,624
693,624
683,624
678,624
634,624
616,624
525,624
427,624
303,624
259,624
177,624
108,624
89,624
1346,625
1342,625
1336,625
1254,625
1241,625
1226,625
1161,625
1046,625
1024,625
1011,625
1005,625
929,625
909,625
724,625
720,625
685,625
659,625
615,625
593,625
590,625
575,625
552,625
550,625
512,625
392,625
367,625
282,625
274,625
161,625
109,625
78,625
74,625
45,625
14,625
11,625
1323,626
1297,626
1295,626
1229,626
1227,626
1183,626
1166,626
1151,626
1146,626
1132,626
1089,626
991,626
916,626
907,626
837,626
791,626
773,626
757,626
750,626
722,626
615,626
584,626
577,626
529,626
446,626
403,626
379,626
275,626
181,626
175,626
158,626
111,626
82,626
78,626
34,626
1323,627
1315,627
1297,627
1218,627
1191,627
1169,627
1155,627
1145,627
1135,627
1123,627
1115,627
1099,627
1089,627
1019,627
996,627
933,627
917,627
863,627
854,627
837,627
787,627
710,627
650,627
615,627
526,627
477,627
403,627
401,627
292,627
275,627
181,627
86,627
82,627
78,627
22,627
1323,628
1304,628
1241,628
1193,628
1169,628
1155,628
1135,628
1111,628
1046,628
1026,628
837,628
785,628
716,628
700,628
697,628
638,628
615,628
534,628
482,628
466,628
448,628
397,628
367,628
342,628
324,628
297,628
290,628
282,628
275,628
256,628
158,628
119,628
82,628
78,628
44,628
1306,629
1297,629
1246,629
1217,629
1216,629
1145,629
1120,629
1115,629
1104,629
1080,629
1056,629
1023,629
1016,629
1006,629
976,629
970,629
956,629
919,629
907,629
855,629
819,629
818,629
769,629
664,629
619,629
615,629
518,629
426,629
347,629
288,629
287,629
260,629
232,629
183,629
69,629
1317,630
1272,630
1243,630
1221,630
1179,630
1173,630
1110,630
1081,630
1029,630
986,630
900,630
863,630
850,630
797,630
757,630
700,630
645,630
620,630
580,630
575,630
563,630
536,630
500,630
477,630
456,630
451,630
388,630
379,630
315,630
297,630
289,630
286,630
210,630
135,630
124,630
1342,631
1335,631
1323,631
1295,631
1219,631
1135,631
1064,631
1028,631
1009,631
1006,631
980,631
931,631
918,631
906,631
898,631
890,631
783,631
757,631
710,631
705,631
685,631
684,631
652,631
575,631
485,631
397,631
379,631
358,631
295,631
275,631
182,631
181,631
124,631
82,631
78,631
1323,632
1308,632
1300,632
1276,632
1259,632
1246,632
1128,632
991,632
955,632
894,632
887,632
883,632
832,632
803,632
802,632
797,632
793,632
781,632
740,632
724,632
664,632
638,632
575,632
462,632
455,632
435,632
426,632
415,632
407,632
338,632
292,632
222,632
183,632
145,632
83,632
1322,633
1274,633
1254,633
1236,633
1196,633
1179,633
1147,633
1129,633
1122,633
936,633
922,633
766,633
728,633
696,633
691,633
666,633
600,633
546,633
454,633
447,633
417,633
393,633
364,633
356,633
353,633
306,633
301,633
285,633
268,633
235,633
233,633
168,633
112,633
61,633
22,633
1338,634
1321,634
1265,634
1243,634
1236,634
1226,634
1159,634
1147,634
1094,634
1067,634
1065,634
1033,634
1010,634
993,634
938,634
909,634
853,634
846,634
821,634
727,634
696,634
675,634
658,634
644,634
628,634
513,634
507,634
504,634
470,634
456,634
268,634
267,634
250,634
157,634
13,634
1319,635
1284,635
1267,635
1265,635
1251,635
1194,635
1172,635
1159,635
1129,635
1098,635
1067,635
1031,635
1010,635
967,635
938,635
937,635
909,635
853,635
846,635
838,635
696,635
690,635
675,635
666,635
662,635
658,635
644,635
268,635
250,635
168,635
156,635
99,635
98,635
32,635
13,635
1300,636
1293,636
1258,636
1246,636
1218,636
1191,636
1181,636
1169,636
1155,636
1153,636
1138,636
1108,636
1095,636
1081,636
1060,636
1039,636
1034,636
927,636
922,636
837,636
818,636
768,636
741,636
708,636
679,636
674,636
488,636
448,636
423,636
397,636
343,636
336,636
289,636
120,636
60,636
1333,637
1295,637
1294,637
1293,637
1280,637
1274,637
1268,637
1173,637
1159,637
1140,637
1124,637
1099,637
1065,637
1060,637
1048,637
842,637
822,637
821,637
771,637
769,637
716,637
686,637
679,637
628,637
598,637
462,637
293,637
266,637
204,637
178,637
175,637
145,637
63,637
46,637
24,637
1341,638
1318,638
1305,638
1210,638
1132,638
1123,638
1100,638
1039,638
1034,638
975,638
934,638
927,638
924,638
890,638
782,638
773,638
768,638
762,638
760,638
759,638
758,638
733,638
722,638
701,638
648,638
494,638
485,638
427,638
423,638
366,638
161,638
120,638
104,638
84,638
24,638
1335,639
1306,639
1284,639
1217,639
1046,639
1044,639
1027,639
1006,639
996,639
896,639
858,639
833,639
773,639
763,639
746,639
680,639
638,639
626,639
428,639
400,639
388,639
384,639
357,639
288,639
229,639
183,639
160,639
93,639
90,639
73,639
67,639
66,639
42,639
15,639
10,639
1334,640
1272,640
1270,640
1268,640
1243,640
1237,640
1235,640
1233,640
1204,640
1194,640
1126,640
1066,640
952,640
947,640
941,640
737,640
721,640
672,640
637,640
607,640
583,640
580,640
571,640
562,640
457,640
456,640
455,640
385,640
375,640
260,640
243,640
168,640
61,640
12,640
3,640
1333,641
1320,641
1319,641
1312,641
1216,641
1154,641
1151,641
1128,641
1101,641
1085,641
1072,641
972,641
948,641
882,641
876,641
869,641
841,641
724,641
695,641
637,641
577,641
541,641
464,641
454,641
413,641
324,641
293,641
277,641
276,641
204,641
200,641
159,641
154,641
82,641
44,641
1344,642
1332,642
1320,642
1312,642
1311,642
1238,642
1224,642
1008,642
982,642
980,642
972,642
962,642
916,642
882,642
727,642
724,642
671,642
639,642
593,642
552,642
550,642
548,642
512,642
387,642
348,642
276,642
274,642
176,642
109,642
105,642
52,642
47,642
44,642
31,642
25,642
1188,643
771,643
100,643
249,643
1331,643
528,643
1298,643
312,643
465,643
1233,643
1232,643
413,643
1201,643
335,643
293,643
1077,643
534,643
1053,643
1052,643
1023,643
1013,643
1007,643
174,643
473,643
153,643
948,643
141,643
925,643
907,643
95,643
79,643
70,643
866,643
62,643
3,643
1349,644
1333,644
1330,644
1259,644
1250,644
1194,644
1181,644
1173,644
1156,644
1110,644
1061,644
986,644
975,644
963,644
901,644
883,644
869,644
867,644
805,644
801,644
769,644
755,644
717,644
697,644
638,644
589,644
422,644
293,644
191,644
160,644
145,644
122,644
74,644
53,644
27,644
1346,645
1329,645
1306,645
1195,645
1128,645
1046,645
1044,645
1041,645
1011,645
1005,645
936,645
855,645
824,645
728,645
702,645
688,645
615,645
507,645
442,645
418,645
413,645
393,645
384,645
381,645
353,645
349,645
342,645
324,645
323,645
285,645
282,645
178,645
124,645
59,645
23,645
1328,646
1326,646
1307,646
1244,646
1150,646
1149,646
1107,646
1084,646
1082,646
1057,646
1054,646
1014,646
963,646
943,646
932,646
881,646
880,646
783,646
764,646
641,646
640,646
569,646
523,646
438,646
434,646
373,646
358,646
314,646
241,646
224,646
213,646
199,646
165,646
162,646
137,646
1346,647
1344,647
1338,647
1319,647
1304,647
1288,647
1241,647
1217,647
1194,647
1071,647
1043,647
989,647
967,647
853,647
728,647
665,647
507,647
497,647
482,647
466,647
418,647
413,647
404,647
392,647
387,647
365,647
329,647
324,647
293,647
290,647
277,647
99,647
59,647
55,647
20,647
1349,648
1310,648
1269,648
1227,648
1216,648
1214,648
1175,648
1137,648
1019,648
957,648
952,648
943,648
848,648
794,648
789,648
769,648
762,648
715,648
635,648
599,648
589,648
523,648
490,648
363,648
255,648
236,648
234,648
233,648
222,648
212,648
162,648
107,648
42,648
39,648
11,648
1305,649
1278,649
1259,649
1222,649
1220,649
1182,649
1145,649
1111,649
1089,649
1081,649
1078,649
1026,649
1017,649
890,649
807,649
787,649
768,649
762,649
725,649
722,649
706,649
701,649
687,649
679,649
659,649
648,649
605,649
568,649
414,649
392,649
379,649
161,649
101,649
84,649
82,649
1323,650
1306,650
1260,650
1227,650
1214,650
1158,650
1155,650
1145,650
1128,650
1104,650
1035,650
1019,650
1015,650
1006,650
996,650
979,650
970,650
928,650
876,650
873,650
859,650
854,650
843,650
832,650
712,650
615,650
588,650
575,650
411,650
286,650
284,650
271,650
270,650
222,650
156,650
1335,651
1306,651
1254,651
1229,651
1216,651
1212,651
1160,651
1128,651
1076,651
1056,651
1003,651
976,651
965,651
943,651
887,651
879,651
864,651
844,651
791,651
787,651
786,651
775,651
712,651
674,651
626,651
575,651
539,651
526,651
453,651
447,651
423,651
384,651
342,651
289,651
93,651
1323,652
1297,652
1266,652
1263,652
1234,652
1132,652
1128,652
1111,652
1097,652
924,652
863,652
837,652
822,652
787,652
747,652
724,652
720,652
710,652
650,652
615,652
446,652
379,652
369,652
293,652
282,652
279,652
181,652
126,652
111,652
82,652
78,652
74,652
37,652
34,652
22,652
1349,653
1259,653
1214,653
1152,653
1133,653
1129,653
1061,653
1059,653
975,653
886,653
763,653
714,653
697,653
638,653
589,653
529,653
501,653
487,653
484,653
472,653
378,653
377,653
311,653
272,653
246,653
237,653
215,653
189,653
173,653
160,653
149,653
143,653
122,653
74,653
12,653
1328,654
1326,654
1307,654
1246,654
1209,654
1107,654
1084,654
1082,654
1065,654
1028,654
1014,654
963,654
932,654
880,654
783,654
777,654
766,654
764,654
692,654
682,654
644,654
641,654
640,654
523,654
434,654
373,654
358,654
241,654
224,654
213,654
199,654
196,654
165,654
137,654
29,654
1297,655
1292,655
1275,655
1274,655
1234,655
1195,655
1171,655
1156,655
1145,655
1050,655
1029,655
982,655
955,655
915,655
900,655
890,655
881,655
771,655
769,655
722,655
715,655
652,655
619,655
610,655
520,655
421,655
414,655
411,655
376,655
366,655
289,655
100,655
84,655
76,655
53,655
1352,656
1327,656
1319,656
1316,656
1268,656
1246,656
1234,656
1224,656
1176,656
1123,656
1101,656
1075,656
1059,656
913,656
895,656
876,656
844,656
843,656
724,656
706,656
701,656
660,656
621,656
606,656
568,656
494,656
493,656
491,656
427,656
385,656
371,656
168,656
34,656
32,656
18,656
1300,657
1295,657
1278,657
1275,657
1213,657
1212,657
1174,657
1173,657
1138,657
1112,657
1099,657
1089,657
1037,657
989,657
927,657
912,657
836,657
828,657
768,657
735,657
689,657
684,657
666,657
646,657
525,657
488,657
481,657
448,657
382,657
344,657
299,657
221,657
145,657
58,657
34,657
1334,658
1302,658
1301,658
1292,658
1233,658
1217,658
1198,658
1183,658
990,658
925,658
867,658
753,658
680,658
677,658
610,658
531,658
455,658
449,658
428,658
426,658
388,658
378,658
375,658
372,658
312,658
229,658
223,658
175,658
138,658
79,658
67,658
42,658
24,658
17,658
3,658
1302,659
1292,659
1286,659
1250,659
1217,659
1167,659
1142,659
990,659
763,659
753,659
747,659
680,659
623,659
599,659
468,659
457,659
449,659
428,659
426,659
386,659
378,659
375,659
372,659
354,659
312,659
270,659
246,659
237,659
229,659
223,659
149,659
138,659
67,659
42,659
17,659
1334,660
1299,660
1290,660
1262,660
1217,660
1104,660
1087,660
1056,660
1027,660
970,660
896,660
841,660
833,660
773,660
714,660
680,660
677,660
480,660
428,660
426,660
403,660
400,660
397,660
388,660
384,660
357,660
288,660
287,660
232,660
183,660
164,660
159,660
80,660
73,660
67,660
903,661
784,661
1174,661
377,661
1167,661
366,661
752,661
728,661
708,661
1095,661
1094,661
685,661
676,661
634,661
234,661
1024,661
625,661
616,661
1000,661
183,661
181,661
969,661
1330,661
129,661
509,661
1300,661
901,661
892,661
488,661
877,661
42,661
828,661
814,661
9,661
1199,661
1335,662
1307,662
1306,662
1258,662
1254,662
1246,662
1158,662
1145,662
1111,662
1035,662
991,662
911,662
900,662
844,662
826,662
781,662
780,662
708,662
619,662
605,662
575,662
447,662
436,662
435,662
394,662
389,662
318,662
317,662
293,662
282,662
220,662
160,662
49,662
20,662
18,662
1323,663
1297,663
1211,663
1208,663
1164,663
1124,663
1123,663
1112,663
1111,663
1086,663
1080,663
1050,663
971,663
969,663
934,663
924,663
913,663
908,663
822,663
803,663
793,663
733,663
725,663
679,663
672,663
661,663
636,663
619,663
421,663
418,663
399,663
188,663
161,663
58,663
57,663
1333,664
1295,664
1293,664
1280,664
1274,664
1268,664
1173,664
1159,664
1140,664
1124,664
1099,664
1072,664
1065,664
1060,664
1048,664
842,664
822,664
821,664
769,664
716,664
679,664
628,664
598,664
462,664
293,664
266,664
204,664
178,664
175,664
154,664
145,664
63,664
46,664
36,664
24,664
1323,665
1306,665
1297,665
1295,665
1216,665
1181,665
1169,665
1132,665
1044,665
1019,665
1006,665
996,665
970,665
907,665
888,665
863,665
857,665
854,665
787,665
689,665
676,665
616,665
615,665
560,665
448,665
446,665
418,665
403,665
362,665
287,665
284,665
275,665
181,665
104,665
10,665
1324,666
1306,666
1299,666
1290,666
1262,666
1217,666
1167,666
1056,666
1031,666
1027,666
899,666
896,666
887,666
851,666
791,666
786,666
782,666
781,666
773,666
771,666
745,666
712,666
691,666
680,666
423,666
400,666
388,666
384,666
347,666
288,666
232,666
164,666
73,666
42,666
10,666
1341,667
1320,667
1314,667
1232,667
1199,667
1173,667
1150,667
1129,667
1101,667
1087,667
1075,667
1065,667
920,667
918,667
873,667
859,667
762,667
695,667
689,667
600,667
576,667
546,667
541,667
524,667
447,667
431,667
356,667
332,667
328,667
298,667
267,667
103,667
75,667
61,667
38,667
1333,668
1295,668
1293,668
1280,668
1274,668
1268,668
1173,668
1159,668
1140,668
1124,668
1099,668
1065,668
1060,668
1048,668
1032,668
842,668
822,668
821,668
769,668
716,668
686,668
679,668
628,668
598,668
462,668
293,668
266,668
227,668
204,668
178,668
154,668
145,668
63,668
46,668
24,668
1315,669
1281,669
1263,669
1255,669
1249,669
1246,669
1160,669
1122,669
1096,669
1077,669
1075,669
1029,669
1002,669
992,669
873,669
853,669
769,669
733,669
662,669
598,669
539,669
520,669
374,669
356,669
301,669
233,669
198,669
168,669
158,669
93,669
53,669
40,669
35,669
34,669
23,669
1342,670
1323,670
1297,670
1259,670
1237,670
1227,670
1160,670
1157,670
1153,670
1135,670
1118,670
1089,670
1080,670
1016,670
895,670
857,670
837,670
833,670
818,670
793,670
652,670
650,670
615,670
598,670
561,670
560,670
446,670
439,670
411,670
302,670
181,670
111,670
82,670
78,670
48,670
1350,671
1346,671
1336,671
1329,671
1287,671
1044,671
1041,671
1011,671
987,671
955,671
878,671
856,671
820,671
793,671
727,671
708,671
693,671
678,671
667,671
577,671
576,671
324,671
323,671
303,671
275,671
233,671
111,671
103,671
66,671
60,671
59,671
45,671
33,671
20,671
19,671
1334,672
1327,672
1316,672
1214,672
1144,672
1128,672
1106,672
1103,672
979,672
928,672
926,672
876,672
873,672
861,672
774,672
766,672
621,672
588,672
580,672
571,672
565,672
563,672
515,672
494,672
491,672
416,672
271,672
270,672
253,672
190,672
168,672
156,672
146,672
51,672
12,672
1336,673
1329,673
1317,673
1285,673
1193,673
1111,673
1071,673
1055,673
989,673
814,673
813,673
785,673
728,673
679,673
595,673
507,673
477,673
466,673
451,673
442,673
404,673
392,673
367,673
365,673
358,673
347,673
340,673
329,673
324,673
317,673
188,673
183,673
124,673
55,673
9,673
1312,674
1308,674
1288,674
1267,674
1221,674
1168,674
1152,674
1079,674
1041,674
1023,674
1019,674
998,674
883,674
882,674
841,674
824,674
746,674
724,674
688,674
645,674
583,674
575,674
477,674
476,674
395,674
384,674
293,674
253,674
180,674
159,674
145,674
100,674
49,674
45,674
37,674
1326,675
1323,675
1234,675
1211,675
1191,675
1172,675
1155,675
1132,675
1111,675
1108,675
1104,675
1050,675
998,675
970,675
934,675
880,675
863,675
837,675
797,675
750,675
676,675
661,675
494,675
423,675
411,675
388,675
181,675
123,675
111,675
104,675
82,675
78,675
57,675
48,675
18,675
1333,676
1295,676
1293,676
1280,676
1274,676
1268,676
1173,676
1159,676
1140,676
1124,676
1099,676
1065,676
1060,676
1048,676
1032,676
842,676
821,676
769,676
716,676
686,676
679,676
628,676
598,676
462,676
293,676
266,676
227,676
204,676
178,676
175,676
154,676
145,676
63,676
46,676
24,676
1246,677
1194,677
1157,677
1128,677
1126,677
1118,677
1111,677
1092,677
1086,677
947,677
941,677
918,677
907,677
894,677
864,677
857,677
849,677
844,677
837,677
826,677
825,677
803,677
780,677
664,677
661,677
575,677
343,677
327,677
318,677
289,677
275,677
34,677
33,677
24,677
18,677
1310,678
1292,678
1269,678
1254,678
1231,678
1229,678
1175,678
1150,678
1137,678
957,678
943,678
910,678
848,678
789,678
762,678
715,678
633,678
562,678
554,678
523,678
449,678
422,678
363,678
344,678
311,678
266,678
236,678
234,678
222,678
175,678
162,678
74,678
54,678
42,678
24,678
1333,679
1323,679
1322,679
1316,679
1297,679
1293,679
1292,679
1250,679
1245,679
1243,679
1224,679
1220,679
1164,679
1141,679
1135,679
1080,679
1019,679
1016,679
958,679
757,679
756,679
646,679
625,679
615,679
576,679
509,679
471,679
447,679
446,679
366,679
327,679
233,679
124,679
82,679
10,679
1332,680
1314,680
1311,680
1290,680
1289,680
1201,680
1035,680
1008,680
1007,680
980,680
962,680
727,680
724,680
700,680
686,680
657,680
639,680
575,680
552,680
548,680
465,680
458,680
412,680
348,680
278,680
274,680
176,680
105,680
73,680
52,680
47,680
44,680
31,680
25,680
18,680
1295,681
1211,681
1164,681
1138,681
1123,681
1111,681
1089,681
924,681
913,681
822,681
810,681
799,681
793,681
763,681
740,681
735,681
725,681
706,681
694,681
684,681
661,681
637,681
636,681
627,681
577,681
512,681
418,681
292,681
289,681
279,681
275,681
82,681
57,681
24,681
23,681
1333,682
1332,682
1320,682
1312,682
1221,682
986,682
982,682
972,682
962,682
960,682
882,682
732,682
724,682
720,682
716,682
697,682
671,682
645,682
639,682
593,682
552,682
550,682
548,682
516,682
512,682
406,682
290,682
276,682
274,682
269,682
253,682
236,682
176,682
105,682
44,682
1326,683
1323,683
1243,683
1234,683
1227,683
1220,683
1169,683
1135,683
1042,683
959,683
958,683
933,683
916,683
863,683
854,683
837,683
825,683
807,683
740,683
650,683
615,683
583,683
579,683
446,683
400,683
331,683
324,683
277,683
275,683
222,683
181,683
82,683
78,683
60,683
22,683
1334,684
1314,684
1299,684
1288,684
1232,684
1227,684
1221,684
1204,684
1129,684
998,684
918,684
883,684
843,684
691,684
645,684
600,684
576,684
480,684
447,684
428,684
416,684
413,684
388,684
384,684
361,684
347,684
343,684
275,684
243,684
235,684
178,684
111,684
93,684
78,684
75,684
1323,685
1295,685
1294,685
1282,685
1246,685
1214,685
1204,685
1181,685
1072,685
959,685
923,685
842,685
769,685
768,685
758,685
749,685
741,685
725,685
664,685
663,685
634,685
579,685
529,685
454,685
426,685
418,685
338,685
331,685
294,685
280,685
253,685
243,685
184,685
175,685
73,685
1329,686
1317,686
1285,686
1193,686
1136,686
1097,686
1071,686
1055,686
1046,686
1044,686
1042,686
1041,686
1011,686
1005,686
960,686
882,686
814,686
813,686
728,686
676,686
620,686
570,686
507,686
442,686
403,686
358,686
340,686
329,686
324,686
303,686
282,686
178,686
161,686
124,686
44,686
1287,687
1248,687
1234,687
1181,687
1141,687
1123,687
1063,687
976,687
913,687
905,687
887,687
881,687
854,687
750,687
672,687
612,687
598,687
485,687
461,687
455,687
447,687
426,687
377,687
376,687
309,687
301,687
269,687
222,687
175,687
84,687
83,687
69,687
66,687
57,687
49,687
1307,688
1287,688
1256,688
1255,688
1247,688
1246,688
1193,688
1141,688
1078,688
1071,688
1028,688
1014,688
978,688
906,688
894,688
878,688
802,688
793,688
782,688
780,688
749,688
693,688
668,688
664,688
661,688
575,688
418,688
405,688
376,688
318,688
102,688
57,688
56,688
39,688
33,688
1323,689
1305,689
1295,689
1263,689
1246,689
1234,689
1212,689
1181,689
1169,689
1081,689
996,689
931,689
897,689
894,689
864,689
863,689
837,689
835,689
822,689
626,689
619,689
616,689
615,689
595,689
442,689
427,689
338,689
284,689
222,689
181,689
169,689
161,689
82,689
42,689
37,689
1323,690
1258,690
1246,690
1227,690
1214,690
1174,690
1169,690
1145,690
1135,690
1128,690
1108,690
1095,690
1081,690
1072,690
1019,690
976,690
900,690
864,690
857,690
837,690
769,690
740,690
725,690
706,690
691,690
664,690
638,690
620,690
615,690
598,690
496,690
409,690
388,690
369,690
164,690
1323,691
1306,691
1295,691
1266,691
1243,691
1183,691
1157,691
1139,691
1081,691
996,691
972,691
940,691
933,691
863,691
854,691
844,691
837,691
778,691
753,691
671,691
526,691
525,691
446,691
369,691
359,691
315,691
284,691
275,691
181,691
120,691
111,691
100,691
82,691
61,691
48,691
1344,692
1317,692
1290,692
1218,692
1205,692
1100,692
1026,692
987,692
955,692
856,692
814,692
770,692
728,692
702,692
665,692
507,692
477,692
439,692
418,692
390,692
387,692
382,692
367,692
365,692
347,692
340,692
324,692
296,692
282,692
277,692
183,692
124,692
108,692
102,692
53,692
1323,693
1309,693
1294,693
1289,693
1274,693
1194,693
1156,693
1150,693
1123,693
1050,693
1045,693
1035,693
1027,693
1024,693
1018,693
976,693
924,693
919,693
911,693
908,693
844,693
837,693
700,693
686,693
644,693
598,693
490,693
453,693
434,693
418,693
397,693
303,693
275,693
192,693
111,693
1333,694
1295,694
1293,694
1280,694
1274,694
1268,694
1236,694
1173,694
1159,694
1140,694
1124,694
1099,694
1065,694
1060,694
1048,694
842,694
822,694
821,694
769,694
716,694
686,694
660,694
628,694
598,694
462,694
293,694
266,694
227,694
204,694
178,694
145,694
97,694
63,694
46,694
24,694
1284,695
1267,695
1265,695
1255,695
1236,695
1186,695
1159,695
1114,695
1057,695
1012,695
1010,695
995,695
938,695
858,695
851,695
846,695
839,695
717,695
696,695
690,695
675,695
658,695
611,695
564,695
479,695
333,695
278,695
268,695
250,695
227,695
151,695
90,695
19,695
15,695
13,695
1338,696
1324,696
1301,696
1294,696
1282,696
1278,696
1275,696
1258,696
1180,696
1158,696
1108,696
1093,696
1081,696
1076,696
1060,696
1043,696
1039,696
1020,696
912,696
892,696
768,696
757,696
744,696
725,696
663,696
653,696
638,696
612,696
524,696
485,696
418,696
344,696
339,696
338,696
56,696
1302,697
1301,697
1292,697
1286,697
1183,697
1142,697
1090,697
999,697
990,697
925,697
904,697
753,697
747,697
742,697
719,697
680,697
642,697
623,697
610,697
531,697
457,697
426,697
378,697
375,697
372,697
351,697
346,697
332,697
330,697
312,697
229,697
223,697
79,697
62,697
42,697
1336,698
1317,698
1285,698
1193,698
1071,698
1058,698
1055,698
1030,698
969,698
823,698
814,698
813,698
785,698
728,698
679,698
606,698
595,698
477,698
442,698
404,698
392,698
367,698
358,698
347,698
339,698
335,698
329,698
304,698
303,698
290,698
245,698
183,698
55,698
37,698
8,698
1320,699
1295,699
1278,699
1184,699
1181,699
1166,699
1134,699
1099,699
1081,699
1060,699
1058,699
924,699
901,699
900,699
803,699
738,699
708,699
693,699
685,699
672,699
636,699
633,699
616,699
590,699
576,699
531,699
500,699
488,699
436,699
385,699
309,699
294,699
175,699
97,699
73,699
1297,700
1290,700
1262,700
1250,700
1241,700
1217,700
1125,700
1118,700
1056,700
1027,700
933,700
916,700
896,700
886,700
833,700
794,700
773,700
763,700
680,700
650,700
615,700
480,700
428,700
426,700
400,700
388,700
347,700
288,700
232,700
183,700
157,700
73,700
66,700
42,700
10,700
1323,701
1297,701
1272,701
1259,701
1255,701
1246,701
1241,701
1229,701
1216,701
1145,701
1111,701
1092,701
1061,701
1019,701
933,701
863,701
844,701
740,701
725,701
698,701
650,701
615,701
593,701
575,701
550,701
534,701
512,701
380,701
293,701
276,701
275,701
181,701
160,701
82,701
14,701
1334,702
1324,702
1262,702
1167,702
1148,702
1125,702
1110,702
1104,702
1087,702
988,702
986,702
970,702
886,702
870,702
839,702
833,702
763,702
748,702
745,702
725,702
697,702
677,702
625,702
527,702
509,702
496,702
429,702
426,702
397,702
308,702
287,702
193,702
149,702
74,702
10,702
1333,703
1295,703
1293,703
1280,703
1274,703
1268,703
1173,703
1159,703
1140,703
1124,703
1099,703
1065,703
1060,703
1048,703
1032,703
842,703
821,703
769,703
716,703
686,703
679,703
628,703
598,703
462,703
293,703
266,703
227,703
204,703
178,703
175,703
154,703
145,703
63,703
46,703
24,703
1294,704
1293,704
1290,704
1132,704
1060,704
1039,704
1038,704
1035,704
1034,704
917,704
906,704
899,704
898,704
896,704
803,704
791,704
787,704
781,704
777,704
773,704
738,704
680,704
564,704
493,704
480,704
428,704
403,704
400,704
347,704
318,704
288,704
183,704
73,704
42,704
10,704
1342,705
1259,705
1242,705
1241,705
1217,705
1153,705
1117,705
1108,705
1080,705
955,705
952,705
849,705
844,705
818,705
767,705
750,705
647,705
634,705
505,705
446,705
444,705
442,705
421,705
379,705
377,705
317,705
290,705
275,705
270,705
181,705
175,705
170,705
109,705
57,705
18,705
1333,706
1295,706
1293,706
1280,706
1274,706
1268,706
1173,706
1159,706
1140,706
1124,706
1099,706
1065,706
1060,706
1048,706
1032,706
976,706
842,706
822,706
821,706
771,706
769,706
716,706
679,706
628,706
598,706
462,706
293,706
289,706
266,706
204,706
154,706
145,706
63,706
46,706
24,706
1295,707
1267,707
1259,707
1257,707
1229,707
1155,707
1150,707
1139,707
1133,707
1115,707
1077,707
1061,707
1059,707
1023,707
958,707
832,707
828,707
826,707
802,707
755,707
719,707
717,707
690,707
676,707
673,707
629,707
615,707
603,707
481,707
417,707
293,707
287,707
275,707
160,707
78,707
1334,708
1299,708
1290,708
1269,708
1217,708
1167,708
1027,708
956,708
896,708
883,708
833,708
763,708
714,708
697,708
680,708
677,708
638,708
571,708
539,708
480,708
448,708
431,708
428,708
426,708
347,708
320,708
297,708
288,708
232,708
183,708
145,708
119,708
102,708
73,708
24,708
1333,709
1295,709
1293,709
1280,709
1274,709
1268,709
1173,709
1159,709
1140,709
1124,709
1099,709
1065,709
1060,709
1048,709
842,709
821,709
769,709
716,709
686,709
679,709
628,709
598,709
462,709
332,709
293,709
266,709
227,709
204,709
178,709
175,709
154,709
145,709
63,709
46,709
24,709
1323,710
1255,710
1243,710
1220,710
1216,710
1158,710
1145,710
1044,710
995,710
987,710
972,710
958,710
955,710
894,710
863,710
856,710
843,710
825,710
807,710
671,710
629,710
626,710
616,710
607,710
446,710
324,710
293,710
275,710
182,710
168,710
124,710
82,710
78,710
23,710
6,710
1302,711
1298,711
1286,711
1233,711
1183,711
1156,711
1142,711
1090,711
1051,711
999,711
990,711
975,711
935,711
925,711
836,711
753,711
642,711
610,711
563,711
531,711
491,711
457,711
428,711
426,711
375,711
372,711
351,711
346,711
312,711
253,711
223,711
138,711
133,711
17,711
3,711
1302,712
1301,712
1292,712
1286,712
1198,712
1183,712
1175,712
1090,712
999,712
990,712
966,712
957,712
925,712
840,712
830,712
753,712
643,712
623,712
610,712
531,712
523,712
457,712
449,712
426,712
386,712
378,712
375,712
372,712
346,712
316,712
312,712
234,712
223,712
162,712
79,712
1174,713
1126,713
979,713
887,713
883,713
879,713
864,713
837,713
819,713
818,713
802,713
787,713
775,713
664,713
638,713
629,713
619,713
563,713
560,713
545,713
462,713
444,713
407,713
403,713
305,713
246,713
244,713
240,713
237,713
134,713
133,713
116,713
93,713
74,713
49,713
1272,714
1266,714
1250,714
1227,714
1214,714
1189,714
1150,714
1145,714
1124,714
1110,714
1061,714
1059,714
986,714
865,714
862,714
826,714
824,714
789,714
742,714
688,714
629,714
575,714
476,714
472,714
237,714
220,714
211,714
208,714
202,714
160,714
157,714
75,714
53,714
34,714
12,714
1308,715
1166,715
1151,715
1150,715
1144,715
1128,715
1072,715
1061,715
841,715
834,715
797,715
763,715
748,715
715,715
673,715
610,715
496,715
494,715
491,715
428,715
242,715
237,715
209,715
168,715
160,715
159,715
158,715
138,715
133,715
110,715
107,715
76,715
73,715
17,715
12,715
1263,716
1255,716
1249,716
1241,716
1214,716
1200,716
1186,716
1176,716
1160,716
1118,716
1075,716
1069,716
1059,716
1029,716
900,716
853,716
825,716
801,716
776,716
752,716
637,716
592,716
530,716
480,716
476,716
428,716
239,716
231,716
208,716
165,716
157,716
107,716
100,716
53,716
23,716
1302,717
1142,717
999,717
979,717
935,717
709,717
680,717
539,717
527,717
475,717
449,717
429,717
426,717
422,717
419,717
386,717
378,717
375,717
372,717
260,717
254,717
246,717
221,717
215,717
214,717
204,717
200,717
191,717
173,717
154,717
149,717
122,717
106,717
74,717
42,717
11,717
1232,718
1171,718
1161,718
1144,718
910,718
867,718
792,718
721,718
715,718
580,718
574,718
572,718
571,718
568,718
563,718
499,718
494,718
493,718
490,718
468,718
447,718
440,718
422,718
416,718
271,718
242,718
240,718
223,718
221,718
210,718
209,718
159,718
143,718
135,718
12,718
1239,719
979,719
966,719
910,719
867,719
862,719
861,719
841,719
837,719
658,719
643,719
563,719
491,719
476,719
472,719
391,719
255,719
247,719
246,719
237,719
231,719
221,719
215,719
212,719
210,719
201,719
173,719
170,719
160,719
159,719
149,719
137,719
133,719
107,719
7,719
1163,720
1128,720
928,720
814,720
655,720
638,720
563,720
518,720
506,720
496,720
491,720
483,720
475,720
449,720
386,720
378,720
372,720
346,720
248,720
246,720
231,720
201,720
197,720
193,720
165,720
145,720
143,720
138,720
106,720
96,720
74,720
59,720
44,720
17,720
11,720
1294,721
1035,721
916,721
882,721
774,721
746,721
716,721
692,721
638,721
616,721
614,721
593,721
550,721
541,721
539,721
531,721
518,721
515,721
512,721
498,721
489,721
435,721
348,721
293,721
248,721
218,721
211,721
208,721
186,721
165,721
157,721
145,721
104,721
54,721
31,721
1326,722
1214,722
1183,722
1154,722
1136,722
973,722
963,722
904,722
901,722
900,722
867,722
792,722
769,722
766,722
717,722
663,722
656,722
617,722
605,722
529,722
518,722
457,722
411,722
255,722
251,722
212,722
211,722
208,722
175,722
170,722
160,722
157,722
107,722
81,722
44,722
1301,723
1268,723
1207,723
928,723
867,723
861,723
860,723
788,723
750,723
715,723
545,723
518,723
424,723
420,723
257,723
238,723
231,723
230,723
219,723
201,723
198,723
193,723
189,723
179,723
172,723
149,723
148,723
142,723
133,723
118,723
116,723
74,723
24,723
12,723
1,723
1349,724
1310,724
1283,724
1045,724
1029,724
973,724
935,724
928,724
867,724
866,724
822,724
792,724
719,724
589,724
563,724
472,724
457,724
370,724
301,724
255,724
223,724
212,724
211,724
207,724
201,724
198,724
193,724
187,724
170,724
156,724
154,724
134,724
107,724
11,724
7,724
1297,725
1234,725
1206,725
1191,725
1136,725
1124,725
880,725
816,725
774,725
766,725
759,725
758,725
737,725
638,725
598,725
568,725
540,725
518,725
515,725
498,725
494,725
489,725
473,725
471,725
411,725
279,725
251,725
248,725
228,725
218,725
211,725
208,725
157,725
145,725
113,725
1283,726
1242,726
1116,726
1033,726
957,726
839,726
767,726
736,726
647,726
543,726
505,726
501,726
475,726
333,726
272,726
270,726
250,726
249,726
247,726
235,726
231,726
218,726
217,726
209,726
205,726
197,726
187,726
165,726
157,726
154,726
143,726
137,726
110,726
107,726
76,726
1284,727
1255,727
1242,727
1169,727
1126,727
1122,727
1114,727
1059,727
1010,727
858,727
843,727
836,727
792,727
767,727
742,727
717,727
647,727
611,727
505,727
502,727
407,727
402,727
271,727
235,727
208,727
198,727
165,727
157,727
118,727
90,727
34,727
23,727
15,727
12,727
7,727
1284,728
1267,728
1257,728
1238,728
1222,728
1055,728
1026,728
1012,728
995,728
947,728
941,728
929,728
882,728
851,728
846,728
817,728
717,728
705,728
629,728
620,728
603,728
593,728
550,728
512,728
446,728
442,728
365,728
349,728
267,728
186,728
147,728
107,728
64,728
49,728
44,728
1338,729
1333,729
1323,729
1292,729
1265,729
1251,729
1239,729
1218,729
1159,729
1154,729
966,729
964,729
961,729
938,729
928,729
899,729
874,729
830,729
781,729
742,729
680,729
675,729
644,729
478,729
476,729
293,729
231,729
214,729
204,729
202,729
160,729
110,729
92,729
13,729
1,729
1349,730
1340,730
1325,730
1274,730
1263,730
1214,730
1177,730
1158,730
1097,730
1059,730
935,730
921,730
794,730
747,730
687,730
628,730
601,730
589,730
566,730
559,730
556,730
553,730
513,730
481,730
463,730
447,730
443,730
410,730
360,730
231,730
208,730
204,730
157,730
53,730
30,730
1352,731
1348,731
1202,731
1196,731
1179,731
1150,731
1147,731
1122,731
1120,731
1101,731
1075,731
981,731
873,731
843,731
824,731
822,731
794,731
776,731
755,731
688,731
600,731
546,731
409,731
355,731
306,731
279,731
267,731
233,731
208,731
185,731
157,731
107,731
75,731
62,731
61,731
22,731
1291,732
1265,732
1259,732
1257,732
1159,732
1077,732
992,732
965,732
963,732
952,732
938,732
853,732
846,732
838,732
833,732
826,732
817,732
800,732
788,732
744,732
704,732
696,732
675,732
658,732
579,732
500,732
470,732
465,732
437,732
352,732
301,732
268,732
260,732
227,732
13,732
1326,733
1284,733
1223,733
1057,733
1054,733
1051,733
1010,733
979,733
900,733
894,733
880,733
871,733
858,733
766,733
592,733
575,733
523,733
502,733
483,733
411,733
333,733
255,733
250,733
212,733
208,733
204,733
175,733
170,733
165,733
118,733
27,733
23,733
15,733
12,733
6,733
1310,734
1267,734
1259,734
1227,734
1222,734
1214,734
1161,734
1128,734
1101,734
1097,734
1092,734
1067,734
1061,734
1029,734
996,734
979,734
973,734
873,734
861,734
826,734
825,734
737,734
687,734
600,734
546,734
518,734
513,734
462,734
267,734
233,734
160,734
157,734
134,734
107,734
3,734
1274,735
1252,735
1242,735
1152,735
1150,735
1074,735
1061,735
904,735
792,735
767,735
766,735
755,735
747,735
732,735
691,735
640,735
605,735
505,735
448,735
370,735
306,735
270,735
236,735
208,735
198,735
180,735
160,735
157,735
145,735
110,735
100,735
91,735
76,735
63,735
34,735
1281,736
1267,736
1265,736
1263,736
1186,736
1178,736
1077,736
1069,736
1067,736
1057,736
1053,736
1047,736
1040,736
1025,736
1022,736
1014,736
992,736
938,736
937,736
909,736
874,736
846,736
838,736
812,736
801,736
800,736
772,736
726,736
646,736
510,736
495,736
335,736
310,736
301,736
72,736
1315,737
1299,737
1247,737
1174,737
1152,737
1136,737
1126,737
1108,737
1060,737
1056,737
1035,737
1029,737
880,737
761,737
667,737
662,737
603,737
575,737
564,737
540,737
539,737
374,737
303,737
292,737
248,737
225,737
218,737
211,737
208,737
157,737
145,737
120,737
101,737
53,737
12,737
1294,738
1293,738
1263,738
1217,738
1178,738
1167,738
1067,738
1060,738
1035,738
1027,738
1022,738
992,738
935,738
909,738
906,738
896,738
881,738
812,738
800,738
781,738
773,738
772,738
598,738
564,738
507,738
480,738
479,738
288,738
204,738
193,738
183,738
154,738
80,738
72,738
67,738
1353,739
1280,739
1187,739
1160,739
1074,739
1054,739
1045,739
1007,739
962,739
807,739
792,739
752,739
695,739
668,739
612,739
550,739
495,739
478,739
470,739
436,739
374,739
242,739
233,739
231,739
209,739
208,739
203,739
165,739
163,739
158,739
157,739
134,739
119,739
107,739
14,739
1294,740
1293,740
1290,740
1240,740
1217,740
1178,740
1167,740
1105,740
1065,740
1060,740
1027,740
1022,740
1014,740
1013,740
992,740
935,740
909,740
896,740
881,740
812,740
800,740
781,740
772,740
707,740
680,740
677,740
598,740
564,740
507,740
480,740
479,740
288,740
204,740
183,740
72,740
1338,741
1299,741
1085,741
1045,741
1029,741
1011,741
985,741
966,741
964,741
961,741
954,741
906,741
843,741
832,741
830,741
824,741
792,741
742,741
724,741
688,741
678,741
636,741
368,741
234,741
211,741
208,741
204,741
187,741
165,741
157,741
156,741
107,741
92,741
18,741
4,741
1290,742
1269,742
1217,742
1167,742
1067,742
1060,742
1056,742
1038,742
1027,742
992,742
937,742
935,742
909,742
906,742
896,742
874,742
833,742
787,742
781,742
773,742
691,742
687,742
680,742
480,742
431,742
428,742
403,742
288,742
287,742
204,742
183,742
73,742
67,742
66,742
42,742
1338,743
1244,743
1222,743
1163,743
1162,743
1161,743
1150,743
1097,743
1071,743
1057,743
963,743
900,743
867,743
861,743
792,743
687,743
539,743
527,743
429,743
391,743
324,743
260,743
255,743
237,743
210,743
204,743
202,743
189,743
156,743
147,743
138,743
137,743
135,743
133,743
17,743
1154,744
935,744
904,744
687,744
638,744
564,744
527,744
491,744
468,744
429,744
419,744
260,744
255,744
237,744
217,744
215,744
212,744
208,744
204,744
201,744
198,744
173,744
160,744
157,744
154,744
149,744
147,744
145,744
138,744
106,744
74,744
59,744
17,744
12,744
11,744
1338,745
1207,745
1197,745
1194,745
1181,745
974,745
973,745
954,745
904,745
792,745
724,745
715,745
655,745
642,745
625,745
509,745
480,745
426,745
421,745
420,745
234,745
231,745
215,745
208,745
198,745
193,745
180,745
173,745
171,745
157,745
138,745
106,745
100,745
74,745
17,745
1329,746
1319,746
1290,746
1280,746
1194,746
1160,746
1059,746
1057,746
1055,746
1050,746
1048,746
1017,746
1009,746
864,746
723,746
722,746
592,746
588,746
567,746
470,746
462,746
310,746
303,746
250,746
242,746
231,746
209,746
189,746
165,746
158,746
157,746
107,746
37,746
34,746
32,746
1311,747
1240,747
1217,747
1178,747
1105,747
1046,747
1035,747
1027,747
1022,747
1014,747
1013,747
992,747
917,747
909,747
887,747
817,747
812,747
800,747
781,747
780,747
773,747
707,747
680,747
657,747
575,747
480,747
479,747
434,747
403,747
318,747
186,747
73,747
72,747
52,747
25,747
1288,748
1269,748
1240,748
1178,748
1105,748
1077,748
1067,748
1057,748
1053,748
1047,748
1036,748
1022,748
1014,748
1013,748
992,748
937,748
909,748
893,748
874,748
815,748
812,748
801,748
800,748
773,748
726,748
707,748
680,748
663,748
510,748
480,748
479,748
434,748
373,748
98,748
72,748
1290,749
1288,749
1240,749
1217,749
1178,749
1167,749
1105,749
1071,749
1067,749
1040,749
1039,749
1034,749
1022,749
1014,749
1013,749
992,749
935,749
909,749
896,749
812,749
800,749
773,749
707,749
680,749
564,749
493,749
480,749
479,749
434,749
428,749
204,749
154,749
72,749
42,749
10,749
1321,750
1243,750
1226,750
1207,750
1179,750
1150,750
1147,750
1101,750
993,750
949,750
944,750
891,750
873,750
845,750
832,750
808,750
730,750
689,750
669,750
658,750
644,750
600,750
594,750
546,750
532,750
513,750
490,750
306,750
267,750
233,750
157,750
107,750
75,750
61,750
30,750
1250,751
1217,751
1178,751
1173,751
1167,751
1125,751
1091,751
1071,751
1067,751
1063,751
1060,751
1055,751
1042,751
1032,751
1022,751
1020,751
992,751
935,751
909,751
896,751
813,751
778,751
775,751
773,751
772,751
763,751
728,751
680,751
629,751
515,751
480,751
428,751
72,751
66,751
42,751
1240,752
1217,752
1180,752
1178,752
1105,752
1046,752
1044,752
1041,752
1024,752
1022,752
1014,752
1013,752
1011,752
1005,752
992,752
935,752
909,752
842,752
812,752
800,752
773,752
772,752
771,752
680,752
676,752
629,752
480,752
479,752
442,752
428,752
349,752
204,752
80,752
72,752
42,752
1329,753
1180,753
1178,753
1088,753
1067,753
1046,753
1044,753
1042,753
1041,753
1027,753
1024,753
1022,753
1011,753
1005,753
992,753
935,753
909,753
842,753
833,753
812,753
772,753
771,753
728,753
680,753
676,753
629,753
480,753
442,753
428,753
418,753
349,753
204,753
80,753
72,753
42,753
1329,754
1180,754
1178,754
1088,754
1067,754
1046,754
1044,754
1042,754
1041,754
1027,754
1024,754
1022,754
1011,754
1005,754
992,754
935,754
909,754
842,754
812,754
772,754
771,754
728,754
680,754
676,754
629,754
480,754
442,754
428,754
418,754
349,754
323,754
204,754
72,754
59,754
42,754
1294,755
1240,755
1217,755
1178,755
1167,755
1105,755
1060,755
1039,755
1038,755
1035,755
1022,755
1014,755
1013,755
992,755
909,755
906,755
896,755
887,755
812,755
803,755
802,755
800,755
787,755
781,755
777,755
680,755
629,755
564,755
480,755
479,755
341,755
288,755
72,755
42,755
24,755
1269,756
1240,756
1217,756
1178,756
1167,756
1105,756
1067,756
1046,756
1045,756
1035,756
1027,756
1024,756
1022,756
1014,756
1013,756
995,756
992,756
917,756
909,756
896,756
833,756
812,756
800,756
773,756
771,756
717,756
680,756
575,756
564,756
480,756
479,756
434,756
428,756
168,756
72,756
1288,757
1269,757
1240,757
1178,757
1167,757
1105,757
1069,757
1067,757
1046,757
1022,757
1014,757
1013,757
992,757
935,757
909,757
904,757
896,757
893,757
812,757
800,757
763,757
753,757
707,757
680,757
539,757
480,757
479,757
434,757
431,757
428,757
386,757
377,757
260,757
72,757
67,757
1290,758
1240,758
1217,758
1178,758
1167,758
1105,758
1067,758
1055,758
1046,758
1035,758
1022,758
1020,758
1014,758
1013,758
992,758
935,758
909,758
896,758
893,758
812,758
800,758
773,758
772,758
707,758
680,758
480,758
479,758
434,758
428,758
388,758
288,758
268,758
204,758
72,758
66,758
1214,759
1178,759
1124,759
1088,759
1067,759
1060,759
1053,759
1045,759
1039,759
1035,759
1031,759
1024,759
1022,759
1020,759
1018,759
1014,759
992,759
935,759
932,759
913,759
909,759
812,759
800,759
781,759
775,759
772,759
726,759
680,759
663,759
629,759
549,759
454,759
428,759
204,759
72,759
1299,760
1250,760
1178,760
1167,760
1077,760
1067,760
1061,760
1053,760
1040,760
1035,760
1030,760
1027,760
1022,760
992,760
935,760
909,760
896,760
887,760
824,760
773,760
772,760
763,760
745,760
726,760
688,760
680,760
677,760
564,760
480,760
453,760
428,760
183,760
160,760
80,760
67,760
1302,761
1286,761
1239,761
1227,761
1145,761
1142,761
1105,761
1090,761
1088,761
990,761
979,761
944,761
935,761
932,761
895,761
742,761
719,761
623,761
500,761
482,761
479,761
457,761
449,761
428,761
375,761
332,761
330,761
309,761
301,761
184,761
149,761
110,761
81,761
76,761
13,761
1299,762
1250,762
1240,762
1217,762
1178,762
1167,762
1105,762
1028,762
1027,762
1022,762
1014,762
1013,762
992,762
978,762
935,762
909,762
906,762
896,762
887,762
812,762
802,762
800,762
781,762
780,762
773,762
726,762
680,762
480,762
479,762
453,762
434,762
428,762
426,762
80,762
72,762
1299,763
1250,763
1240,763
1217,763
1178,763
1167,763
1105,763
1028,763
1027,763
1022,763
1014,763
1013,763
992,763
978,763
935,763
909,763
906,763
896,763
887,763
812,763
802,763
800,763
781,763
780,763
773,763
726,763
680,763
480,763
479,763
453,763
434,763
428,763
426,763
80,763
72,763
1330,764
1303,764
1240,764
1178,764
1105,764
1086,764
1067,764
1066,764
1063,764
1049,764
1046,764
1025,764
1022,764
1014,764
1013,764
1004,764
992,764
909,764
874,764
815,764
812,764
806,764
800,764
772,764
707,764
703,764
479,764
434,764
376,764
186,764
164,764
103,764
86,764
85,764
72,764
1315,765
1240,765
1178,765
1105,765
1069,765
1067,765
1063,765
1060,765
1055,765
1045,765
1038,765
1024,765
1022,765
1014,765
1013,765
1009,765
992,765
937,765
919,765
909,765
893,765
864,765
828,765
812,765
800,765
781,765
779,765
775,765
772,765
707,765
479,765
453,765
434,765
303,765
72,765
1240,766
1217,766
1180,766
1178,766
1105,766
1046,766
1044,766
1041,766
1024,766
1022,766
1014,766
1013,766
1011,766
1005,766
992,766
935,766
909,766
842,766
812,766
800,766
772,766
771,766
728,766
680,766
676,766
629,766
480,766
479,766
442,766
428,766
349,766
204,766
72,766
45,766
42,766
1338,767
1180,767
1178,767
1088,767
1067,767
1059,767
1046,767
1044,767
1042,767
1041,767
1024,767
1022,767
1011,767
1005,767
992,767
935,767
909,767
842,767
812,767
772,767
771,767
680,767
676,767
629,767
480,767
442,767
428,767
418,767
349,767
293,767
204,767
107,767
72,767
45,767
42,767
1310,768
1239,768
1233,768
1156,768
1152,768
1150,768
1110,768
986,768
984,768
975,768
973,768
966,768
836,768
830,768
753,768
673,768
594,768
580,768
541,768
517,768
472,768
431,768
430,768
428,768
385,768
271,768
253,768
198,768
184,768
156,768
138,768
133,768
61,768
34,768
23,768
17,768
1349,769
1310,769
1296,769
1097,769
1045,769
963,769
935,769
928,769
861,769
855,769
822,769
809,769
766,769
754,769
589,769
563,769
518,769
487,769
457,769
391,769
258,769
255,769
244,769
227,769
212,769
211,769
207,769
201,769
198,769
189,769
156,769
154,769
134,769
107,769
12,769
1349,770
1310,770
1283,770
1280,770
1250,770
1160,770
1059,770
1057,770
1045,770
1029,770
973,770
935,770
928,770
867,770
763,770
589,770
563,770
489,770
441,770
421,770
377,770
255,770
248,770
212,770
211,770
207,770
201,770
198,770
193,770
186,770
156,770
134,770
107,770
23,770
11,770
1264,771
1259,771
1257,771
1246,771
1239,771
1229,771
1227,771
1172,771
1157,771
1155,771
1124,771
1118,771
1115,771
965,771
952,771
947,771
941,771
939,771
918,771
868,771
854,771
844,771
762,771
663,771
629,771
584,771
560,771
521,771
431,771
301,771
287,771
284,771
215,771
173,771
168,771
1344,772
1338,772
1332,772
1320,772
1203,772
1201,772
1011,772
1007,772
962,772
916,772
882,772
746,772
727,772
717,772
716,772
665,772
614,772
593,772
550,772
512,772
465,772
455,772
451,772
387,772
349,772
348,772
282,772
186,772
49,772
47,772
45,772
44,772
32,772
31,772
25,772
1284,773
1267,773
1265,773
1251,773
1236,773
1187,773
1159,773
1067,773
1012,773
1010,773
995,773
992,773
963,773
938,773
929,773
909,773
846,773
838,773
788,773
707,773
696,773
690,773
675,773
658,773
644,773
629,773
627,773
564,773
510,773
495,773
480,773
268,773
147,773
19,773
13,773
1281,774
1278,774
1275,774
1266,774
1263,774
1260,774
1255,774
1249,774
1248,774
1186,774
1181,774
1176,774
1106,774
1096,774
1069,774
1015,774
992,774
859,774
843,774
825,774
821,774
801,774
772,774
715,774
698,774
646,774
456,774
447,774
443,774
260,774
204,774
168,774
160,774
52,774
32,774
1281,775
1278,775
1275,775
1263,775
1260,775
1255,775
1249,775
1248,775
1186,775
1181,775
1106,775
1096,775
1069,775
1063,775
1057,775
1015,775
1004,775
992,775
859,775
846,775
843,775
825,775
801,775
772,775
703,775
698,775
687,775
666,775
646,775
411,775
376,775
250,775
88,775
52,775
32,775
1284,776
1267,776
1255,776
1240,776
1236,776
1186,776
1159,776
1107,776
1062,776
1024,776
1012,776
1010,776
995,776
992,776
938,776
909,776
858,776
851,776
846,776
838,776
825,776
746,776
717,776
696,776
675,776
658,776
638,776
564,776
480,776
479,776
428,776
321,776
268,776
132,776
90,776
1333,777
1297,777
1292,777
1265,777
1239,777
1214,777
1173,777
1154,777
1149,777
1050,777
986,777
973,777
822,777
769,777
760,777
717,777
702,777
663,777
660,777
599,777
598,777
480,777
476,777
462,777
454,777
447,777
430,777
428,777
411,777
359,777
293,777
253,777
168,777
145,777
64,777
1269,778
1240,778
1217,778
1178,778
1173,778
1063,778
1046,778
1027,778
1025,778
1022,778
1014,778
1013,778
992,778
935,778
932,778
913,778
909,778
874,778
815,778
812,778
800,778
773,778
771,778
763,778
707,778
680,778
480,778
479,778
434,778
428,778
376,778
164,778
72,778
54,778
42,778
1334,779
1281,779
1243,779
1237,779
1235,779
1233,779
1204,779
1163,779
1126,779
973,779
948,779
928,779
876,779
867,779
866,779
861,779
721,779
580,779
491,779
484,779
446,779
428,779
411,779
260,779
255,779
243,779
212,779
207,779
170,779
160,779
159,779
67,779
12,779
11,779
3,779
1334,780
1310,780
1237,780
1235,780
1233,780
1214,780
1163,780
1126,780
973,780
948,780
876,780
866,780
861,780
721,780
687,780
580,780
574,780
491,780
484,780
446,780
428,780
411,780
368,780
260,780
258,780
255,780
243,780
212,780
170,780
160,780
135,780
67,780
12,780
11,780
3,780
1348,781
1333,781
1321,781
1280,781
1263,781
1248,781
1243,781
1214,781
1194,781
1186,781
1150,781
1106,781
1101,781
1075,781
1069,781
1057,781
993,781
960,781
919,781
853,781
837,781
828,781
801,781
779,781
600,781
546,781
513,781
478,781
456,781
447,781
267,781
157,781
107,781
32,781
20,781
1334,782
1333,782
1246,782
1239,782
1233,782
1162,782
1153,782
1080,782
1077,782
1016,782
1014,782
979,782
963,782
894,782
826,782
818,782
802,782
797,782
790,782
780,782
672,782
619,782
617,782
560,782
491,782
480,782
446,782
411,782
318,782
260,782
229,782
204,782
79,782
24,782
12,782
1284,783
1267,783
1255,783
1254,783
1248,783
1172,783
1153,783
1114,783
1101,783
1065,783
1012,783
1010,783
995,783
873,783
848,783
846,783
818,783
807,783
763,783
681,783
666,783
626,783
607,783
600,783
564,783
530,783
436,783
406,783
233,783
168,783
102,783
76,783
61,783
38,783
15,783
1284,784
1281,784
1275,784
1263,784
1260,784
1255,784
1254,784
1249,784
1248,784
1186,784
1181,784
1176,784
1157,784
1130,784
1106,784
1101,784
1096,784
1069,784
1057,784
1015,784
1010,784
979,784
900,784
859,784
851,784
843,784
801,784
772,784
698,784
646,784
513,784
481,784
293,784
168,784
51,784
1302,785
1301,785
1286,785
1277,785
1183,785
1142,785
1085,785
1053,785
1013,785
999,785
925,785
904,785
753,785
747,785
719,785
680,785
642,785
641,785
610,785
502,785
449,785
428,785
426,785
375,785
372,785
354,785
346,785
312,785
246,785
229,785
223,785
174,785
106,785
79,785
33,785
1284,786
1267,786
1194,786
1180,786
1136,786
1061,786
1024,786
1012,786
995,786
900,786
886,786
846,786
837,786
746,786
732,786
716,786
638,786
629,786
599,786
598,786
588,786
564,786
421,786
411,786
293,786
282,786
271,786
269,786
237,786
236,786
189,786
160,786
93,786
59,786
7,786
1284,787
1267,787
1255,787
1180,787
1107,787
1057,787
1012,787
1010,787
995,787
900,787
880,787
858,787
846,787
833,787
746,787
716,787
670,787
638,787
625,787
609,787
588,787
564,787
539,787
511,787
509,787
493,787
480,787
411,787
377,787
348,787
248,787
198,787
189,787
186,787
90,787
1315,788
1230,788
1178,788
1173,788
1077,788
1071,788
1069,788
1067,788
1057,788
1053,788
1047,788
1040,788
1031,788
1022,788
1014,788
1013,788
997,788
992,788
937,788
932,788
913,788
909,788
874,788
812,788
800,788
772,788
726,788
662,788
510,788
495,788
479,788
414,788
391,788
301,788
72,788
1349,789
1310,789
1296,789
1087,789
992,789
963,789
935,789
839,789
809,789
792,789
772,789
769,789
754,789
744,789
663,789
655,789
589,789
578,789
563,789
554,789
545,789
518,789
472,789
468,789
440,789
260,789
258,789
246,789
244,789
204,789
201,789
187,789
156,789
154,789
143,789
1280,790
1214,790
1207,790
1156,790
1110,790
1087,790
1065,790
990,790
986,790
973,790
935,790
843,790
836,790
792,790
767,790
719,790
647,790
629,790
607,790
594,790
562,790
541,790
505,790
457,790
430,790
341,790
332,790
271,790
253,790
211,790
156,790
107,790
91,790
81,790
44,790
1340,791
1325,791
1264,791
1222,791
1177,791
889,791
884,791
875,791
868,791
836,791
826,791
729,791
617,791
613,791
601,791
559,791
551,791
513,791
501,791
481,791
463,791
462,791
410,791
380,791
360,791
322,791
272,791
267,791
211,791
160,791
157,791
145,791
107,791
76,791
26,791
1321,792
1284,792
1280,792
1255,792
1254,792
1249,792
1160,792
1114,792
1101,792
1094,792
1057,792
1012,792
1010,792
993,792
949,792
891,792
886,792
873,792
858,792
851,792
763,792
730,792
717,792
666,792
611,792
592,792
380,792
361,792
267,792
250,792
168,792
118,792
90,792
32,792
15,792
1321,793
1284,793
1179,793
1160,793
1150,793
1114,793
1101,793
1094,793
1067,793
1059,793
1057,793
1033,793
1012,793
1010,793
1006,793
993,793
949,793
891,793
886,793
873,793
851,793
763,793
681,793
627,793
600,793
498,793
306,793
270,793
269,793
267,793
250,793
227,793
76,793
61,793
27,793
1321,794
1243,794
1194,794
1179,794
1147,794
1101,794
1094,794
1031,794
993,794
965,794
949,794
910,794
904,794
873,794
851,794
848,794
845,794
808,794
789,794
769,794
732,794
730,794
627,794
600,794
546,794
538,794
514,794
481,794
455,794
370,794
267,794
236,794
223,794
61,794
30,794
1349,795
1310,795
1242,795
1163,795
1045,795
963,795
935,795
928,795
867,795
841,795
822,795
792,795
767,795
647,795
589,795
563,795
505,795
503,795
457,795
370,795
255,795
212,795
211,795
201,795
198,795
187,795
170,795
165,795
159,795
156,795
154,795
134,795
110,795
107,795
76,795
1263,796
1260,796
1254,796
1231,796
1212,796
1194,796
1179,796
1175,796
1173,796
1147,796
1106,796
1101,796
1094,796
1050,796
993,796
873,796
851,796
848,796
822,796
808,796
737,796
730,796
717,796
607,796
600,796
546,796
470,796
462,796
454,796
370,796
267,796
233,796
168,796
110,796
61,796
1284,797
1281,797
1246,797
1186,797
1153,797
1124,797
1045,797
1010,797
994,797
965,797
963,797
947,797
941,797
935,797
900,797
867,797
855,797
844,797
832,797
826,797
818,797
797,797
715,797
563,797
457,797
446,797
411,797
255,797
250,797
212,797
211,797
204,797
157,797
154,797
12,797
1338,798
1333,798
1321,798
1315,798
1183,798
1104,798
1087,798
1077,798
1069,798
1065,798
1002,798
994,798
992,798
986,798
965,798
952,798
947,798
941,798
909,798
853,798
843,798
821,798
792,798
772,798
628,798
594,798
584,798
545,798
539,798
465,798
421,798
330,798
301,798
184,798
53,798
1212,799
1206,799
1173,799
1150,799
1101,799
1065,799
1029,799
1010,799
996,799
965,799
943,799
873,799
848,799
843,799
833,799
687,799
681,799
627,799
607,799
600,799
546,799
501,799
498,799
289,799
284,799
272,799
269,799
267,799
235,799
233,799
222,799
168,799
107,799
93,799
61,799
1344,800
1332,800
1320,800
1312,800
1311,800
1013,800
1008,800
982,800
972,800
962,800
916,800
882,800
724,800
671,800
657,800
639,800
614,800
593,800
552,800
550,800
548,800
512,800
387,800
276,800
274,800
186,800
176,800
109,800
105,800
52,800
47,800
45,800
44,800
31,800
25,800
1349,801
1340,801
1325,801
1296,801
1250,801
1214,801
1177,801
1156,801
1150,801
1135,801
1133,801
1069,801
1061,801
697,801
589,801
566,801
556,801
553,801
527,801
491,801
487,801
472,801
463,801
448,801
440,801
429,801
360,801
160,801
158,801
145,801
74,801
44,801
41,801
24,801
12,801
1286,802
1280,802
1214,802
1207,802
1156,802
1110,802
1087,802
1065,802
1045,802
990,802
986,802
973,802
935,802
843,802
836,802
792,802
719,802
629,802
602,802
594,802
541,802
457,802
430,802
385,802
341,802
332,802
309,802
271,802
253,802
211,802
156,802
107,802
91,802
81,802
44,802
1338,803
1321,803
1263,803
1254,803
1246,803
1243,803
1239,803
1226,803
1150,803
1136,803
1101,803
993,803
979,803
963,803
949,803
873,803
851,803
845,803
822,803
819,803
808,803
730,803
715,803
663,803
546,803
513,803
447,803
385,803
380,803
269,803
267,803
107,803
61,803
30,803
23,803
1306,804
1305,804
1279,804
1268,804
1263,804
1244,804
1231,804
1106,804
1003,804
976,804
888,804
879,804
824,804
775,804
758,804
750,804
690,804
688,804
687,804
626,804
600,804
462,804
436,804
408,804
392,804
376,804
375,804
373,804
235,804
169,804
82,804
74,804
64,804
49,804
42,804
1332,805
1311,805
1261,805
1238,805
1201,805
1174,805
1035,805
1008,805
1007,805
980,805
962,805
727,805
724,805
657,805
639,805
593,805
552,805
550,805
512,805
465,805
455,805
451,805
412,805
348,805
274,805
176,805
105,805
94,805
56,805
48,805
47,805
45,805
31,805
25,805
18,805
1337,806
1333,806
1308,806
1246,806
1221,806
1145,806
1128,806
1123,806
1111,806
1095,806
1019,806
1011,806
998,806
975,806
883,806
882,806
797,806
758,806
715,806
645,806
638,806
615,806
598,806
588,806
366,806
318,806
293,806
286,806
189,806
134,806
129,806
83,806
44,806
37,806
28,806
1323,807
1297,807
1234,807
1227,807
1212,807
1207,807
1174,807
1169,807
1155,807
1135,807
1019,807
916,807
912,807
907,807
837,807
832,807
797,807
787,807
750,807
646,807
615,807
446,807
337,807
331,807
324,807
289,807
275,807
222,807
195,807
188,807
181,807
111,807
82,807
80,807
78,807
1341,808
1289,808
1254,808
1198,808
1184,808
1180,808
1162,808
1145,808
1030,808
1000,808
929,808
917,808
895,808
807,808
778,808
777,808
652,808
629,808
616,808
546,808
525,808
477,808
462,808
453,808
366,808
328,808
303,808
298,808
293,808
290,808
145,808
129,808
124,808
61,808
3,808
1323,809
1318,809
1263,809
1255,809
1247,809
1221,809
1220,809
1212,809
1180,809
1174,809
1169,809
1133,809
1111,809
1055,809
1050,809
913,809
881,809
864,809
847,809
828,809
803,809
750,809
701,809
682,809
648,809
645,809
442,809
427,809
398,809
394,809
182,809
169,809
82,809
78,809
37,809
1335,810
1306,810
1244,810
1174,810
1156,810
1060,810
1003,810
976,810
936,810
919,810
915,810
876,810
802,810
771,810
769,810
756,810
724,810
679,810
652,810
638,810
633,810
619,810
616,810
598,810
423,810
418,810
399,810
377,810
344,810
297,810
269,810
222,810
169,810
84,810
23,810
1333,811
1295,811
1293,811
1280,811
1268,811
1207,811
1173,811
1159,811
1140,811
1124,811
1100,811
1099,811
1065,811
1048,811
1032,811
851,811
842,811
822,811
821,811
769,811
716,811
633,811
628,811
598,811
462,811
435,811
293,811
266,811
204,811
178,811
175,811
145,811
63,811
46,811
24,811
1339,812
1306,812
1228,812
1132,812
974,812
956,812
896,812
876,812
867,812
763,812
753,812
732,812
691,812
680,812
677,812
638,812
634,812
480,812
447,812
431,812
428,812
400,812
377,812
357,812
331,812
237,812
236,812
217,812
122,812
116,812
75,812
73,812
51,812
17,812
10,812
1332,813
1314,813
1311,813
1290,813
1201,813
1008,813
1007,813
980,813
972,813
962,813
896,813
882,813
773,813
746,813
727,813
657,813
639,813
548,813
465,813
458,813
444,813
412,813
348,813
327,813
278,813
176,813
73,813
66,813
64,813
52,813
47,813
46,813
31,813
25,813
18,813
1323,814
1263,814
1246,814
1239,814
1238,814
1223,814
1220,814
1153,814
1128,814
1108,814
1080,814
943,814
927,814
901,814
894,814
879,814
871,814
864,814
849,814
818,814
775,814
687,814
664,814
616,814
615,814
593,814
575,814
550,814
512,814
446,814
439,814
427,814
338,814
275,814
161,814
1333,815
1295,815
1294,815
1280,815
1268,815
1173,815
1140,815
1124,815
1099,815
1065,815
1060,815
1048,815
1014,815
976,815
842,815
822,815
821,815
771,815
769,815
716,815
682,815
679,815
628,815
598,815
462,815
418,815
293,815
266,815
204,815
154,815
145,815
63,815
56,815
46,815
24,815
1284,816
1247,816
1246,816
1065,816
1028,816
1010,816
978,816
915,816
906,816
896,816
894,816
858,816
802,816
797,816
780,816
773,816
771,816
763,816
691,816
680,816
677,816
652,816
592,816
575,816
439,816
428,816
418,816
403,816
399,816
229,816
158,816
151,816
102,816
42,816
15,816
1342,817
1323,817
1272,817
1259,817
1243,817
1241,817
1227,817
1180,817
1135,817
1046,817
1042,817
996,817
987,817
943,817
929,817
907,817
895,817
856,817
837,817
807,817
705,817
678,817
671,817
629,817
626,817
615,817
453,817
282,817
182,817
181,817
164,817
124,817
111,817
82,817
78,817
1343,818
1323,818
1263,818
1243,818
1228,818
1205,818
1169,818
1157,818
1138,818
1135,818
1081,818
983,818
970,818
958,818
863,818
832,818
753,818
746,818
665,818
619,818
615,818
560,818
491,818
471,818
446,818
324,818
277,818
275,818
222,818
181,818
124,818
111,818
82,818
78,818
77,818
1333,819
1320,819
1281,819
1252,819
1246,819
1239,819
1163,819
1156,819
1154,819
1061,819
1048,819
1016,819
985,819
769,819
766,819
697,819
663,819
655,819
617,819
600,819
533,819
521,819
518,819
484,819
482,819
472,819
411,819
370,819
277,819
211,819
160,819
156,819
145,819
91,819
76,819
1284,820
1267,820
1265,820
1236,820
1159,820
1026,820
1012,820
1010,820
995,820
938,820
929,820
909,820
846,820
817,820
806,820
717,820
707,820
705,820
696,820
690,820
675,820
658,820
644,820
603,820
564,820
510,820
495,820
367,820
285,820
268,820
147,820
64,820
44,820
19,820
13,820
1343,821
1246,821
1227,821
1196,821
1138,821
1099,821
1081,821
1034,821
998,821
978,821
919,821
900,821
891,821
836,821
810,821
803,821
768,821
761,821
759,821
758,821
706,821
663,821
661,821
590,821
477,821
427,821
408,821
399,821
303,821
275,821
161,821
101,821
91,821
84,821
83,821
1284,822
1267,822
1265,822
1206,822
1180,822
1159,822
1136,822
1024,822
1012,822
1010,822
995,822
880,822
858,822
846,822
816,822
766,822
746,822
696,822
675,822
599,822
564,822
498,822
489,822
473,822
348,822
271,822
268,822
248,822
228,822
186,822
130,822
121,822
113,822
93,822
87,822
1344,823
1332,823
1320,823
1312,823
1008,823
1007,823
982,823
980,823
972,823
962,823
916,823
882,823
727,823
724,823
671,823
639,823
593,823
552,823
550,823
548,823
512,823
482,823
387,823
282,823
276,823
274,823
176,823
111,823
109,823
105,823
52,823
47,823
44,823
31,823
25,823
1284,824
1267,824
1265,824
1251,824
1250,824
1236,824
1187,824
1159,824
1012,824
1010,824
1007,824
995,824
938,824
937,824
929,824
916,824
909,824
846,824
839,824
838,824
807,824
707,824
696,824
690,824
675,824
658,824
564,824
495,824
479,824
478,824
268,824
49,824
45,824
19,824
13,824
1319,825
1301,825
1294,825
1239,825
1060,825
1039,825
1034,825
991,825
990,825
989,825
976,825
967,825
919,825
906,825
864,825
791,825
762,825
724,825
476,825
455,825
442,825
423,825
409,825
377,825
362,825
344,825
332,825
306,825
290,825
289,825
233,825
104,825
99,825
54,825
38,825
1350,826
1329,826
1290,826
1256,826
1217,826
1200,826
1133,826
1042,826
987,826
955,826
824,826
728,826
702,826
700,826
690,826
688,826
667,826
507,826
480,826
442,826
428,826
413,826
384,826
367,826
365,826
357,826
341,826
324,826
290,826
282,826
183,826
124,826
80,826
20,826
19,826
1344,827
1332,827
1320,827
1312,827
1008,827
1007,827
982,827
980,827
972,827
962,827
916,827
882,827
727,827
724,827
671,827
639,827
593,827
552,827
550,827
548,827
512,827
412,827
387,827
282,827
276,827
274,827
176,827
111,827
109,827
105,827
52,827
47,827
44,827
31,827
25,827
1344,828
1332,828
1312,828
1311,828
1203,828
1008,828
1007,828
980,828
972,828
962,828
960,828
882,828
727,828
724,828
716,828
671,828
665,828
639,828
593,828
552,828
550,828
512,828
451,828
406,828
387,828
349,828
348,828
282,828
276,828
274,828
109,828
47,828
44,828
31,828
25,828
1337,829
1319,829
1217,829
1159,829
1071,829
1043,829
989,829
976,829
975,829
967,829
948,829
945,829
936,829
906,829
893,829
860,829
853,829
794,829
724,829
497,829
491,829
466,829
413,829
404,829
366,829
329,829
324,829
315,829
293,829
290,829
286,829
277,829
200,829
149,829
99,829
1284,830
1267,830
1265,830
1255,830
1236,830
1186,830
1159,830
1114,830
1057,830
1024,830
1012,830
1010,830
995,830
938,830
909,830
858,830
851,830
846,830
717,830
707,830
696,830
690,830
675,830
658,830
564,830
434,830
352,830
293,830
268,830
250,830
160,830
147,830
59,830
19,830
13,830
1291,831
1259,831
1257,831
1218,831
1212,831
1185,831
1172,831
1150,831
1077,831
1065,831
1061,831
1029,831
965,831
963,831
952,831
926,831
848,831
838,831
826,831
817,831
800,831
776,831
691,831
658,831
500,831
476,831
431,831
356,831
352,831
267,831
227,831
160,831
119,831
44,831
27,831
1323,832
1274,832
1243,832
1224,832
1211,832
1132,832
1124,832
1111,832
1050,832
1042,832
1024,832
998,832
924,832
915,832
899,832
771,832
757,832
741,832
687,832
664,832
661,832
652,832
648,832
615,832
598,832
418,832
344,832
338,832
327,832
301,832
188,832
82,832
78,832
74,832
57,832
1338,833
1329,833
1317,833
1241,833
1203,833
1111,833
1108,833
1042,833
987,833
969,833
955,833
856,833
824,833
702,833
688,833
667,833
665,833
620,833
507,833
477,833
442,833
404,833
392,833
368,833
367,833
365,833
341,833
324,833
296,833
282,833
279,833
178,833
124,833
20,833
8,833
1301,834
1246,834
1239,834
1232,834
1214,834
1183,834
1124,834
1090,834
1014,834
990,834
968,834
966,834
963,834
935,834
932,834
900,834
867,834
840,834
830,834
742,834
717,834
628,834
539,834
457,834
424,834
378,834
372,834
346,834
312,834
223,834
211,834
198,834
79,834
42,834
24,834
1323,835
1295,835
1243,835
1220,835
1194,835
1182,835
1164,835
1128,835
1111,835
1041,835
958,835
899,835
869,835
832,835
803,835
750,835
740,835
735,835
725,835
679,835
676,835
634,835
629,835
603,835
593,835
550,835
512,835
471,835
464,835
418,835
293,835
181,835
124,835
82,835
58,835
1344,836
1332,836
1320,836
1312,836
1311,836
1290,836
1008,836
982,836
980,836
972,836
962,836
916,836
882,836
727,836
724,836
671,836
639,836
593,836
552,836
550,836
548,836
512,836
387,836
348,836
276,836
274,836
176,836
109,836
105,836
73,836
52,836
47,836
44,836
31,836
25,836
1269,837
1259,837
1234,837
1229,837
1144,837
1131,837
1118,837
1091,837
1064,837
990,837
979,837
910,837
907,837
896,837
837,837
819,837
762,837
679,837
670,837
644,837
638,837
637,837
615,837
560,837
501,837
476,837
468,837
448,837
427,837
272,837
266,837
240,837
78,837
54,837
38,837
1342,838
1327,838
1323,838
1312,838
1239,838
1219,838
1169,838
1135,838
1120,838
1099,838
1089,838
1030,838
1027,838
1020,838
960,838
837,838
794,838
793,838
716,838
710,838
652,838
637,838
629,838
621,838
576,838
564,838
453,838
406,838
401,838
317,838
295,838
275,838
182,838
111,838
59,838
22,838
1323,839
1295,839
1246,839
1245,839
1239,839
1216,839
1208,839
1191,839
1169,839
998,839
927,839
922,839
913,839
907,839
892,839
837,839
803,839
797,839
761,839
740,839
693,839
679,839
663,839
661,839
620,839
615,839
577,839
576,839
549,839
485,839
418,839
390,839
344,839
293,839
275,839
785,840
760,840
722,840
711,840
706,840
683,840
679,840
658,840
650,840
634,840
1345,840
485,840
452,840
437,840
1208,840
1193,840
1191,840
1182,840
1175,840
1174,840
1230,840
352,840
345,840
340,840
327,840
1117,840
1112,840
1111,840
242,840
209,840
182,840
971,840
940,840
838,840
817,840
1327,841
1302,841
1286,841
1280,841
1277,841
1269,841
1214,841
1207,841
1162,841
1156,841
1154,841
1147,841
1122,841
1085,841
1012,841
990,841
944,841
925,841
832,841
742,841
719,841
628,841
621,841
515,841
448,841
332,841
330,841
215,841
185,841
173,841
145,841
81,841
79,841
63,841
61,841
1327,842
1249,842
1239,842
1227,842
1214,842
1194,842
1176,842
1173,842
1163,842
1156,842
1122,842
1061,842
1048,842
1020,842
946,842
861,842
825,842
737,842
687,842
646,842
637,842
621,842
478,842
462,842
454,842
421,842
341,842
237,842
189,842
171,842
160,842
145,842
135,842
41,842
12,842
1284,843
1267,843
1265,843
1255,843
1240,843
1236,843
1180,843
1159,843
1107,843
1057,843
1024,843
1012,843
1010,843
995,843
858,843
846,843
825,843
746,843
717,843
696,843
690,843
675,843
658,843
638,843
564,843
544,843
493,843
480,843
479,843
321,843
268,843
132,843
90,843
59,843
19,843
1333,844
1295,844
1280,844
1268,844
1259,844
1252,844
1173,844
1159,844
1140,844
1124,844
1099,844
1065,844
1048,844
1032,844
851,844
842,844
821,844
769,844
716,844
686,844
628,844
598,844
535,844
481,844
462,844
435,844
266,844
227,844
204,844
178,844
175,844
145,844
63,844
46,844
24,844
1343,845
1323,845
1263,845
1243,845
1227,845
1191,845
1123,845
1056,845
983,845
942,845
913,845
854,845
807,845
750,845
725,845
700,845
615,845
590,845
561,845
558,845
446,845
349,845
331,845
282,845
280,845
277,845
275,845
195,845
181,845
161,845
111,845
78,845
69,845
27,845
10,845
1335,846
1252,846
1157,846
1146,846
1052,846
1003,846
991,846
931,846
920,846
915,846
887,846
866,846
864,846
848,846
821,846
787,846
733,846
708,846
678,846
664,846
626,846
620,846
501,846
461,846
436,846
399,846
359,846
313,846
272,846
237,846
222,846
168,846
116,846
64,846
20,846
1323,847
1239,847
1214,847
1194,847
1167,847
1110,847
1063,847
1062,847
1056,847
986,847
963,847
935,847
910,847
867,847
843,847
792,847
687,847
655,847
617,847
554,847
529,847
509,847
496,847
469,847
457,847
455,847
262,847
260,847
231,847
201,847
175,847
160,847
156,847
128,847
110,847
1334,848
1237,848
1235,848
1233,848
1224,848
1198,848
1128,848
1126,848
1123,848
1101,848
952,848
948,848
876,848
866,848
861,848
721,848
604,848
592,848
580,848
574,848
542,848
517,848
499,848
496,848
441,848
416,848
251,848
244,848
243,848
237,848
166,848
135,848
34,848
12,848
3,848
1349,849
1310,849
1045,849
935,849
867,849
862,849
855,849
844,849
714,849
702,849
686,849
589,849
563,849
545,849
472,849
457,849
446,849
442,849
404,849
378,849
365,849
324,849
293,849
255,849
212,849
211,849
204,849
201,849
198,849
170,849
156,849
154,849
134,849
20,849
11,849
1333,850
1295,850
1293,850
1280,850
1274,850
1268,850
1236,850
1173,850
1159,850
1140,850
1124,850
1099,850
1086,850
1065,850
1060,850
1048,850
1032,850
842,850
822,850
821,850
769,850
716,850
686,850
628,850
598,850
462,850
293,850
266,850
227,850
204,850
178,850
145,850
63,850
46,850
24,850
1338,851
1329,851
1323,851
1306,851
1169,851
1046,851
1044,851
1042,851
1011,851
1006,851
926,851
887,851
882,851
879,851
837,851
803,851
775,851
676,851
674,851
615,851
570,851
560,851
446,851
423,851
418,851
413,851
392,851
367,851
365,851
349,851
311,851
181,851
111,851
82,851
78,851
1292,852
1275,852
1185,852
1162,852
1154,852
1150,852
1147,852
1144,852
1122,852
1087,852
1085,852
966,852
950,852
944,852
851,852
830,852
818,852
794,852
737,852
719,852
660,852
628,852
625,852
617,852
515,852
509,852
395,852
377,852
266,852
235,852
145,852
110,852
62,852
36,852
24,852
1338,853
1333,853
1272,853
1239,853
1221,853
1214,853
1181,853
1134,853
1118,853
1069,853
1014,853
998,853
975,853
963,853
900,853
894,853
867,853
853,853
833,853
826,853
793,853
663,853
645,853
575,853
563,853
513,853
492,853
468,853
431,853
418,853
411,853
403,853
171,853
127,853
49,853
1333,854
1295,854
1293,854
1280,854
1274,854
1268,854
1239,854
1236,854
1173,854
1159,854
1140,854
1124,854
1099,854
1086,854
1065,854
1048,854
1032,854
934,854
842,854
821,854
769,854
716,854
686,854
679,854
628,854
598,854
462,854
266,854
227,854
204,854
178,854
145,854
63,854
46,854
24,854
1338,855
1246,855
1234,855
1213,855
1191,855
1184,855
1123,855
1111,855
1108,855
1081,855
1076,855
1020,855
989,855
926,855
924,855
913,855
892,855
828,855
773,855
769,855
768,855
749,855
735,855
679,855
636,855
606,855
427,855
365,855
341,855
336,855
292,855
280,855
161,855
82,855
57,855
1309,856
1297,856
1229,856
1216,856
1157,856
1130,856
1128,856
1106,856
1006,856
983,856
958,856
857,856
854,856
844,856
837,856
832,856
807,856
794,856
774,856
760,856
757,856
715,856
526,856
481,856
418,856
413,856
331,856
275,856
237,856
124,856
116,856
78,856
41,856
34,856
12,856
1323,857
1297,857
1234,857
1211,857
1191,857
1164,857
1100,857
1081,857
1050,857
998,857
924,857
837,857
803,857
789,857
771,857
757,857
756,857
725,857
715,857
694,857
679,857
664,857
636,857
634,857
615,857
421,857
418,857
411,857
399,857
371,857
338,857
204,857
82,857
78,857
57,857
1334,858
1243,858
1241,858
1233,858
1194,858
1157,858
1128,858
1104,858
1097,858
970,858
958,858
907,858
863,858
854,858
837,858
824,858
776,858
688,858
615,858
541,858
491,858
457,858
446,858
411,858
388,858
367,858
282,858
229,858
181,858
115,858
111,858
82,858
78,858
51,858
12,858
1332,859
1324,859
1261,859
1213,859
1211,859
1203,859
1099,859
1095,859
1035,859
953,859
817,859
773,859
756,859
727,859
724,859
699,859
661,859
652,859
606,859
485,859
439,859
412,859
399,859
379,859
352,859
297,859
280,859
195,859
177,859
161,859
94,859
47,859
31,859
25,859
18,859
1324,860
1299,860
1269,860
1167,860
1104,860
1027,860
970,860
956,860
954,860
904,860
896,860
833,860
763,860
753,860
750,860
748,860
745,860
691,860
680,860
677,860
656,860
539,860
496,860
480,860
429,860
426,860
378,860
377,860
370,860
288,860
246,860
234,860
232,860
191,860
67,860
1335,861
1323,861
1320,861
1305,861
1295,861
1272,861
1249,861
1194,861
1135,861
1123,861
1101,861
1081,861
1012,861
923,861
916,861
869,861
863,861
794,861
724,861
717,861
615,861
593,861
561,861
550,861
512,861
464,861
455,861
446,861
289,861
275,861
181,861
124,861
111,861
82,861
78,861
1350,862
1329,862
1290,862
1256,862
1200,862
1111,862
1042,862
987,862
955,862
856,862
824,862
746,862
728,862
702,862
688,862
667,862
564,862
507,862
493,862
480,862
451,862
442,862
428,862
413,862
384,862
365,862
341,862
324,862
290,862
288,862
282,862
277,862
183,862
66,862
19,862
1348,863
1337,863
1295,863
1294,863
1149,863
1141,863
1080,863
1078,863
1043,863
1039,863
1035,863
991,863
989,863
977,863
912,863
892,863
890,863
879,863
803,863
802,863
791,863
775,863
748,863
708,863
701,863
649,863
616,863
576,863
488,863
403,863
338,863
337,863
324,863
181,863
101,863
62,863
1342,864
1323,864
1295,864
1255,864
1252,864
1219,864
1218,864
1194,864
1180,864
1129,864
1108,864
1075,864
1044,864
1042,864
1041,864
1011,864
1005,864
899,864
837,864
807,864
728,864
725,864
676,864
660,864
616,864
603,864
560,864
534,864
423,864
397,864
388,864
359,864
343,864
286,864
56,864
1262,865
1210,865
1207,865
1199,865
1185,865
1144,865
1087,865
957,865
922,865
774,865
748,865
732,865
663,865
660,865
633,865
541,865
520,865
439,865
418,865
417,865
289,865
287,865
269,865
253,865
236,865
233,865
190,865
179,865
175,865
167,865
91,865
62,865
61,865
36,865
24,865
1334,866
1320,866
1284,866
1267,866
1250,866
1228,866
1101,866
1026,866
995,866
929,866
918,866
895,866
873,866
846,866
839,866
794,866
763,866
712,866
705,866
672,866
629,866
603,866
593,866
564,866
550,866
512,866
510,866
495,866
406,866
367,866
357,866
282,866
147,866
49,866
44,866
1318,867
1293,867
1289,867
1275,867
1196,867
1191,867
1138,867
1108,867
1064,867
1034,867
1009,867
931,867
915,867
888,867
802,867
798,867
791,867
777,867
771,867
756,867
733,867
700,867
694,867
616,867
590,867
485,867
423,867
398,867
366,867
362,867
318,867
307,867
292,867
195,867
104,867
1333,868
1295,868
1293,868
1280,868
1268,868
1239,868
1173,868
1159,868
1140,868
1099,868
1065,868
1060,868
1048,868
1032,868
912,868
855,868
842,868
822,868
821,868
807,868
771,868
769,868
716,868
682,868
628,868
598,868
476,868
462,868
266,868
204,868
175,868
145,868
63,868
46,868
24,868
1331,869
1326,869
1297,869
1241,869
1239,869
1188,869
1145,869
1135,869
1115,869
1085,869
1054,869
951,869
933,869
916,869
838,869
837,869
817,869
791,869
711,869
658,869
650,869
615,869
557,869
452,869
437,869
433,869
362,869
352,869
242,869
209,869
181,869
86,869
82,869
78,869
22,869
1332,870
1311,870
1229,870
1224,870
1201,870
1169,870
1008,870
1007,870
980,870
962,870
894,870
844,870
727,870
724,870
657,870
639,870
598,870
552,870
465,870
444,870
412,870
403,870
361,870
348,870
274,870
176,870
105,870
101,870
52,870
48,870
47,870
46,870
31,870
25,870
18,870
1343,871
1318,871
1238,871
1223,871
1221,871
1171,871
1164,871
1150,871
1099,871
1071,871
1016,871
1012,871
998,871
960,871
934,871
928,871
918,871
881,871
854,871
813,871
777,871
769,871
760,871
749,871
725,871
700,871
664,871
663,871
501,871
405,871
272,871
149,871
100,871
73,871
24,871
1333,872
1295,872
1293,872
1280,872
1274,872
1268,872
1236,872
1173,872
1159,872
1158,872
1140,872
1124,872
1099,872
1065,872
1048,872
1032,872
842,872
822,872
821,872
769,872
716,872
686,872
628,872
598,872
462,872
293,872
266,872
227,872
204,872
178,872
154,872
145,872
63,872
46,872
24,872
1348,873
1346,873
1321,873
1294,873
1293,873
1226,873
1211,873
1149,873
1046,873
1035,873
1011,873
1005,873
909,873
906,873
879,873
864,873
803,873
802,873
797,873
791,873
787,873
781,873
777,873
771,873
712,873
575,873
456,873
442,873
415,873
324,873
282,873
101,873
86,873
45,873
10,873
1333,874
1295,874
1293,874
1280,874
1274,874
1268,874
1252,874
1173,874
1159,874
1140,874
1124,874
1099,874
1065,874
1060,874
1048,874
1032,874
842,874
821,874
769,874
716,874
686,874
628,874
598,874
462,874
293,874
266,874
227,874
204,874
178,874
154,874
145,874
63,874
46,874
36,874
24,874
1323,875
1297,875
1295,875
1243,875
1216,875
1169,875
1155,875
1153,875
1130,875
1118,875
1104,875
1092,875
1080,875
1019,875
1006,875
996,875
970,875
879,875
863,875
857,875
854,875
849,875
837,875
818,875
650,875
619,875
615,875
584,875
560,875
446,875
284,875
275,875
181,875
82,875
78,875
1246,876
1216,876
1181,876
1174,876
1135,876
1128,876
1108,876
1003,876
996,876
976,876
879,876
791,876
787,876
775,876
771,876
740,876
733,876
712,876
664,876
659,876
627,876
599,876
598,876
454,876
446,876
415,876
411,876
403,876
115,876
74,876
58,876
57,876
38,876
34,876
10,876
1342,877
1323,877
1259,877
1229,877
1227,877
1214,877
1181,877
1145,877
1128,877
1023,877
1019,877
922,877
918,877
857,877
854,877
849,877
837,877
832,877
797,877
777,877
762,877
740,877
714,877
619,877
605,877
560,877
477,877
435,877
389,877
343,877
292,877
237,877
183,877
134,877
61,877
1346,878
1342,878
1329,878
1236,878
1195,878
1192,878
1095,878
955,878
936,878
903,878
828,878
727,878
702,878
696,878
513,878
442,878
418,878
403,878
393,878
384,878
381,878
364,878
353,878
342,878
323,878
319,878
297,878
290,878
285,878
275,878
268,878
112,878
64,878
59,878
58,878
1324,879
1293,879
1282,879
1232,879
1227,879
1213,879
1180,879
1174,879
1146,879
1141,879
1129,879
1099,879
1080,879
1060,879
1039,879
1016,879
912,879
881,879
837,879
803,879
745,879
708,879
685,879
679,879
668,879
634,879
607,879
568,879
488,879
421,879
369,879
331,879
280,879
235,879
66,879
1327,880
1294,880
1272,880
1249,880
1176,880
1158,880
1118,880
1065,880
1031,880
1020,880
998,880
952,880
938,880
901,880
702,880
672,880
628,880
621,880
576,880
539,880
455,880
436,880
421,880
413,880
411,880
388,880
331,880
327,880
309,880
229,880
127,880
115,880
53,880
49,880
21,880
1334,881
1319,881
1290,881
1262,881
1217,881
1167,881
1125,881
1115,881
1104,881
1056,881
940,881
896,881
886,881
833,881
773,881
763,881
748,881
725,881
691,881
680,881
677,881
428,881
403,881
400,881
397,881
388,881
384,881
347,881
288,881
287,881
232,881
183,881
73,881
66,881
10,881
1324,882
1284,882
1262,882
1217,882
1167,882
1132,882
1125,882
1115,882
1057,882
942,882
896,882
858,882
841,882
833,882
745,882
743,882
691,882
680,882
677,882
637,882
564,882
521,882
431,882
428,882
426,882
400,882
388,882
384,882
288,882
287,882
232,882
183,882
159,882
67,882
15,882
1334,883
1324,883
1299,883
1290,883
1262,883
1167,883
1125,883
1104,883
1056,883
970,883
956,883
896,883
892,883
833,883
769,883
748,883
745,883
743,883
725,883
697,883
691,883
680,883
677,883
599,883
521,883
428,883
400,883
397,883
388,883
384,883
308,883
288,883
287,883
183,883
10,883
1334,884
1324,884
1262,884
1231,884
1217,884
1167,884
1121,884
1115,884
1104,884
1056,884
1027,884
970,884
956,884
896,884
833,884
773,884
748,884
745,884
725,884
680,884
677,884
654,884
592,884
521,884
513,884
400,884
388,884
384,884
347,884
287,884
232,884
183,884
164,884
88,884
10,884
1334,885
1299,885
1262,885
1217,885
1163,885
1125,885
1115,885
1104,885
1056,885
970,885
956,885
896,885
886,885
870,885
773,885
764,885
748,885
743,885
725,885
697,885
691,885
680,885
677,885
638,885
564,885
521,885
493,885
400,885
384,885
308,885
287,885
183,885
179,885
73,885
10,885
1333,886
1256,886
1225,886
1148,886
1113,886
1084,886
1082,886
1013,886
1002,886
994,886
988,886
966,886
961,886
925,886
883,886
860,886
830,886
787,886
750,886
641,886
532,886
502,886
448,886
420,886
354,886
330,886
312,886
246,886
232,886
174,886
142,886
131,886
96,886
74,886
33,886
1334,887
1299,887
1290,887
1262,887
1217,887
1170,887
1167,887
1148,887
1125,887
1056,887
1027,887
956,887
896,887
833,887
806,887
748,887
745,887
743,887
691,887
680,887
677,887
493,887
480,887
431,887
428,887
426,887
400,887
388,887
384,887
347,887
288,887
287,887
232,887
183,887
67,887
1334,888
1324,888
1299,888
1262,888
1217,888
1167,888
1115,888
1104,888
1056,888
1027,888
970,888
896,888
871,888
834,888
833,888
769,888
763,888
748,888
745,888
725,888
714,888
680,888
677,888
521,888
496,888
428,888
403,888
400,888
388,888
384,888
288,888
287,888
232,888
164,888
67,888
1324,889
1299,889
1290,889
1262,889
1217,889
1199,889
1167,889
1125,889
1115,889
1104,889
1056,889
1027,889
956,889
896,889
833,889
763,889
748,889
745,889
691,889
680,889
677,889
431,889
400,889
397,889
388,889
384,889
347,889
288,889
287,889
232,889
183,889
167,889
164,889
73,889
10,889
1336,890
1301,890
1294,890
1287,890
1164,890
1141,890
1124,890
1078,890
1028,890
1018,890
1014,890
978,890
906,890
802,890
749,890
742,890
693,890
668,890
632,890
628,890
575,890
502,890
418,890
405,890
376,890
318,890
279,890
229,890
208,890
127,890
56,890
34,890
29,890
23,890
18,890
1334,891
1324,891
1299,891
1290,891
1262,891
1217,891
1167,891
1148,891
1125,891
1104,891
1056,891
970,891
896,891
833,891
787,891
769,891
748,891
745,891
725,891
697,891
691,891
680,891
677,891
428,891
426,891
400,891
388,891
384,891
288,891
287,891
232,891
183,891
149,891
67,891
10,891
1334,892
1324,892
1299,892
1262,892
1217,892
1167,892
1148,892
1125,892
1104,892
1027,892
970,892
896,892
886,892
833,892
764,892
763,892
750,892
748,892
745,892
725,892
714,892
691,892
680,892
677,892
641,892
480,892
428,892
388,892
354,892
308,892
288,892
287,892
73,892
67,892
10,892
1334,893
1324,893
1321,893
1299,893
1262,893
1226,893
1217,893
1167,893
1125,893
1115,893
1104,893
1056,893
1027,893
993,893
970,893
956,893
896,893
833,893
763,893
748,893
745,893
725,893
680,893
677,893
521,893
400,893
388,893
384,893
288,893
287,893
232,893
183,893
73,893
10,893
6,893
1299,894
1290,894
1262,894
1217,894
1167,894
1125,894
1115,894
1104,894
1056,894
1027,894
970,894
896,894
833,894
773,894
748,894
677,894
557,894
544,894
493,894
431,894
426,894
400,894
397,894
388,894
384,894
357,894
347,894
288,894
287,894
232,894
183,894
164,894
73,894
67,894
10,894
1334,895
1299,895
1290,895
1262,895
1167,895
1136,895
1125,895
1115,895
1104,895
1056,895
1027,895
970,895
833,895
816,895
766,895
763,895
748,895
745,895
743,895
697,895
677,895
599,895
544,895
515,895
503,895
426,895
400,895
384,895
348,895
308,895
288,895
287,895
232,895
183,895
10,895
1334,896
1330,896
1324,896
1262,896
1198,896
1192,896
1167,896
1162,896
1148,896
1125,896
1086,896
1072,896
1066,896
1049,896
988,896
938,896
905,896
886,896
870,896
812,896
806,896
764,896
748,896
745,896
743,896
725,896
697,896
691,896
677,896
308,896
287,896
217,896
172,896
85,896
47,896
1353,897
1334,897
1324,897
1322,897
1280,897
1262,897
1250,897
1228,897
1160,897
1113,897
1092,897
1077,897
1074,897
957,897
939,897
937,897
896,897
769,897
763,897
752,897
745,897
692,897
680,897
677,897
521,897
500,897
478,897
357,897
301,897
287,897
286,897
233,897
163,897
158,897
10,897
1334,898
1324,898
1299,898
1290,898
1262,898
1217,898
1167,898
1158,898
1148,898
1104,898
1056,898
1027,898
970,898
956,898
896,898
886,898
769,898
763,898
748,898
745,898
743,898
691,898
680,898
677,898
599,898
431,898
426,898
400,898
357,898
288,898
287,898
183,898
73,898
66,898
10,898
1334,899
1324,899
1299,899
1290,899
1262,899
1217,899
1167,899
1156,899
1125,899
1104,899
1056,899
1027,899
970,899
956,899
886,899
841,899
833,899
763,899
748,899
745,899
743,899
691,899
677,899
515,899
431,899
426,899
403,899
400,899
397,899
388,899
288,899
287,899
232,899
183,899
10,899
1324,900
1290,900
1262,900
1167,900
1154,900
1152,900
1148,900
1125,900
1056,900
1049,900
956,900
896,900
886,900
833,900
763,900
748,900
745,900
743,900
725,900
691,900
680,900
677,900
432,900
426,900
400,900
288,900
287,900
217,900
149,900
75,900
73,900
66,900
54,900
42,900
10,900
1334,901
1324,901
1290,901
1269,901
1262,901
1167,901
1152,901
1148,901
1125,901
1107,901
1104,901
1072,901
970,901
956,901
886,901
833,901
810,901
769,901
748,901
745,901
743,901
725,901
697,901
691,901
680,901
677,901
521,901
428,901
426,901
287,901
232,901
183,901
172,901
145,901
54,901
1325,902
1321,902
1284,902
1262,902
1255,902
1161,902
1121,902
1092,902
1010,902
993,902
858,902
855,902
841,902
763,902
745,902
717,902
611,902
592,902
521,902
513,902
501,902
463,902
462,902
333,902
287,902
272,902
250,902
168,902
160,902
159,902
90,902
76,902
30,902
15,902
6,902
1290,903
1265,903
1217,903
1167,903
1149,903
1140,903
1125,903
1115,903
1104,903
1076,903
1056,903
956,903
896,903
833,903
773,903
763,903
748,903
680,903
677,903
521,903
480,903
428,903
400,903
397,903
395,903
388,903
384,903
347,903
288,903
287,903
232,903
183,903
164,903
73,903
10,903
1334,904
1330,904
1324,904
1277,904
1256,904
1192,904
1148,904
1125,904
1013,904
988,904
886,904
870,904
860,904
787,904
769,904
764,904
748,904
747,904
745,904
743,904
725,904
697,904
691,904
680,904
677,904
641,904
502,904
354,904
323,904
308,904
287,904
217,904
174,904
172,904
96,904
1334,905
1324,905
1319,905
1262,905
1167,905
1158,905
1148,905
1146,905
1136,905
1107,905
1104,905
1072,905
1056,905
970,905
896,905
886,905
833,905
816,905
769,905
764,905
748,905
745,905
725,905
697,905
680,905
677,905
617,905
599,905
521,905
308,905
287,905
172,905
171,905
74,905
10,905
1334,906
1299,906
1290,906
1262,906
1217,906
1167,906
1136,906
1125,906
1104,906
1056,906
1027,906
970,906
956,906
833,906
816,906
766,906
763,906
748,906
745,906
697,906
677,906
599,906
544,906
515,906
503,906
426,906
400,906
384,906
348,906
308,906
288,906
287,906
232,906
183,906
10,906
1333,907
1271,907
1144,907
963,907
957,907
942,907
880,907
816,907
774,907
769,907
701,907
680,907
661,907
637,907
605,907
503,907
498,907
489,907
473,907
467,907
457,907
439,907
348,907
302,907
270,907
255,907
237,907
231,907
212,907
211,907
180,907
167,907
100,907
93,907
41,907
1334,908
1324,908
1262,908
1217,908
1167,908
1121,908
1115,908
1104,908
1056,908
1027,908
970,908
956,908
896,908
833,908
773,908
769,908
748,908
745,908
725,908
680,908
677,908
654,908
592,908
521,908
515,908
513,908
400,908
388,908
384,908
287,908
232,908
183,908
164,908
67,908
6,908
1324,909
1299,909
1290,909
1262,909
1217,909
1167,909
1125,909
1115,909
1104,909
1056,909
1027,909
970,909
896,909
833,909
773,909
763,909
748,909
745,909
680,909
677,909
656,909
431,909
400,909
397,909
388,909
384,909
347,909
288,909
287,909
232,909
183,909
164,909
75,909
73,909
10,909
1334,910
1324,910
1262,910
1217,910
1207,910
1167,910
1125,910
1115,910
1104,910
1087,910
1050,910
970,910
896,910
833,910
773,910
769,910
763,910
748,910
745,910
725,910
680,910
677,910
521,910
480,910
426,910
403,910
400,910
384,910
288,910
287,910
232,910
183,910
140,910
73,910
10,910
1334,911
1324,911
1265,911
1262,911
1217,911
1167,911
1149,911
1140,911
1125,911
1115,911
1104,911
1056,911
970,911
956,911
896,911
773,911
764,911
748,911
745,911
743,911
680,911
677,911
521,911
403,911
400,911
384,911
357,911
308,911
288,911
287,911
232,911
183,911
164,911
73,911
10,911
1325,912
1321,912
1284,912
1262,912
1255,912
1177,912
1161,912
1092,912
1010,912
993,912
858,912
855,912
841,912
763,912
745,912
717,912
611,912
599,912
592,912
521,912
513,912
501,912
463,912
333,912
287,912
272,912
250,912
168,912
160,912
159,912
90,912
76,912
30,912
15,912
6,912
1334,913
1324,913
1302,913
1299,913
1262,913
1217,913
1167,913
1132,913
1115,913
1104,913
970,913
896,913
869,913
841,913
833,913
745,913
677,913
638,913
564,913
528,913
480,913
426,913
400,913
397,913
388,913
384,913
378,913
287,913
232,913
229,913
193,913
183,913
179,913
175,913
10,913
1334,914
1324,914
1299,914
1290,914
1262,914
1217,914
1167,914
1115,914
1104,914
1056,914
1027,914
970,914
956,914
896,914
833,914
763,914
748,914
745,914
725,914
680,914
677,914
592,914
521,914
400,914
397,914
388,914
384,914
288,914
287,914
232,914
183,914
164,914
73,914
10,914
6,914
1347,915
1268,915
1187,915
1164,915
1141,915
1125,915
1123,915
1083,915
1078,915
899,915
881,915
832,915
803,915
786,915
760,915
759,915
749,915
748,915
683,915
682,915
677,915
676,915
636,915
459,915
423,915
342,915
341,915
329,915
287,915
161,915
89,915
82,915
57,915
37,915
0,915
1334,916
1246,916
1221,916
1214,916
1166,916
1152,916
1151,916
1110,916
1104,916
1097,916
1072,916
986,916
970,916
904,916
886,916
862,916
764,916
748,916
697,916
671,916
645,916
622,916
585,916
575,916
532,916
491,916
483,916
472,916
385,916
293,916
158,916
129,916
91,916
74,916
14,916
1334,917
1290,917
1284,917
1267,917
1265,917
1236,917
1159,917
1137,917
1114,917
1107,917
1088,917
1022,917
992,917
970,917
938,917
909,917
896,917
886,917
870,917
846,917
839,917
764,917
696,917
680,917
677,917
675,917
495,917
480,917
428,917
357,917
308,917
287,917
268,917
13,917
10,917
1334,918
1324,918
1299,918
1290,918
1262,918
1167,918
1115,918
1104,918
1056,918
1027,918
970,918
956,918
896,918
833,918
773,918
745,918
697,918
691,918
680,918
677,918
521,918
480,918
428,918
400,918
397,918
388,918
384,918
347,918
288,918
232,918
183,918
164,918
66,918
54,918
10,918
1334,919
1324,919
1299,919
1257,919
1222,919
1167,919
1161,919
1132,919
1124,919
1118,919
1115,919
1104,919
1087,919
1061,919
986,919
973,919
970,919
941,919
901,919
896,919
745,919
719,919
677,919
588,919
515,919
480,919
428,919
370,919
293,919
287,919
160,919
145,919
110,919
76,919
49,919
1334,920
1324,920
1294,920
1290,920
1239,920
1218,920
1181,920
1167,920
1153,920
1135,920
1124,920
1115,920
1108,920
1104,920
1087,920
970,920
912,920
896,920
869,920
818,920
773,920
745,920
691,920
680,920
677,920
625,920
509,920
431,920
428,920
426,920
409,920
400,920
66,920
42,920
10,920
1299,921
1269,921
1127,921
1125,921
1056,921
896,921
763,921
745,921
680,921
670,921
656,921
638,921
564,921
527,921
506,921
493,921
480,921
468,921
429,921
428,921
384,921
378,921
377,921
287,921
237,921
232,921
218,921
193,921
183,921
155,921
145,921
67,921
36,921
12,921
11,921
1319,922
1274,922
1239,922
1225,922
1218,922
1202,922
1182,922
1174,922
1172,922
1158,922
1133,922
1129,922
1111,922
1077,922
922,922
868,922
853,922
843,922
793,922
766,922
722,922
691,922
667,922
666,922
648,922
513,922
279,922
153,922
152,922
141,922
88,922
58,922
41,922
29,922
14,922
1334,923
1324,923
1299,923
1290,923
1262,923
1167,923
1132,923
1125,923
1104,923
1056,923
1027,923
970,923
956,923
896,923
886,923
833,923
773,923
769,923
748,923
745,923
743,923
725,923
697,923
691,923
680,923
677,923
521,923
400,923
388,923
384,923
288,923
287,923
232,923
183,923
10,923
1328,924
1326,924
1307,924
1164,924
1125,924
1107,924
1065,924
1062,924
1028,924
1014,924
988,924
978,924
932,924
880,924
802,924
783,924
777,924
764,924
692,924
682,924
656,924
557,924
492,924
405,924
373,924
358,924
348,924
308,924
241,924
224,924
213,924
165,924
119,924
54,924
29,924
1334,925
1299,925
1290,925
1262,925
1167,925
1125,925
1104,925
988,925
970,925
896,925
886,925
833,925
748,925
742,925
697,925
680,925
677,925
460,925
432,925
426,925
400,925
397,925
388,925
384,925
347,925
308,925
287,925
172,925
140,925
136,925
132,925
90,925
74,925
10,925
5,925
1334,926
1324,926
1290,926
1262,926
1217,926
1167,926
1125,926
1119,926
1115,926
1104,926
1056,926
1027,926
970,926
956,926
896,926
886,926
870,926
833,926
769,926
764,926
748,926
745,926
743,926
691,926
680,926
677,926
521,926
428,926
426,926
400,926
308,926
288,926
287,926
232,926
42,926
1334,927
1324,927
1299,927
1262,927
1217,927
1167,927
1121,927
1115,927
1104,927
1056,927
1027,927
970,927
956,927
896,927
833,927
773,927
769,927
748,927
745,927
725,927
680,927
677,927
654,927
592,927
521,927
513,927
400,927
388,927
384,927
287,927
232,927
183,927
164,927
88,927
10,927
1334,928
1324,928
1250,928
1167,928
1125,928
1114,928
956,928
896,928
886,928
870,928
858,928
833,928
764,928
748,928
745,928
743,928
725,928
697,928
691,928
680,928
677,928
598,928
544,928
497,928
480,928
428,928
402,928
357,928
308,928
287,928
183,928
73,928
66,928
42,928
10,928
1324,929
1299,929
1290,929
1262,929
1217,929
1167,929
1117,929
1115,929
1112,929
1056,929
1027,929
970,929
956,929
896,929
748,929
745,929
711,929
691,929
680,929
677,929
452,929
431,929
400,929
397,929
388,929
384,929
347,929
288,929
287,929
232,929
183,929
164,929
73,929
66,929
10,929
1324,930
1299,930
1290,930
1262,930
1193,930
1167,930
1125,930
1115,930
1111,930
1104,930
1056,930
1027,930
970,930
896,930
773,930
748,930
745,930
711,930
680,930
677,930
452,930
431,930
403,930
400,930
397,930
388,930
384,930
347,930
288,930
287,930
232,930
183,930
164,930
73,930
10,930
1334,931
1299,931
1290,931
1262,931
1217,931
1167,931
1125,931
1115,931
1112,931
1056,931
1027,931
896,931
870,931
833,931
773,931
711,931
680,931
677,931
480,931
452,931
431,931
426,931
403,931
400,931
388,931
384,931
347,931
288,931
287,931
232,931
183,931
164,931
73,931
67,931
10,931
1334,932
1330,932
1324,932
1319,932
1290,932
1262,932
1225,932
1167,932
1125,932
1115,932
1104,932
1084,932
1056,932
970,932
956,932
930,932
896,932
886,932
833,932
769,932
763,932
748,932
745,932
725,932
714,932
691,932
677,932
521,932
400,932
397,932
288,932
287,932
232,932
158,932
10,932
1334,933
1299,933
1290,933
1262,933
1167,933
1136,933
1125,933
1104,933
1056,933
1027,933
970,933
956,933
833,933
816,933
766,933
763,933
748,933
745,933
743,933
697,933
677,933
599,933
544,933
515,933
426,933
400,933
388,933
384,933
348,933
308,933
288,933
287,933
232,933
183,933
10,933
1334,934
1324,934
1262,934
1231,934
1217,934
1167,934
1121,934
1115,934
1104,934
1056,934
1027,934
970,934
956,934
896,934
833,934
773,934
748,934
745,934
725,934
680,934
677,934
654,934
592,934
521,934
515,934
513,934
400,934
388,934
384,934
287,934
232,934
183,934
164,934
67,934
6,934
1334,935
1324,935
1321,935
1284,935
1267,935
1265,935
1236,935
1167,935
1159,935
1148,935
1107,935
1067,935
992,935
938,935
909,935
896,935
886,935
846,935
839,935
838,935
748,935
745,935
743,935
691,935
680,935
677,935
675,935
658,935
644,935
564,935
480,935
432,935
287,935
13,935
10,935
1246,936
1225,936
1214,936
1161,936
1136,936
1104,936
1084,936
1061,936
1048,936
1019,936
1002,936
985,936
970,936
942,936
883,936
871,936
769,936
673,936
655,936
651,936
647,936
599,936
584,936
522,936
521,936
515,936
491,936
462,936
430,936
324,936
287,936
215,936
173,936
145,936
12,936
1324,937
1299,937
1290,937
1262,937
1207,937
1167,937
1115,937
1104,937
1056,937
1027,937
970,937
956,937
896,937
833,937
773,937
748,937
745,937
691,937
680,937
677,937
521,937
431,937
400,937
397,937
395,937
388,937
384,937
347,937
288,937
287,937
232,937
183,937
164,937
73,937
10,937
1287,938
1247,938
1246,938
1226,938
1190,938
1141,938
1121,938
1116,938
1028,938
1014,938
978,938
945,938
906,938
894,938
878,938
802,938
793,938
780,938
764,938
749,938
736,938
734,938
668,938
654,938
647,938
575,938
557,938
543,938
505,938
405,938
376,938
318,938
136,938
56,938
33,938
1334,939
1324,939
1299,939
1262,939
1217,939
1167,939
1125,939
1104,939
1056,939
1027,939
970,939
956,939
930,939
833,939
773,939
745,939
680,939
677,939
521,939
428,939
426,939
400,939
397,939
388,939
384,939
347,939
288,939
287,939
232,939
183,939
164,939
75,939
73,939
67,939
10,939
1334,940
1328,940
1326,940
1262,940
1217,940
1167,940
1125,940
1107,940
1086,940
1074,940
1072,940
998,940
988,940
880,940
874,940
833,940
810,940
783,940
769,940
764,940
743,940
725,940
677,940
521,940
518,940
384,940
373,940
358,940
314,940
287,940
241,940
232,940
183,940
103,940
10,940
1340,941
1325,941
1324,941
1290,941
1262,941
1217,941
1177,941
1167,941
1121,941
1104,941
1061,941
1056,941
1027,941
970,941
921,941
769,941
763,941
745,941
677,941
599,941
557,941
521,941
501,941
484,941
463,941
400,941
388,941
384,941
360,941
287,941
272,941
160,941
159,941
76,941
10,941
1334,942
1324,942
1299,942
1262,942
1217,942
1190,942
1167,942
1115,942
1104,942
1056,942
1027,942
970,942
956,942
896,942
833,942
773,942
763,942
748,942
745,942
725,942
680,942
677,942
521,942
400,942
397,942
388,942
384,942
347,942
288,942
287,942
232,942
183,942
164,942
73,942
10,942
1334,943
1321,943
1262,943
1222,943
1217,943
1167,943
1125,943
1115,943
1104,943
1056,943
970,943
896,943
833,943
816,943
773,943
769,943
763,943
725,943
680,943
677,943
592,943
501,943
480,943
428,943
426,943
400,943
397,943
384,943
288,943
287,943
232,943
183,943
145,943
42,943
10,943
1296,944
1274,944
1161,944
1160,944
1122,944
1097,944
1092,944
1079,944
857,944
841,944
809,944
754,944
611,944
588,944
556,944
553,944
513,944
491,944
487,944
258,944
244,944
227,944
215,944
207,944
189,944
184,944
173,944
168,944
160,944
159,944
93,944
90,944
14,944
12,944
7,944
1334,945
1324,945
1290,945
1262,945
1167,945
1159,945
1148,945
1115,945
1104,945
970,945
896,945
886,945
867,945
833,945
826,945
769,945
764,945
748,945
745,945
697,945
691,945
680,945
677,945
521,945
480,945
428,945
426,945
400,945
384,945
308,945
287,945
193,945
183,945
54,945
10,945
1299,946
1290,946
1257,946
1250,946
1240,946
1192,946
1167,946
1127,946
1115,946
1104,946
1095,946
1056,946
970,946
896,946
833,946
763,946
692,946
677,946
670,946
480,946
479,946
476,946
431,946
428,946
403,946
400,946
397,946
393,946
388,946
347,946
288,946
232,946
183,946
90,946
73,946
10,946
1299,947
1262,947
1217,947
1167,947
1131,947
1115,947
1104,947
1056,947
1027,947
970,947
896,947
833,947
773,947
677,947
598,947
544,947
518,947
493,947
480,947
441,947
426,947
400,947
388,947
384,947
378,947
348,947
288,947
287,947
248,947
232,947
218,947
193,947
183,947
164,947
67,947
1334,948
1324,948
1299,948
1262,948
1217,948
1167,948
1121,948
1115,948
1104,948
1056,948
1027,948
970,948
956,948
896,948
833,948
773,948
769,948
763,948
748,948
745,948
725,948
680,948
677,948
521,948
400,948
388,948
384,948
347,948
288,948
287,948
232,948
183,948
164,948
67,948
10,948
1334,949
1324,949
1299,949
1262,949
1167,949
1148,949
1125,949
1115,949
1104,949
1056,949
1027,949
970,949
833,949
816,949
806,949
773,949
745,949
743,949
697,949
691,949
677,949
641,949
480,949
428,949
426,949
400,949
397,949
388,949
384,949
308,949
288,949
287,949
232,949
67,949
10,949
1341,950
1308,950
1306,950
1294,950
1293,950
1202,950
1140,950
1138,950
1134,950
1128,950
1120,950
1103,950
1099,950
1089,950
1086,950
1076,950
1060,950
1009,950
888,950
887,950
836,950
798,950
745,950
722,950
694,950
682,950
672,950
649,950
616,950
395,950
327,950
284,950
97,950
66,950
58,950
1334,951
1324,951
1299,951
1290,951
1262,951
1167,951
1148,951
1125,951
1115,951
1104,951
1056,951
1027,951
970,951
956,951
896,951
833,951
773,951
748,951
745,951
743,951
725,951
697,951
691,951
680,951
677,951
400,951
397,951
388,951
384,951
347,951
288,951
287,951
232,951
183,951
10,951
1262,952
1217,952
1167,952
1125,952
1116,952
1115,952
1107,952
1104,952
1086,952
1027,952
970,952
956,952
905,952
874,952
841,952
833,952
810,952
677,952
610,952
521,952
518,952
496,952
431,952
426,952
400,952
388,952
384,952
288,952
233,952
232,952
183,952
166,952
75,952
73,952
10,952
1324,953
1299,953
1290,953
1262,953
1217,953
1167,953
1115,953
1104,953
1056,953
1027,953
970,953
956,953
896,953
833,953
773,953
745,953
680,953
677,953
521,953
431,953
426,953
403,953
400,953
397,953
388,953
384,953
347,953
288,953
287,953
232,953
183,953
164,953
73,953
66,953
10,953
1334,954
1324,954
1319,954
1299,954
1262,954
1214,954
1167,954
1152,954
1120,954
1115,954
1104,954
1092,954
1091,954
1056,954
970,954
886,954
833,954
810,954
769,954
764,954
748,954
745,954
725,954
691,954
677,954
521,954
400,954
397,954
388,954
384,954
287,954
180,954
150,954
54,954
10,954
1284,955
1267,955
1265,955
1251,955
1236,955
1167,955
1159,955
1098,955
1010,955
995,955
973,955
938,955
909,955
846,955
839,955
838,955
836,955
826,955
817,955
806,955
802,955
696,955
691,955
675,955
658,955
644,955
479,955
352,955
293,955
268,955
191,955
156,955
147,955
81,955
13,955
1324,956
1299,956
1290,956
1262,956
1217,956
1167,956
1115,956
1104,956
1056,956
1027,956
970,956
930,956
896,956
833,956
769,956
748,956
745,956
743,956
725,956
691,956
680,956
677,956
599,956
521,956
426,956
400,956
397,956
388,956
384,956
347,956
288,956
287,956
232,956
164,956
10,956
1334,957
1330,957
1324,957
1299,957
1290,957
1262,957
1217,957
1167,957
1125,957
1104,957
1056,957
1027,957
970,957
956,957
896,957
833,957
773,957
745,957
743,957
725,957
697,957
691,957
680,957
677,957
521,957
400,957
388,957
384,957
347,957
288,957
287,957
232,957
183,957
67,957
10,957
1334,958
1324,958
1290,958
1262,958
1217,958
1167,958
1125,958
1115,958
1056,958
1027,958
956,958
896,958
833,958
773,958
748,958
745,958
711,958
680,958
677,958
452,958
431,958
403,958
400,958
397,958
388,958
384,958
347,958
288,958
287,958
232,958
183,958
164,958
75,958
73,958
10,958
1334,959
1324,959
1299,959
1290,959
1262,959
1167,959
1125,959
1115,959
1104,959
1079,959
1056,959
1027,959
970,959
956,959
896,959
833,959
816,959
763,959
748,959
745,959
743,959
725,959
697,959
691,959
677,959
521,959
400,959
397,959
388,959
384,959
288,959
287,959
232,959
73,959
10,959
1299,960
1262,960
1167,960
1148,960
1125,960
1115,960
1085,960
1056,960
1027,960
896,960
833,960
680,960
677,960
638,960
598,960
564,960
518,960
493,960
489,960
441,960
431,960
400,960
388,960
384,960
378,960
377,960
288,960
248,960
232,960
218,960
186,960
183,960
164,960
67,960
36,960
1334,961
1324,961
1299,961
1262,961
1217,961
1167,961
1115,961
1104,961
1056,961
1027,961
970,961
956,961
896,961
833,961
773,961
769,961
763,961
748,961
745,961
725,961
680,961
677,961
654,961
521,961
515,961
400,961
388,961
384,961
347,961
287,961
232,961
183,961
164,961
67,961
6,961
1290,962
1198,962
1167,962
1154,962
1125,962
1104,962
1089,962
1056,962
1027,962
896,962
833,962
773,962
769,962
763,962
748,962
745,962
732,962
725,962
689,962
677,962
625,962
561,962
520,962
511,962
509,962
480,962
468,962
428,962
403,962
388,962
236,962
171,962
73,962
42,962
10,962
1334,963
1324,963
1299,963
1290,963
1269,963
1262,963
1148,963
1115,963
1104,963
1056,963
1049,963
1027,963
1014,963
970,963
930,963
896,963
833,963
745,963
714,963
691,963
680,963
677,963
521,963
431,963
400,963
397,963
384,963
347,963
288,963
287,963
232,963
183,963
67,963
66,963
10,963
1334,964
1324,964
1290,964
1269,964
1262,964
1198,964
1167,964
1148,964
1125,964
1104,964
1072,964
993,964
970,964
905,964
886,964
833,964
806,964
769,964
763,964
748,964
745,964
743,964
725,964
691,964
677,964
610,964
480,964
432,964
426,964
400,964
308,964
287,964
232,964
73,964
10,964
1324,965
1217,965
1167,965
1115,965
1104,965
1056,965
1002,965
970,965
966,965
930,965
830,965
816,965
769,965
745,965
677,965
655,965
554,965
529,965
521,965
509,965
503,965
463,965
449,965
440,965
378,965
287,965
253,965
219,965
218,965
193,965
140,965
123,965
74,965
42,965
10,965
1334,966
1324,966
1299,966
1290,966
1262,966
1217,966
1167,966
1148,966
1125,966
1115,966
1056,966
1027,966
951,966
833,966
773,966
763,966
748,966
745,966
691,966
680,966
677,966
431,966
403,966
400,966
397,966
388,966
384,966
288,966
287,966
232,966
183,966
164,966
73,966
67,966
10,966
1334,967
1290,967
1262,967
1250,967
1167,967
1158,967
1125,967
1104,967
1074,967
1056,967
970,967
896,967
886,967
763,967
752,967
748,967
745,967
725,967
697,967
691,967
677,967
638,967
426,967
400,967
397,967
388,967
384,967
357,967
308,967
288,967
287,967
183,967
75,967
73,967
10,967
1334,968
1324,968
1299,968
1290,968
1262,968
1217,968
1167,968
1115,968
1104,968
1056,968
1027,968
970,968
956,968
896,968
833,968
773,968
763,968
748,968
745,968
725,968
680,968
677,968
521,968
400,968
397,968
388,968
384,968
347,968
288,968
287,968
232,968
183,968
164,968
73,968
10,968
1334,969
1324,969
1265,969
1262,969
1217,969
1167,969
1149,969
1140,969
1115,969
1104,969
1076,969
1056,969
970,969
956,969
896,969
886,969
833,969
773,969
763,969
748,969
745,969
691,969
680,969
677,969
521,969
400,969
397,969
384,969
347,969
288,969
287,969
183,969
164,969
73,969
10,969
1334,970
1324,970
1321,970
1299,970
1262,970
1226,970
1217,970
1167,970
1125,970
1115,970
1104,970
1056,970
1027,970
993,970
970,970
956,970
896,970
833,970
763,970
748,970
745,970
725,970
680,970
677,970
521,970
400,970
388,970
384,970
287,970
232,970
183,970
164,970
73,970
10,970
6,970
1316,971
1302,971
1292,971
1235,971
1142,971
1110,971
1074,971
1061,971
1038,971
999,971
986,971
985,971
971,971
966,971
964,971
961,971
944,971
931,971
918,971
842,971
840,971
830,971
737,971
719,971
680,971
663,971
449,971
339,971
214,971
202,971
160,971
92,971
73,971
62,971
1,971
1336,972
1301,972
1294,972
1164,972
1125,972
1124,972
1078,972
1028,972
1018,972
1014,972
978,972
906,972
802,972
793,972
749,972
742,972
693,972
668,972
664,972
636,972
628,972
575,972
502,972
418,972
405,972
376,972
318,972
279,972
229,972
208,972
127,972
56,972
29,972
23,972
18,972
1324,973
1290,973
1262,973
1167,973
1148,973
1125,973
1115,973
1027,973
958,973
956,973
896,973
833,973
812,973
773,973
763,973
748,973
745,973
680,973
677,973
603,973
510,973
495,973
432,973
400,973
397,973
388,973
384,973
347,973
308,973
288,973
287,973
232,973
183,973
164,973
10,973
1346,974
1339,974
1298,974
1285,974
1271,974
1247,974
1230,974
1193,974
1117,974
1112,974
1111,974
1064,974
1039,974
995,974
978,974
815,974
785,974
738,974
723,974
711,974
452,974
358,974
340,974
313,974
307,974
285,974
268,974
257,974
245,974
238,974
219,974
142,974
126,974
31,974
25,974
1334,975
1284,975
1267,975
1265,975
1251,975
1236,975
1207,975
1159,975
1148,975
1098,975
1066,975
1013,975
1010,975
944,975
938,975
909,975
846,975
839,975
838,975
821,975
817,975
806,975
751,975
696,975
675,975
658,975
644,975
571,975
479,975
456,975
432,975
417,975
268,975
172,975
19,975
13,975
1334,976
1324,976
1299,976
1290,976
1262,976
1217,976
1167,976
1115,976
1104,976
1056,976
1027,976
970,976
956,976
896,976
833,976
773,976
745,976
680,976
677,976
521,976
480,976
431,976
403,976
400,976
397,976
388,976
384,976
347,976
288,976
287,976
232,976
183,976
164,976
73,976
10,976
1246,977
1225,977
1214,977
1161,977
1136,977
1104,977
1084,977
1061,977
1048,977
1019,977
1002,977
985,977
970,977
942,977
921,977
883,977
769,977
745,977
673,977
655,977
651,977
599,977
584,977
521,977
491,977
472,977
462,977
430,977
324,977
287,977
215,977
173,977
160,977
145,977
12,977
790,978
764,978
755,978
673,978
668,978
988,978
585,978
584,978
576,978
560,978
533,978
493,978
1110,978
1232,978
1225,978
419,978
409,978
1124,978
1113,978
1087,978
1084,978
1082,978
1066,978
1052,978
1022,978
222,978
1002,978
994,978
986,978
956,978
941,978
886,978
74,978
863,978
820,978
1324,979
1299,979
1290,979
1269,979
1262,979
1225,979
1167,979
1115,979
1104,979
1084,979
1056,979
1027,979
1002,979
994,979
970,979
947,979
941,979
930,979
863,979
833,979
790,979
769,979
763,979
745,979
691,979
677,979
594,979
584,979
576,979
560,979
521,979
400,979
378,979
232,979
42,979
1324,980
1299,980
1290,980
1262,980
1217,980
1167,980
1115,980
1104,980
1070,980
1056,980
1027,980
970,980
956,980
896,980
833,980
763,980
748,980
745,980
680,980
677,980
521,980
431,980
426,980
400,980
397,980
388,980
384,980
347,980
288,980
287,980
232,980
183,980
164,980
54,980
10,980
1334,981
1290,981
1262,981
1217,981
1167,981
1125,981
1104,981
1087,981
1056,981
1027,981
970,981
886,981
870,981
833,981
816,981
773,981
769,981
763,981
748,981
725,981
697,981
677,981
599,981
598,981
540,981
515,981
483,981
426,981
400,981
288,981
287,981
232,981
183,981
145,981
10,981
1324,982
1167,982
1115,982
1104,982
1056,982
1002,982
970,982
966,982
876,982
842,982
830,982
816,982
769,982
753,982
748,982
745,982
677,982
655,982
539,982
529,982
521,982
509,982
503,982
449,982
428,982
400,982
287,982
253,982
219,982
218,982
193,982
140,982
123,982
122,982
10,982
1302,983
1301,983
1292,983
1286,983
1183,983
1142,983
1115,983
1053,983
999,983
966,983
925,983
904,983
830,983
753,983
747,983
719,983
680,983
642,983
623,983
610,983
531,983
449,983
426,983
375,983
372,983
351,983
346,983
344,983
332,983
312,983
229,983
223,983
79,983
42,983
33,983
1320,984
1270,984
1206,984
1204,984
1129,984
918,984
816,984
774,984
746,984
624,984
607,984
602,984
598,984
583,984
571,984
558,984
555,984
518,984
498,984
489,984
441,984
406,984
385,984
369,984
320,984
271,984
269,984
243,984
225,984
218,984
146,984
145,984
93,984
87,984
61,984
1211,985
1193,985
1122,985
1108,985
1071,985
1020,985
976,985
915,985
906,985
881,985
814,985
803,985
787,985
783,985
771,985
728,985
715,985
679,985
664,985
598,985
557,985
399,985
366,985
358,985
338,985
336,985
303,985
294,985
245,985
188,985
161,985
117,985
83,985
64,985
58,985
1351,986
1315,986
1268,986
1250,986
1232,986
1222,986
1129,986
1126,986
1101,986
996,986
975,986
918,986
873,986
857,986
837,986
762,986
742,986
731,986
721,986
600,986
580,986
576,986
546,986
532,986
493,986
465,986
447,986
416,986
357,986
271,986
184,986
166,986
160,986
93,986
53,986
1349,987
1296,987
1275,987
1163,987
975,987
928,987
890,987
867,987
809,987
754,987
651,987
614,987
590,987
589,987
588,987
563,987
487,987
483,987
357,987
297,987
258,987
244,987
242,987
237,987
231,987
203,987
171,987
170,987
143,987
138,987
135,987
125,987
74,987
17,987
12,987
1349,988
1296,988
1275,988
1163,988
975,988
928,988
890,988
867,988
809,988
754,988
651,988
614,988
590,988
589,988
588,988
563,988
487,988
483,988
357,988
297,988
258,988
244,988
242,988
237,988
231,988
203,988
171,988
170,988
143,988
138,988
135,988
125,988
74,988
17,988
12,988
1335,989
1306,989
1250,989
1236,989
1229,989
1223,989
1206,989
1176,989
1128,989
1050,989
936,989
882,989
833,989
821,989
746,989
656,989
646,989
599,989
577,989
544,989
500,989
493,989
487,989
447,989
418,989
377,989
356,989
325,989
289,989
227,989
222,989
159,989
145,989
93,989
42,989
1284,990
1136,990
1114,990
1065,990
886,990
880,990
858,990
816,990
774,990
766,990
746,990
717,990
670,990
638,990
599,990
541,990
515,990
494,990
493,990
489,990
348,990
271,990
269,990
248,990
233,990
228,990
227,990
225,990
168,990
150,990
146,990
113,990
93,990
87,990
15,990
1297,991
1287,991
1263,991
1246,991
1227,991
1135,991
1128,991
1097,991
1060,991
1044,991
1041,991
1039,991
1005,991
976,991
888,991
864,991
814,991
782,991
780,991
771,991
756,991
728,991
725,991
676,991
660,991
634,991
446,991
408,991
338,991
303,991
289,991
245,991
111,991
82,991
42,991
1317,992
1286,992
1278,992
1235,992
1233,992
1191,992
1184,992
1129,992
1111,992
1099,992
1089,992
1081,992
1034,992
1032,992
753,992
752,992
744,992
700,992
699,992
689,992
636,992
626,992
625,992
590,992
580,992
576,992
509,992
427,992
426,992
315,992
305,992
284,992
282,992
280,992
182,992
1136,993
1101,993
873,993
801,993
774,993
766,993
746,993
737,993
638,993
637,993
607,993
600,993
599,993
588,993
583,993
580,993
572,993
568,993
565,993
541,993
539,993
519,993
517,993
503,993
494,993
471,993
377,993
348,993
271,993
150,993
146,993
93,993
68,993
34,993
27,993
1283,994
1131,994
928,994
896,994
670,994
655,994
638,994
563,994
545,994
539,994
527,994
518,994
506,994
489,994
483,994
472,994
441,994
440,994
429,994
348,994
251,994
248,994
246,994
237,994
228,994
218,994
193,994
165,994
132,994
121,994
113,994
90,994
87,994
74,994
12,994
1330,995
1318,995
1271,995
1211,995
967,995
881,995
880,995
821,995
768,995
750,995
722,995
709,995
653,995
648,995
638,995
637,995
598,995
493,995
492,995
473,995
467,995
444,995
435,995
422,995
377,995
369,995
325,995
225,995
195,995
161,995
117,995
93,995
48,995
46,995
37,995
1193,996
1191,996
1108,996
1071,996
1060,996
1034,996
976,996
931,996
879,996
814,996
785,996
775,996
771,996
749,996
728,996
679,996
664,996
649,996
408,996
344,996
338,996
337,996
336,996
303,996
294,996
292,996
280,996
245,996
222,996
195,996
188,996
161,996
64,996
58,996
56,996
1283,997
1206,997
1136,997
1107,997
1054,997
957,997
880,997
816,997
766,997
746,997
518,997
515,997
503,997
498,997
489,997
473,997
441,997
421,997
391,997
348,997
271,997
251,997
248,997
246,997
228,997
218,997
211,997
165,997
137,997
131,997
130,997
121,997
113,997
93,997
87,997
1341,998
1305,998
1275,998
1274,998
1182,998
1174,998
1138,998
1129,998
1123,998
1122,998
1096,998
1083,998
1070,998
1009,998
990,998
794,998
778,998
768,998
725,998
722,998
706,998
679,998
678,998
674,998
617,998
541,998
476,998
455,998
444,998
332,998
281,998
166,998
129,998
46,998
34,998
1334,999
1308,999
1270,999
1237,999
1235,999
1233,999
1216,999
1101,999
952,999
948,999
873,999
766,999
681,999
663,999
604,999
600,999
588,999
583,999
580,999
574,999
568,999
546,999
542,999
534,999
524,999
523,999
518,999
517,999
501,999
394,999
320,999
272,999
235,999
168,999
3,999
1340,1000
1325,1000
1313,1000
1274,1000
1212,1000
1177,1000
1136,1000
1109,1000
921,1000
889,1000
875,1000
729,1000
667,1000
647,1000
601,1000
599,1000
559,1000
557,1000
556,1000
553,1000
551,1000
513,1000
487,1000
484,1000
463,1000
410,1000
360,1000
350,1000
279,1000
269,1000
139,1000
88,1000
30,1000
12,1000
6,1000
1338,1001
1315,1001
1301,1001
1214,1001
1180,1001
1150,1001
1038,1001
1003,1001
976,1001
919,1001
911,1001
887,1001
842,1001
836,1001
793,1001
781,1001
779,1001
771,1001
761,1001
756,1001
750,1001
706,1001
662,1001
636,1001
485,1001
413,1001
338,1001
313,1001
204,1001
195,1001
175,1001
168,1001
101,1001
97,1001
48,1001
1255,1002
1249,1002
1186,1002
1152,1002
1122,1002
1087,1002
1079,1002
1061,1002
1012,1002
973,1002
901,1002
867,1002
841,1002
833,1002
763,1002
762,1002
744,1002
546,1002
541,1002
539,1002
476,1002
454,1002
422,1002
366,1002
233,1002
221,1002
215,1002
198,1002
175,1002
173,1002
160,1002
159,1002
150,1002
122,1002
24,1002
1305,1003
1293,1003
1232,1003
1191,1003
1150,1003
1115,1003
1065,1003
1060,1003
1032,1003
998,1003
971,1003
965,1003
927,1003
918,1003
900,1003
890,1003
804,1003
803,1003
770,1003
761,1003
756,1003
722,1003
721,1003
682,1003
668,1003
616,1003
607,1003
462,1003
447,1003
383,1003
338,1003
326,1003
305,1003
117,1003
78,1003
1323,1004
1258,1004
1246,1004
1234,1004
1195,1004
1191,1004
1141,1004
998,1004
976,1004
924,1004
915,1004
803,1004
771,1004
769,1004
768,1004
758,1004
757,1004
740,1004
735,1004
679,1004
672,1004
661,1004
427,1004
383,1004
382,1004
344,1004
338,1004
317,1004
292,1004
204,1004
179,1004
84,1004
77,1004
58,1004
57,1004
1348,1005
1228,1005
1199,1005
1138,1005
1081,1005
1075,1005
1065,1005
1060,1005
991,1005
920,1005
693,1005
691,1005
634,1005
602,1005
600,1005
555,1005
526,1005
448,1005
395,1005
356,1005
355,1005
306,1005
305,1005
284,1005
256,1005
233,1005
164,1005
119,1005
76,1005
75,1005
61,1005
40,1005
35,1005
34,1005
33,1005
1334,1006
1315,1006
1307,1006
1250,1006
1246,1006
1184,1006
1079,1006
1048,1006
1029,1006
978,1006
827,1006
793,1006
777,1006
737,1006
715,1006
698,1006
695,1006
662,1006
637,1006
626,1006
508,1006
456,1006
454,1006
378,1006
374,1006
324,1006
318,1006
289,1006
116,1006
42,1006
40,1006
39,1006
35,1006
33,1006
12,1006
1349,1007
1257,1007
1250,1007
1179,1007
1172,1007
1147,1007
1124,1007
1122,1007
1101,1007
1045,1007
1033,1007
1029,1007
981,1007
963,1007
949,1007
943,1007
935,1007
922,1007
873,1007
691,1007
666,1007
600,1007
589,1007
476,1007
457,1007
306,1007
267,1007
233,1007
211,1007
198,1007
185,1007
157,1007
156,1007
107,1007
61,1007
1296,1008
1235,1008
1212,1008
1173,1008
1136,1008
1131,1008
1130,1008
1128,1008
1118,1008
1097,1008
1085,1008
965,1008
907,1008
857,1008
854,1008
851,1008
841,1008
697,1008
643,1008
541,1008
531,1008
457,1008
422,1008
404,1008
340,1008
332,1008
266,1008
253,1008
175,1008
159,1008
133,1008
74,1008
42,1008
27,1008
12,1008
1284,1009
1281,1009
1280,1009
1278,1009
1275,1009
1266,1009
1263,1009
1260,1009
1255,1009
1250,1009
1249,1009
1248,1009
1186,1009
1181,1009
1176,1009
1150,1009
1106,1009
1096,1009
1059,1009
1057,1009
1015,1009
859,1009
849,1009
843,1009
825,1009
801,1009
717,1009
698,1009
646,1009
417,1009
356,1009
310,1009
160,1009
90,1009
32,1009
1349,1010
1333,1010
1321,1010
1310,1010
1263,1010
1243,1010
1184,1010
1173,1010
1048,1010
1045,1010
1033,1010
949,1010
935,1010
867,1010
851,1010
822,1010
687,1010
592,1010
589,1010
563,1010
462,1010
457,1010
455,1010
267,1010
255,1010
212,1010
211,1010
207,1010
204,1010
157,1010
156,1010
154,1010
134,1010
107,1010
34,1010
1339,1011
1281,1011
1278,1011
1275,1011
1263,1011
1260,1011
1255,1011
1249,1011
1248,1011
1240,1011
1186,1011
1181,1011
1178,1011
1176,1011
1106,1011
1105,1011
1096,1011
1069,1011
1057,1011
1022,1011
1015,1011
1013,1011
859,1011
843,1011
801,1011
772,1011
698,1011
657,1011
646,1011
479,1011
373,1011
310,1011
186,1011
72,1011
52,1011
1349,1012
1280,1012
1272,1012
1270,1012
1268,1012
1232,1012
1126,1012
1114,1012
1045,1012
973,1012
963,1012
935,1012
928,1012
900,1012
867,1012
833,1012
822,1012
807,1012
792,1012
663,1012
589,1012
571,1012
563,1012
457,1012
416,1012
271,1012
255,1012
223,1012
212,1012
211,1012
170,1012
156,1012
154,1012
135,1012
134,1012
107,1012
1349,1013
1310,1013
1272,1013
1270,1013
1268,1013
1239,1013
1045,1013
1029,1013
973,1013
965,1013
963,1013
935,1013
900,1013
867,1013
858,1013
822,1013
792,1013
589,1013
564,1013
563,1013
472,1013
457,1013
271,1013
255,1013
223,1013
212,1013
211,1013
207,1013
198,1013
187,1013
170,1013
156,1013
154,1013
134,1013
107,1013
1349,1014
1281,1014
1278,1014
1266,1014
1263,1014
1260,1014
1255,1014
1249,1014
1186,1014
1176,1014
1096,1014
1069,1014
1045,1014
1029,1014
1015,1014
935,1014
900,1014
867,1014
859,1014
801,1014
769,1014
646,1014
589,1014
472,1014
457,1014
255,1014
212,1014
211,1014
201,1014
198,1014
157,1014
156,1014
154,1014
134,1014
107,1014
1281,1015
1278,1015
1275,1015
1263,1015
1260,1015
1255,1015
1249,1015
1248,1015
1214,1015
1186,1015
1181,1015
1176,1015
1140,1015
1106,1015
1096,1015
1069,1015
1057,1015
1045,1015
1015,1015
992,1015
900,1015
894,1015
859,1015
843,1015
825,1015
801,1015
772,1015
687,1015
663,1015
646,1015
310,1015
260,1015
204,1015
52,1015
32,1015
1334,1016
1329,1016
1237,1016
1235,1016
1233,1016
1204,1016
1144,1016
1128,1016
1126,1016
1097,1016
952,1016
948,1016
876,1016
866,1016
841,1016
721,1016
580,1016
574,1016
520,1016
496,1016
491,1016
457,1016
413,1016
271,1016
260,1016
251,1016
243,1016
237,1016
189,1016
180,1016
170,1016
159,1016
133,1016
12,1016
3,1016
1349,1017
1281,1017
1278,1017
1266,1017
1263,1017
1260,1017
1255,1017
1249,1017
1248,1017
1186,1017
1176,1017
1106,1017
1096,1017
1069,1017
1045,1017
1015,1017
935,1017
900,1017
859,1017
853,1017
843,1017
801,1017
646,1017
637,1017
589,1017
255,1017
215,1017
212,1017
211,1017
198,1017
173,1017
168,1017
157,1017
154,1017
107,1017
1237,1018
1235,1018
1233,1018
1232,1018
1204,1018
1157,1018
1145,1018
1144,1018
1068,1018
943,1018
876,1018
861,1018
721,1018
607,1018
604,1018
588,1018
583,1018
580,1018
574,1018
571,1018
542,1018
534,1018
524,1018
523,1018
517,1018
416,1018
394,1018
273,1018
271,1018
253,1018
243,1018
184,1018
166,1018
12,1018
3,1018
1351,1019
1338,1019
1275,1019
1259,1019
1255,1019
1229,1019
1180,1019
1096,1019
1061,1019
1013,1019
920,1019
918,1019
904,1019
840,1019
826,1019
766,1019
763,1019
746,1019
644,1019
641,1019
588,1019
546,1019
539,1019
503,1019
476,1019
407,1019
354,1019
286,1019
267,1019
233,1019
168,1019
160,1019
107,1019
54,1019
32,1019
1302,1020
1301,1020
1277,1020
1183,1020
1142,1020
1105,1020
1090,1020
999,1020
990,1020
966,1020
932,1020
925,1020
840,1020
830,1020
753,1020
719,1020
680,1020
610,1020
531,1020
509,1020
479,1020
457,1020
449,1020
428,1020
426,1020
375,1020
372,1020
346,1020
332,1020
312,1020
223,1020
149,1020
79,1020
24,1020
13,1020
1281,1021
1278,1021
1275,1021
1266,1021
1263,1021
1260,1021
1255,1021
1249,1021
1248,1021
1186,1021
1181,1021
1176,1021
1150,1021
1106,1021
1096,1021
1069,1021
1015,1021
992,1021
859,1021
843,1021
825,1021
801,1021
772,1021
737,1021
698,1021
646,1021
478,1021
447,1021
443,1021
260,1021
204,1021
168,1021
52,1021
32,1021
24,1021
1281,1022
1278,1022
1266,1022
1263,1022
1260,1022
1255,1022
1249,1022
1186,1022
1181,1022
1176,1022
1106,1022
1096,1022
1069,1022
1057,1022
1045,1022
1029,1022
1015,1022
935,1022
861,1022
859,1022
849,1022
843,1022
801,1022
797,1022
698,1022
646,1022
513,1022
457,1022
310,1022
198,1022
168,1022
157,1022
118,1022
107,1022
41,1022
1324,1023
1305,1023
1265,1023
1234,1023
1227,1023
1214,1023
1181,1023
1173,1023
1150,1023
1149,1023
1140,1023
1123,1023
1108,1023
1099,1023
1083,1023
1064,1023
1056,1023
1045,1023
1016,1023
900,1023
890,1023
879,1023
864,1023
848,1023
837,1023
819,1023
781,1023
775,1023
750,1023
735,1023
663,1023
660,1023
423,1023
293,1023
211,1023
1330,1024
1240,1024
1239,1024
1183,1024
1178,1024
1105,1024
1087,1024
1022,1024
1013,1024
966,1024
964,1024
963,1024
961,1024
840,1024
830,1024
812,1024
806,1024
788,1024
753,1024
719,1024
675,1024
657,1024
617,1024
480,1024
479,1024
457,1024
373,1024
310,1024
202,1024
186,1024
92,1024
86,1024
85,1024
72,1024
54,1024
1338,1025
1294,1025
1293,1025
1265,1025
1247,1025
1149,1025
1140,1025
1118,1025
1099,1025
1076,1025
1060,1025
1045,1025
1038,1025
1035,1025
906,1025
899,1025
890,1025
887,1025
802,1025
788,1025
787,1025
781,1025
777,1025
775,1025
712,1025
660,1025
652,1025
423,1025
403,1025
305,1025
293,1025
211,1025
124,1025
104,1025
101,1025
1349,1026
1281,1026
1263,1026
1260,1026
1255,1026
1249,1026
1186,1026
1176,1026
1106,1026
1069,1026
1048,1026
1045,1026
935,1026
867,1026
843,1026
822,1026
801,1026
646,1026
637,1026
589,1026
588,1026
563,1026
513,1026
457,1026
455,1026
421,1026
255,1026
212,1026
211,1026
207,1026
171,1026
156,1026
154,1026
134,1026
107,1026
1353,1027
1336,1027
1328,1027
1263,1027
1254,1027
1246,1027
1128,1027
1097,1027
1082,1027
1054,1027
1014,1027
800,1027
783,1027
720,1027
710,1027
668,1027
593,1027
588,1027
550,1027
512,1027
438,1027
277,1027
246,1027
242,1027
240,1027
237,1027
231,1027
209,1027
203,1027
189,1027
165,1027
163,1027
137,1027
119,1027
14,1027
1339,1028
1330,1028
1284,1028
1267,1028
1240,1028
1178,1028
1105,1028
1077,1028
1026,1028
1022,1028
1013,1028
995,1028
929,1028
888,1028
846,1028
828,1028
823,1028
800,1028
728,1028
707,1028
657,1028
629,1028
603,1028
479,1028
442,1028
434,1028
403,1028
373,1028
367,1028
310,1028
186,1028
86,1028
72,1028
64,1028
52,1028
1305,1029
1259,1029
1227,1029
1214,1029
1211,1029
1207,1029
1181,1029
1174,1029
1120,1029
1108,1029
1095,1029
1093,1029
1089,1029
1076,1029
1060,1029
1055,1029
1035,1029
927,1029
908,1029
787,1029
757,1029
706,1029
590,1029
570,1029
435,1029
411,1029
339,1029
292,1029
161,1029
108,1029
106,1029
89,1029
84,1029
66,1029
58,1029
1349,1030
1281,1030
1263,1030
1260,1030
1255,1030
1249,1030
1186,1030
1176,1030
1106,1030
1069,1030
1048,1030
1045,1030
935,1030
867,1030
843,1030
822,1030
801,1030
646,1030
637,1030
589,1030
588,1030
563,1030
513,1030
457,1030
455,1030
421,1030
255,1030
212,1030
211,1030
207,1030
171,1030
156,1030
154,1030
134,1030
107,1030
1333,1031
1265,1031
1263,1031
1163,1031
1149,1031
1140,1031
1139,1031
1099,1031
1087,1031
1076,1031
1055,1031
1045,1031
992,1031
978,1031
963,1031
935,1031
924,1031
822,1031
781,1031
777,1031
769,1031
744,1031
687,1031
663,1031
660,1031
629,1031
575,1031
476,1031
434,1031
303,1031
301,1031
260,1031
204,1031
154,1031
149,1031
1349,1032
1333,1032
1272,1032
1260,1032
1249,1032
1214,1032
1161,1032
1132,1032
1130,1032
1092,1032
1067,1032
1061,1032
1015,1032
984,1032
975,1032
859,1032
755,1032
715,1032
628,1032
627,1032
602,1032
589,1032
583,1032
574,1032
555,1032
546,1032
542,1032
431,1032
391,1032
324,1032
266,1032
215,1032
173,1032
160,1032
145,1032
76,1032
1315,1033
1314,1033
1306,1033
1274,1033
1237,1033
1232,1033
1129,1033
1126,1033
1087,1033
1031,1033
918,1033
900,1033
873,1033
837,1033
836,1033
762,1033
712,1033
662,1033
628,1033
602,1033
576,1033
564,1033
555,1033
532,1033
517,1033
447,1033
436,1033
416,1033
328,1033
298,1033
235,1033
192,1033
75,1033
74,1033
53,1033
1135,1034
1127,1034
1011,1034
982,1034
950,1034
882,1034
824,1034
794,1034
716,1034
702,1034
697,1034
688,1034
638,1034
630,1034
580,1034
516,1034
512,1034
507,1034
482,1034
471,1034
436,1034
418,1034
406,1034
365,1034
341,1034
297,1034
290,1034
178,1034
129,1034
126,1034
105,1034
82,1034
44,1034
24,1034
20,1034
1339,1036
1330,1036
1284,1036
1267,1036
1240,1036
1186,1036
1178,1036
1105,1036
1077,1036
1057,1036
1022,1036
1014,1036
1013,1036
1012,1036
1010,1036
995,1036
900,1036
858,1036
851,1036
848,1036
846,1036
812,1036
800,1036
707,1036
657,1036
479,1036
434,1036
373,1036
310,1036
250,1036
186,1036
160,1036
72,1036
52,1036
51,1036
1305,1037
1276,1037
1254,1037
1195,1037
1123,1037
1099,1037
1060,1037
1042,1037
1038,1037
1027,1037
1020,1037
1009,1037
989,1037
890,1037
781,1037
773,1037
760,1037
759,1037
758,1037
738,1037
700,1037
671,1037
660,1037
616,1037
590,1037
453,1037
427,1037
413,1037
362,1037
327,1037
195,1037
161,1037
117,1037
97,1037
34,1037
1351,1038
1333,1038
1320,1038
1197,1038
1168,1038
1166,1038
1162,1038
1152,1038
1151,1038
1059,1038
1029,1038
985,1038
950,1038
948,1038
901,1038
883,1038
876,1038
869,1038
755,1038
747,1038
732,1038
695,1038
672,1038
480,1038
464,1038
378,1038
276,1038
253,1038
236,1038
156,1038
76,1038
40,1038
36,1038
35,1038
7,1038
1259,1039
1257,1039
1239,1039
1231,1039
1229,1039
1227,1039
1223,1039
1218,1039
1212,1039
1163,1039
1161,1039
1157,1039
1118,1039
1115,1039
1092,1039
965,1039
963,1039
947,1039
941,1039
922,1039
910,1039
894,1039
871,1039
857,1039
855,1039
849,1039
844,1039
838,1039
833,1039
826,1039
717,1039
658,1039
476,1039
439,1039
38,1039
1284,1040
1259,1040
1257,1040
1255,1040
1229,1040
1223,1040
1186,1040
1163,1040
1161,1040
1128,1040
1092,1040
965,1040
947,1040
941,1040
894,1040
871,1040
868,1040
855,1040
849,1040
848,1040
844,1040
838,1040
833,1040
826,1040
817,1040
800,1040
797,1040
715,1040
658,1040
501,1040
476,1040
352,1040
272,1040
204,1040
154,1040
1334,1041
1250,1041
1237,1041
1235,1041
1233,1041
1229,1041
1163,1041
1126,1041
1115,1041
1087,1041
992,1041
948,1041
935,1041
928,1041
910,1041
876,1041
866,1041
833,1041
792,1041
753,1041
721,1041
642,1041
574,1041
564,1041
542,1041
506,1041
493,1041
472,1041
321,1041
211,1041
204,1041
201,1041
154,1041
54,1041
3,1041
1336,1042
1301,1042
1294,1042
1263,1042
1186,1042
1085,1042
1035,1042
1015,1042
977,1042
900,1042
843,1042
792,1042
769,1042
747,1042
742,1042
593,1042
575,1042
550,1042
512,1042
368,1042
247,1042
242,1042
209,1042
208,1042
204,1042
178,1042
165,1042
157,1042
156,1042
151,1042
137,1042
130,1042
53,1042
23,1042
18,1042
1337,1043
1294,1043
1292,1043
1160,1043
1141,1043
1123,1043
1089,1043
1083,1043
1076,1043
1034,1043
959,1043
892,1043
887,1043
843,1043
832,1043
828,1043
822,1043
779,1043
758,1043
750,1043
735,1043
722,1043
634,1043
626,1043
579,1043
485,1043
413,1043
408,1043
399,1043
379,1043
294,1043
195,1043
181,1043
101,1043
82,1043
1259,1044
1257,1044
1246,1044
1239,1044
1231,1044
1229,1044
1227,1044
1218,1044
1216,1044
1163,1044
1161,1044
1157,1044
1133,1044
1118,1044
1115,1044
1087,1044
1001,1044
965,1044
947,1044
941,1044
894,1044
844,1044
838,1044
826,1044
817,1044
797,1044
769,1044
658,1044
472,1044
462,1044
439,1044
431,1044
352,1044
154,1044
28,1044
1334,1045
1333,1045
1250,1045
1237,1045
1235,1045
1233,1045
1163,1045
1126,1045
1115,1045
1087,1045
992,1045
948,1045
928,1045
910,1045
876,1045
866,1045
836,1045
792,1045
754,1045
721,1045
580,1045
574,1045
554,1045
542,1045
506,1045
493,1045
472,1045
421,1045
321,1045
258,1045
244,1045
204,1045
201,1045
154,1045
3,1045
1301,1046
1274,1046
1254,1046
1239,1046
1198,1046
1162,1046
1154,1046
1110,1046
1087,1046
986,1046
979,1046
923,1046
904,1046
747,1046
742,1046
642,1046
617,1046
546,1046
539,1046
531,1046
476,1046
449,1046
386,1046
385,1046
377,1046
375,1046
372,1046
296,1046
293,1046
198,1046
159,1046
79,1046
34,1046
24,1046
23,1046
1334,1047
1250,1047
1237,1047
1235,1047
1233,1047
1229,1047
1163,1047
1126,1047
1115,1047
1087,1047
992,1047
948,1047
928,1047
876,1047
866,1047
825,1047
792,1047
721,1047
580,1047
574,1047
554,1047
545,1047
542,1047
506,1047
493,1047
472,1047
464,1047
421,1047
321,1047
260,1047
248,1047
204,1047
154,1047
54,1047
3,1047
1349,1048
1296,1048
1275,1048
1163,1048
975,1048
928,1048
890,1048
867,1048
754,1048
651,1048
614,1048
590,1048
589,1048
588,1048
563,1048
487,1048
483,1048
460,1048
357,1048
297,1048
258,1048
244,1048
242,1048
237,1048
231,1048
203,1048
171,1048
170,1048
138,1048
135,1048
125,1048
74,1048
17,1048
12,1048
5,1048
1281,1049
1267,1049
1255,1049
1237,1049
1235,1049
1200,1049
1189,1049
1186,1049
1163,1049
1150,1049
1087,1049
865,1049
744,1049
721,1049
604,1049
580,1049
574,1049
571,1049
542,1049
524,1049
517,1049
476,1049
422,1049
366,1049
271,1049
221,1049
215,1049
210,1049
198,1049
173,1049
156,1049
122,1049
114,1049
61,1049
24,1049
1296,1050
1240,1050
1163,1050
1022,1050
1013,1050
975,1050
928,1050
893,1050
867,1050
815,1050
809,1050
754,1050
651,1050
614,1050
590,1050
588,1050
563,1050
487,1050
483,1050
479,1050
468,1050
357,1050
297,1050
258,1050
244,1050
237,1050
231,1050
203,1050
186,1050
171,1050
138,1050
135,1050
125,1050
74,1050
17,1050
1321,1051
1284,1051
1267,1051
1265,1051
1251,1051
1159,1051
1105,1051
1098,1051
1067,1051
1057,1051
1049,1051
1022,1051
1013,1051
995,1051
992,1051
963,1051
938,1051
937,1051
909,1051
866,1051
846,1051
838,1051
821,1051
812,1051
788,1051
726,1051
717,1051
696,1051
675,1051
658,1051
644,1051
321,1051
301,1051
268,1051
13,1051
1337,1052
1305,1052
1300,1052
1279,1052
1275,1052
1245,1052
1234,1052
1213,1052
1191,1052
1141,1052
1090,1052
1039,1052
1004,1052
768,1052
761,1052
740,1052
735,1052
724,1052
722,1052
710,1052
699,1052
679,1052
549,1052
526,1052
344,1052
338,1052
336,1052
195,1052
188,1052
161,1052
89,1052
84,1052
58,1052
57,1052
56,1052
1284,1053
1274,1053
1259,1053
1257,1053
1255,1053
1239,1053
1229,1053
1227,1053
1218,1053
1207,1053
1162,1053
1158,1053
1150,1053
1120,1053
1118,1053
1114,1053
1010,1053
943,1053
857,1053
855,1053
719,1053
681,1053
476,1053
455,1053
448,1053
446,1053
439,1053
306,1053
250,1053
227,1053
168,1053
54,1053
41,1053
38,1053
15,1053
1270,1054
1266,1054
1168,1054
1152,1054
1114,1054
1061,1054
816,1054
774,1054
766,1054
737,1054
732,1054
716,1054
637,1054
607,1054
599,1054
580,1054
572,1054
541,1054
515,1054
494,1054
407,1054
369,1054
271,1054
269,1054
236,1054
225,1054
207,1054
198,1054
180,1054
160,1054
145,1054
100,1054
93,1054
34,1054
12,1054
1336,1055
1301,1055
1294,1055
1263,1055
1186,1055
1085,1055
1035,1055
1015,1055
977,1055
900,1055
843,1055
792,1055
769,1055
747,1055
742,1055
593,1055
575,1055
550,1055
512,1055
368,1055
247,1055
242,1055
209,1055
208,1055
204,1055
178,1055
165,1055
157,1055
156,1055
151,1055
137,1055
130,1055
53,1055
23,1055
18,1055
1329,1056
1291,1056
1232,1056
1231,1056
1216,1056
1214,1056
1174,1056
1164,1056
1128,1056
1083,1056
979,1056
908,1056
900,1056
894,1056
844,1056
817,1056
807,1056
740,1056
715,1056
493,1056
439,1056
411,1056
404,1056
385,1056
352,1056
344,1056
338,1056
303,1056
292,1056
289,1056
280,1056
245,1056
161,1056
64,1056
58,1056
1259,1057
1257,1057
1246,1057
1239,1057
1231,1057
1229,1057
1227,1057
1218,1057
1216,1057
1212,1057
1163,1057
1161,1057
1157,1057
1135,1057
1124,1057
1118,1057
1115,1057
1092,1057
981,1057
963,1057
947,1057
941,1057
857,1057
855,1057
844,1057
838,1057
826,1057
817,1057
797,1057
769,1057
658,1057
617,1057
489,1057
352,1057
284,1057
1277,1058
1250,1058
1240,1058
1239,1058
1207,1058
1167,1058
1156,1058
1115,1058
1105,1058
1087,1058
1022,1058
1013,1058
990,1058
966,1058
932,1058
925,1058
830,1058
769,1058
753,1058
719,1058
680,1058
480,1058
479,1058
457,1058
428,1058
426,1058
385,1058
341,1058
332,1058
215,1058
173,1058
79,1058
62,1058
42,1058
13,1058
1340,1059
1325,1059
1321,1059
1243,1059
1226,1059
1220,1059
1177,1059
1150,1059
1055,1059
993,1059
992,1059
958,1059
824,1059
744,1059
730,1059
688,1059
681,1059
522,1059
513,1059
507,1059
470,1059
463,1059
406,1059
380,1059
360,1059
324,1059
315,1059
301,1059
277,1059
267,1059
157,1059
124,1059
107,1059
88,1059
30,1059
1321,1060
1263,1060
1260,1060
1253,1060
1243,1060
1239,1060
1226,1060
1220,1060
1159,1060
1150,1060
1094,1060
1015,1060
993,1060
992,1060
949,1060
938,1060
929,1060
910,1060
909,1060
805,1060
772,1060
730,1060
716,1060
687,1060
675,1060
663,1060
600,1060
554,1060
380,1060
306,1060
301,1060
267,1060
157,1060
107,1060
24,1060
1317,1061
1289,1061
1203,1061
1111,1061
1108,1061
1045,1061
1043,1061
856,1061
828,1061
814,1061
728,1061
712,1061
702,1061
700,1061
665,1061
652,1061
620,1061
595,1061
570,1061
466,1061
451,1061
404,1061
403,1061
394,1061
392,1061
367,1061
365,1061
359,1061
342,1061
324,1061
318,1061
317,1061
305,1061
64,1061
9,1061
1284,1062
1259,1062
1257,1062
1246,1062
1231,1062
1229,1062
1227,1062
1223,1062
1161,1062
1153,1062
1057,1062
1010,1062
965,1062
947,1062
943,1062
941,1062
894,1062
871,1062
855,1062
844,1062
838,1062
833,1062
832,1062
826,1062
818,1062
797,1062
715,1062
658,1062
501,1062
498,1062
476,1062
462,1062
289,1062
272,1062
250,1062
1259,1063
1257,1063
1246,1063
1239,1063
1231,1063
1229,1063
1227,1063
1223,1063
1218,1063
1216,1063
1212,1063
1163,1063
1161,1063
1118,1063
1115,1063
965,1063
963,1063
947,1063
941,1063
935,1063
894,1063
857,1063
855,1063
849,1063
844,1063
838,1063
826,1063
817,1063
797,1063
769,1063
658,1063
489,1063
352,1063
154,1063
76,1063
1348,1064
1335,1064
1318,1064
1294,1064
1239,1064
1229,1064
1199,1064
1172,1064
1153,1064
1064,1064
1034,1064
1019,1064
929,1064
915,1064
818,1064
810,1064
798,1064
773,1064
758,1064
733,1064
716,1064
666,1064
626,1064
576,1064
423,1064
406,1064
379,1064
373,1064
318,1064
211,1064
109,1064
104,1064
97,1064
34,1064
22,1064
1259,1065
1239,1065
1229,1065
1227,1065
1218,1065
1163,1065
1135,1065
1133,1065
1118,1065
1115,1065
992,1065
965,1065
910,1065
900,1065
894,1065
838,1065
828,1065
826,1065
817,1065
744,1065
658,1065
562,1065
480,1065
472,1065
448,1065
439,1065
428,1065
403,1065
367,1065
352,1065
287,1065
284,1065
204,1065
170,1065
154,1065
1259,1066
1257,1066
1246,1066
1239,1066
1229,1066
1227,1066
1223,1066
1186,1066
1161,1066
1133,1066
1128,1066
1118,1066
1029,1066
965,1066
947,1066
941,1066
922,1066
894,1066
871,1066
868,1066
855,1066
849,1066
848,1066
844,1066
838,1066
833,1066
826,1066
797,1066
762,1066
715,1066
658,1066
501,1066
476,1066
272,1066
168,1066
1259,1067
1257,1067
1246,1067
1239,1067
1231,1067
1229,1067
1218,1067
1216,1067
1212,1067
1167,1067
1163,1067
1161,1067
1118,1067
1115,1067
1002,1067
963,1067
947,1067
941,1067
935,1067
894,1067
871,1067
855,1067
844,1067
838,1067
817,1067
797,1067
769,1067
767,1067
658,1067
617,1067
584,1067
489,1067
352,1067
154,1067
76,1067
1342,1068
1341,1068
1320,1068
1306,1068
1255,1068
1254,1068
1202,1068
1172,1068
1160,1068
1129,1068
1051,1068
1021,1068
1020,1068
981,1068
959,1068
939,1068
876,1068
867,1068
827,1068
738,1068
592,1068
579,1068
483,1068
402,1068
356,1068
191,1068
157,1068
149,1068
104,1068
95,1068
65,1068
54,1068
34,1068
32,1068
31,1068
1341,1069
1254,1069
1250,1069
1248,1069
1115,1069
1114,1069
1101,1069
1075,1069
1061,1069
1059,1069
1050,1069
985,1069
975,1069
943,1069
873,1069
810,1069
731,1069
638,1069
600,1069
546,1069
527,1069
464,1069
447,1069
431,1069
429,1069
394,1069
377,1069
269,1069
168,1069
160,1069
93,1069
54,1069
44,1069
41,1069
32,1069
1344,1070
1341,1070
1327,1070
1320,1070
1280,1070
1263,1070
1239,1070
1228,1070
1129,1070
1101,1070
1079,1070
1026,1070
995,1070
978,1070
958,1070
944,1070
929,1070
895,1070
812,1070
705,1070
695,1070
629,1070
621,1070
603,1070
564,1070
510,1070
495,1070
476,1070
447,1070
387,1070
235,1070
181,1070
168,1070
102,1070
54,1070
1302,1071
1207,1071
1196,1071
1194,1071
1154,1071
1097,1071
1091,1071
1087,1071
999,1071
986,1071
904,1071
843,1071
747,1071
642,1071
625,1071
623,1071
617,1071
609,1071
539,1071
527,1071
509,1071
449,1071
429,1071
386,1071
375,1071
320,1071
311,1071
270,1071
204,1071
191,1071
184,1071
170,1071
81,1071
74,1071
36,1071
1306,1072
1263,1072
1132,1072
1064,1072
1029,1072
981,1072
975,1072
900,1072
880,1072
787,1072
766,1072
763,1072
687,1072
637,1072
628,1072
598,1072
541,1072
539,1072
515,1072
473,1072
375,1072
369,1072
357,1072
287,1072
251,1072
225,1072
215,1072
175,1072
173,1072
93,1072
53,1072
34,1072
29,1072
23,1072
6,1072
1333,1073
1306,1073
1295,1073
1279,1073
1256,1073
1243,1073
1238,1073
1203,1073
1138,1073
1134,1073
983,1073
777,1073
665,1073
664,1073
606,1073
575,1073
570,1073
427,1073
401,1073
390,1073
367,1073
338,1073
324,1073
315,1073
304,1073
296,1073
282,1073
195,1073
188,1073
124,1073
101,1073
89,1073
64,1073
58,1073
48,1073
1333,1074
1233,1074
1224,1074
1128,1074
1048,1074
928,1074
861,1074
655,1074
592,1074
588,1074
527,1074
496,1074
494,1074
483,1074
468,1074
440,1074
429,1074
379,1074
330,1074
260,1074
251,1074
237,1074
215,1074
210,1074
189,1074
173,1074
166,1074
150,1074
146,1074
143,1074
135,1074
74,1074
67,1074
7,1074
3,1074
1343,1075
1317,1075
1279,1075
1243,1075
1141,1075
1123,1075
1111,1075
1108,1075
1083,1075
1050,1075
1020,1075
931,1075
924,1075
913,1075
879,1075
844,1075
775,1075
773,1075
760,1075
735,1075
679,1075
666,1075
626,1075
620,1075
477,1075
427,1075
421,1075
365,1075
344,1075
337,1075
188,1075
161,1075
98,1075
58,1075
57,1075
1334,1076
1272,1076
1270,1076
1237,1076
1235,1076
1233,1076
1232,1076
952,1076
807,1076
721,1076
681,1076
604,1076
598,1076
580,1076
574,1076
542,1076
534,1076
524,1076
517,1076
502,1076
499,1076
493,1076
491,1076
484,1076
416,1076
411,1076
394,1076
320,1076
271,1076
255,1076
244,1076
212,1076
34,1076
12,1076
3,1076
1302,1077
1277,1077
1249,1077
1227,1077
1174,1077
1167,1077
1162,1077
1029,1077
904,1077
888,1077
836,1077
753,1077
748,1077
663,1077
643,1077
642,1077
625,1077
609,1077
539,1077
520,1077
509,1077
472,1077
430,1077
386,1077
385,1077
375,1077
372,1077
337,1077
330,1077
287,1077
170,1077
145,1077
76,1077
35,1077
34,1077
1341,1078
1317,1078
1280,1078
1259,1078
1228,1078
1204,1078
1129,1078
1122,1078
1114,1078
1077,1078
1059,1078
1029,1078
981,1078
776,1078
731,1078
607,1078
594,1078
546,1078
500,1078
477,1078
456,1078
454,1078
417,1078
375,1078
357,1078
356,1078
309,1078
273,1078
267,1078
256,1078
233,1078
150,1078
119,1078
40,1078
35,1078
1284,1079
1267,1079
1265,1079
1251,1079
1236,1079
1159,1079
1105,1079
1098,1079
1067,1079
1053,1079
1013,1079
1010,1079
938,1079
932,1079
925,1079
909,1079
846,1079
839,1079
838,1079
821,1079
817,1079
806,1079
707,1079
696,1079
690,1079
675,1079
658,1079
644,1079
479,1079
352,1079
268,1079
128,1079
54,1079
19,1079
13,1079
1302,1080
1255,1080
1241,1080
1229,1080
1154,1080
1152,1080
982,1080
948,1080
943,1080
724,1080
682,1080
674,1080
637,1080
632,1080
546,1080
539,1080
501,1080
491,1080
480,1080
476,1080
428,1080
272,1080
251,1080
235,1080
233,1080
166,1080
135,1080
122,1080
76,1080
44,1080
42,1080
36,1080
29,1080
28,1080
12,1080
1334,1081
1087,1081
1072,1081
1048,1081
947,1081
941,1081
904,1081
869,1081
808,1081
794,1081
737,1081
715,1081
643,1081
617,1081
565,1081
545,1081
539,1081
519,1081
496,1081
494,1081
483,1081
464,1081
430,1081
293,1081
270,1081
263,1081
260,1081
223,1081
215,1081
193,1081
173,1081
149,1081
110,1081
67,1081
12,1081
1340,1082
1325,1082
1296,1082
1263,1082
1177,1082
975,1082
839,1082
816,1082
809,1082
746,1082
638,1082
598,1082
568,1082
565,1082
527,1082
518,1082
498,1082
491,1082
487,1082
440,1082
429,1082
421,1082
391,1082
360,1082
258,1082
248,1082
244,1082
186,1082
171,1082
146,1082
145,1082
130,1082
93,1082
87,1082
63,1082
1306,1083
1149,1083
1145,1083
1110,1083
1092,1083
1076,1083
1042,1083
1039,1083
1003,1083
986,1083
900,1083
899,1083
887,1083
879,1083
873,1083
802,1083
791,1083
787,1083
786,1083
781,1083
775,1083
725,1083
712,1083
664,1083
660,1083
652,1083
453,1083
447,1083
442,1083
436,1083
426,1083
423,1083
399,1083
233,1083
101,1083
1248,1084
1242,1084
1202,1084
1194,1084
1174,1084
1065,1084
1006,1084
975,1084
943,1084
939,1084
922,1084
904,1084
853,1084
848,1084
755,1084
691,1084
684,1084
600,1084
583,1084
546,1084
532,1084
481,1084
454,1084
431,1084
417,1084
356,1084
306,1084
267,1084
233,1084
198,1084
185,1084
104,1084
61,1084
33,1084
24,1084
1327,1085
1310,1085
1255,1085
1237,1085
1235,1085
1189,1085
1163,1085
1150,1085
1087,1085
865,1085
721,1085
621,1085
604,1085
602,1085
580,1085
574,1085
571,1085
555,1085
542,1085
530,1085
517,1085
476,1085
455,1085
422,1085
330,1085
271,1085
251,1085
221,1085
215,1085
210,1085
198,1085
173,1085
122,1085
114,1085
61,1085
1320,1086
1315,1086
1314,1086
1172,1086
1162,1086
1130,1086
1129,1086
1122,1086
1101,1086
1077,1086
1065,1086
1059,1086
1048,1086
939,1086
873,1086
793,1086
737,1086
666,1086
662,1086
600,1086
576,1086
546,1086
541,1086
513,1086
447,1086
430,1086
421,1086
374,1086
356,1086
320,1086
267,1086
235,1086
233,1086
111,1086
93,1086
1324,1087
1246,1087
1244,1087
1234,1087
1161,1087
1153,1087
1145,1087
1132,1087
1130,1087
1128,1087
1123,1087
1122,1087
1092,1087
1055,1087
1048,1087
1009,1087
972,1087
881,1087
864,1087
824,1087
818,1087
793,1087
787,1087
781,1087
771,1087
725,1087
701,1087
688,1087
671,1087
664,1087
616,1087
461,1087
301,1087
106,1087
37,1087
1333,1088
1310,1088
1302,1088
1163,1088
966,1088
963,1088
867,1088
861,1088
841,1088
839,1088
830,1088
744,1088
563,1088
539,1088
527,1088
518,1088
468,1088
440,1088
429,1088
391,1088
260,1088
251,1088
246,1088
237,1088
191,1088
165,1088
159,1088
154,1088
145,1088
138,1088
137,1088
110,1088
106,1088
67,1088
16,1088
1214,1089
1166,1089
1151,1089
1101,1089
1001,1089
984,1089
973,1089
957,1089
950,1089
873,1089
774,1089
769,1089
737,1089
673,1089
600,1089
599,1089
594,1089
577,1089
541,1089
532,1089
515,1089
503,1089
473,1089
430,1089
417,1089
409,1089
375,1089
357,1089
355,1089
271,1089
253,1089
233,1089
146,1089
81,1089
61,1089
1173,1090
1107,1090
1072,1090
1071,1090
1014,1090
963,1090
867,1090
855,1090
836,1090
833,1090
821,1090
769,1090
720,1090
715,1090
714,1090
663,1090
617,1090
599,1090
588,1090
527,1090
489,1090
462,1090
457,1090
429,1090
411,1090
255,1090
251,1090
237,1090
212,1090
201,1090
154,1090
145,1090
76,1090
42,1090
27,1090
1259,1091
1252,1091
1239,1091
1229,1091
1202,1091
1199,1091
1179,1091
1172,1091
1150,1091
1138,1091
1129,1091
1122,1091
1101,1091
1006,1091
1001,1091
956,1091
943,1091
878,1091
873,1091
847,1091
755,1091
691,1091
666,1091
600,1091
577,1091
532,1091
481,1091
476,1091
431,1091
409,1091
356,1091
355,1091
267,1091
266,1091
34,1091
1280,1092
1259,1092
1254,1092
1172,1092
1160,1092
1129,1092
1101,1092
1065,1092
1059,1092
1057,1092
1029,1092
939,1092
873,1092
851,1092
763,1092
731,1092
666,1092
662,1092
600,1092
592,1092
560,1092
481,1092
456,1092
447,1092
417,1092
374,1092
356,1092
301,1092
256,1092
233,1092
182,1092
168,1092
40,1092
35,1092
23,1092
1333,1093
1326,1093
1295,1093
1270,1093
1267,1093
1241,1093
1207,1093
1189,1093
1121,1093
1115,1093
1029,1093
967,1093
928,1093
866,1093
860,1093
698,1093
580,1093
481,1093
456,1093
448,1093
394,1093
320,1093
313,1093
255,1093
231,1093
225,1093
212,1093
157,1093
123,1093
114,1093
107,1093
69,1093
46,1093
3,1093
0,1093
1321,1094
1284,1094
1267,1094
1265,1094
1251,1094
1178,1094
1159,1094
1098,1094
1088,1094
1073,1094
1067,1094
1049,1094
1047,1094
1033,1094
1022,1094
1013,1094
995,1094
992,1094
963,1094
938,1094
937,1094
909,1094
846,1094
838,1094
821,1094
788,1094
726,1094
717,1094
696,1094
690,1094
675,1094
658,1094
644,1094
301,1094
268,1094
13,1094
1306,1095
1293,1095
1247,1095
1174,1095
1108,1095
1099,1095
1064,1095
1038,1095
1035,1095
934,1095
915,1095
899,1095
887,1095
879,1095
864,1095
848,1095
803,1095
802,1095
798,1095
791,1095
787,1095
784,1095
781,1095
780,1095
775,1095
771,1095
712,1095
691,1095
664,1095
575,1095
453,1095
423,1095
182,1095
64,1095
58,1095
1330,1096
1301,1096
1271,1096
1254,1096
1199,1096
1074,1096
834,1096
806,1096
800,1096
793,1096
781,1096
762,1096
750,1096
692,1096
667,1096
610,1096
557,1096
438,1096
321,1096
308,1096
293,1096
257,1096
238,1096
201,1096
190,1096
167,1096
155,1096
153,1096
147,1096
99,1096
90,1096
64,1096
63,1096
34,1096
25,1096
1283,1097
1206,1097
1188,1097
1136,1097
880,1097
816,1097
774,1097
766,1097
746,1097
670,1097
598,1097
541,1097
518,1097
515,1097
503,1097
498,1097
493,1097
489,1097
473,1097
467,1097
441,1097
348,1097
248,1097
228,1097
225,1097
218,1097
186,1097
146,1097
131,1097
130,1097
121,1097
113,1097
93,1097
87,1097
68,1097
1329,1098
1275,1098
1193,1098
1180,1098
1099,1098
987,1098
882,1098
856,1098
814,1098
746,1098
724,1098
716,1098
692,1098
670,1098
628,1098
593,1098
580,1098
574,1098
550,1098
534,1098
512,1098
507,1098
464,1098
446,1098
442,1098
384,1098
340,1098
321,1098
282,1098
276,1098
273,1098
181,1098
129,1098
111,1098
82,1098
193,1099
289,1099
133,1099
201,1099
867,1099
328,1099
280,1099
472,1099
277,1099
856,1099
464,1099
1163,1099
262,1099
257,1099
251,1099
638,1099
1316,1099
1216,1099
147,1099
143,1099
238,1099
431,1099
135,1099
231,1099
36,1099
246,1099
1003,1099
1288,1099
1185,1099
315,1099
1088,1099
990,1099
16,1099
298,1099
1218,1100
1138,1100
1132,1100
1108,1100
1076,1100
1071,1100
1060,1100
1039,1100
1034,1100
1031,1100
1026,1100
1009,1100
981,1100
975,1100
915,1100
894,1100
814,1100
813,1100
771,1100
728,1100
725,1100
687,1100
649,1100
634,1100
455,1100
411,1100
399,1100
382,1100
379,1100
369,1100
344,1100
317,1100
289,1100
64,1100
58,1100
1272,1101
1268,1101
1250,1101
1237,1101
1235,1101
1232,1101
1204,1101
1189,1101
1173,1101
1126,1101
1075,1101
948,1101
920,1101
869,1101
865,1101
768,1101
738,1101
731,1101
721,1101
604,1101
580,1101
574,1101
542,1101
534,1101
524,1101
517,1101
493,1101
464,1101
416,1101
290,1101
273,1101
243,1101
181,1101
114,1101
3,1101
1334,1102
1306,1102
1247,1102
1246,1102
1108,1102
1042,1102
973,1102
906,1102
900,1102
876,1102
864,1102
802,1102
791,1102
787,1102
781,1102
769,1102
712,1102
672,1102
664,1102
636,1102
603,1102
593,1102
550,1102
546,1102
534,1102
526,1102
512,1102
423,1102
364,1102
233,1102
101,1102
100,1102
83,1102
58,1102
51,1102
1280,1103
1138,1103
1135,1103
1134,1103
1127,1103
1123,1103
1081,1103
1065,1103
1029,1103
1012,1103
943,1103
926,1103
843,1103
776,1103
704,1103
682,1103
628,1103
607,1103
532,1103
526,1103
476,1103
428,1103
421,1103
377,1103
309,1103
297,1103
290,1103
286,1103
195,1103
158,1103
119,1103
118,1103
75,1103
29,1103
6,1103
1341,1104
1280,1104
1263,1104
1253,1104
1249,1104
1248,1104
1194,1104
1186,1104
1181,1104
1176,1104
1133,1104
1106,1104
1069,1104
1065,1104
1029,1104
960,1104
942,1104
843,1104
825,1104
801,1104
766,1104
646,1104
637,1104
635,1104
546,1104
513,1104
500,1104
476,1104
310,1104
239,1104
93,1104
65,1104
53,1104
41,1104
32,1104
1283,1105
1114,1105
880,1105
858,1105
807,1105
774,1105
766,1105
746,1105
670,1105
638,1105
598,1105
568,1105
544,1105
503,1105
502,1105
494,1105
464,1105
441,1105
333,1105
271,1105
269,1105
250,1105
248,1105
235,1105
227,1105
225,1105
218,1105
160,1105
150,1105
146,1105
145,1105
93,1105
34,1105
15,1105
12,1105
1343,1106
1317,1106
1279,1106
1243,1106
1123,1106
1108,1106
1050,1106
1020,1106
931,1106
924,1106
913,1106
879,1106
844,1106
775,1106
773,1106
760,1106
757,1106
756,1106
735,1106
710,1106
679,1106
666,1106
626,1106
620,1106
477,1106
427,1106
421,1106
365,1106
338,1106
337,1106
188,1106
161,1106
98,1106
58,1106
57,1106
1274,1107
1250,1107
1137,1107
1101,1107
1065,1107
1059,1107
1029,1107
981,1107
936,1107
886,1107
763,1107
731,1107
715,1107
622,1107
600,1107
592,1107
588,1107
508,1107
503,1107
447,1107
402,1107
394,1107
377,1107
356,1107
342,1107
286,1107
269,1107
232,1107
93,1107
65,1107
59,1107
43,1107
40,1107
35,1107
14,1107
1275,1108
1262,1108
1206,1108
1132,1108
1065,1108
972,1108
896,1108
880,1108
816,1108
766,1108
746,1108
670,1108
655,1108
638,1108
609,1108
599,1108
564,1108
544,1108
539,1108
527,1108
520,1108
518,1108
511,1108
509,1108
506,1108
498,1108
493,1108
489,1108
429,1108
377,1108
269,1108
248,1108
237,1108
218,1108
145,1108
1243,1109
1161,1109
1097,1109
1092,1109
1022,1109
986,1109
973,1109
900,1109
867,1109
836,1109
792,1109
687,1109
545,1109
539,1109
527,1109
429,1109
370,1109
271,1109
237,1109
215,1109
210,1109
204,1109
191,1109
189,1109
173,1109
170,1109
154,1109
149,1109
145,1109
143,1109
138,1109
135,1109
76,1109
17,1109
2,1109
1334,1110
1270,1110
1268,1110
1237,1110
1235,1110
1233,1110
1212,1110
1065,1110
948,1110
876,1110
861,1110
846,1110
766,1110
721,1110
604,1110
580,1110
571,1110
542,1110
534,1110
524,1110
517,1110
476,1110
320,1110
301,1110
299,1110
273,1110
271,1110
207,1110
184,1110
169,1110
156,1110
41,1110
34,1110
7,1110
3,1110
1274,1111
1255,1111
1146,1111
1128,1111
1094,1111
1012,1111
1010,1111
993,1111
979,1111
942,1111
900,1111
861,1111
858,1111
855,1111
851,1111
843,1111
794,1111
611,1111
592,1111
513,1111
462,1111
439,1111
380,1111
333,1111
270,1111
250,1111
208,1111
189,1111
168,1111
158,1111
157,1111
150,1111
90,1111
15,1111
12,1111
6,1111
1334,1112
1248,1112
1235,1112
1232,1112
1224,1112
1221,1112
1214,1112
1204,1112
1136,1112
1080,1112
869,1112
774,1112
737,1112
697,1112
604,1112
602,1112
583,1112
580,1112
574,1112
571,1112
555,1112
539,1112
517,1112
476,1112
439,1112
428,1112
394,1112
385,1112
320,1112
256,1112
243,1112
215,1112
173,1112
145,1112
34,1112
1250,1113
1187,1113
766,1113
670,1113
638,1113
578,1113
568,1113
564,1113
544,1113
527,1113
520,1113
511,1113
506,1113
499,1113
493,1113
475,1113
441,1113
429,1113
416,1113
377,1113
348,1113
251,1113
248,1113
247,1113
225,1113
218,1113
210,1113
205,1113
200,1113
146,1113
137,1113
135,1113
132,1113
90,1113
12,1113
1334,1114
1299,1114
1255,1114
1254,1114
1237,1114
1235,1114
1232,1114
1204,1114
1198,1114
1101,1114
873,1114
774,1114
766,1114
721,1114
674,1114
607,1114
602,1114
600,1114
583,1114
580,1114
571,1114
555,1114
541,1114
517,1114
385,1114
369,1114
320,1114
293,1114
283,1114
271,1114
243,1114
215,1114
173,1114
102,1114
34,1114
1334,1115
1306,1115
1270,1115
1246,1115
1237,1115
1235,1115
1233,1115
1204,1115
1126,1115
948,1115
900,1115
876,1115
866,1115
810,1115
781,1115
742,1115
721,1115
643,1115
604,1115
580,1115
574,1115
571,1115
542,1115
534,1115
517,1115
484,1115
391,1115
271,1115
251,1115
243,1115
143,1115
118,1115
53,1115
34,1115
3,1115
1315,1116
1291,1116
1259,1116
1257,1116
1223,1116
1212,1116
1196,1116
1171,1116
992,1116
979,1116
965,1116
963,1116
952,1116
932,1116
918,1116
871,1116
848,1116
843,1116
839,1116
826,1116
821,1116
817,1116
800,1116
762,1116
755,1116
715,1116
546,1116
513,1116
352,1116
289,1116
235,1116
63,1116
53,1116
33,1116
27,1116
1347,1117
1256,1117
1214,1117
1161,1117
1097,1117
1092,1117
973,1117
967,1117
946,1117
944,1117
867,1117
860,1117
766,1117
750,1117
719,1117
593,1117
588,1117
550,1117
512,1117
506,1117
474,1117
419,1117
375,1117
308,1117
271,1117
261,1117
251,1117
240,1117
237,1117
204,1117
194,1117
166,1117
141,1117
122,1117
6,1117
1274,1118
1268,1118
1260,1118
1255,1118
1254,1118
1249,1118
1181,1118
1176,1118
1160,1118
1128,1118
1101,1118
1012,1118
900,1118
858,1118
855,1118
843,1118
797,1118
698,1118
694,1118
628,1118
611,1118
599,1118
593,1118
592,1118
588,1118
550,1118
512,1118
293,1118
229,1118
189,1118
182,1118
175,1118
90,1118
51,1118
15,1118
1263,1120
1254,1120
1222,1120
1145,1120
1136,1120
1106,1120
1048,1120
952,1120
942,1120
867,1120
774,1120
715,1120
637,1120
599,1120
592,1120
588,1120
580,1120
527,1120
491,1120
429,1120
380,1120
375,1120
356,1120
312,1120
271,1120
269,1120
253,1120
233,1120
166,1120
93,1120
76,1120
74,1120
61,1120
12,1120
6,1120
1052,1121
1033,1121
1022,1121
957,1121
935,1121
617,1121
539,1121
527,1121
475,1121
474,1121
429,1121
422,1121
419,1121
261,1121
260,1121
249,1121
248,1121
247,1121
221,1121
217,1121
205,1121
197,1121
194,1121
193,1121
191,1121
165,1121
156,1121
154,1121
138,1121
137,1121
133,1121
110,1121
106,1121
87,1121
17,1121
1338,1122
1321,1122
1284,1122
1280,1122
1255,1122
1249,1122
1186,1122
1181,1122
1136,1122
1106,1122
1101,1122
1059,1122
1057,1122
1048,1122
1033,1122
1010,1122
843,1122
800,1122
797,1122
654,1122
608,1122
596,1122
588,1122
582,1122
513,1122
502,1122
456,1122
350,1122
301,1122
269,1122
250,1122
208,1122
157,1122
93,1122
88,1122
1344,1123
1332,1123
1329,1123
1318,1123
1312,1123
1120,1123
1074,1123
972,1123
962,1123
940,1123
916,1123
876,1123
869,1123
866,1123
695,1123
639,1123
552,1123
548,1123
539,1123
464,1123
435,1123
387,1123
310,1123
276,1123
274,1123
176,1123
132,1123
111,1123
105,1123
52,1123
44,1123
32,1123
14,1123
2,1123
0,1123
1242,1124
1136,1124
1133,1124
1132,1124
1065,1124
996,1124
858,1124
767,1124
736,1124
692,1124
670,1124
647,1124
638,1124
599,1124
543,1124
515,1124
505,1124
501,1124
438,1124
418,1124
384,1124
333,1124
272,1124
270,1124
250,1124
235,1124
187,1124
158,1124
143,1124
90,1124
76,1124
54,1124
15,1124
7,1124
6,1124
1242,1126
1222,1126
1188,1126
1140,1126
1047,1126
1033,1126
951,1126
839,1126
812,1126
767,1126
766,1126
736,1126
654,1126
647,1126
605,1126
543,1126
529,1126
527,1126
510,1126
505,1126
503,1126
429,1126
370,1126
333,1126
306,1126
270,1126
250,1126
235,1126
187,1126
143,1126
76,1126
68,1126
33,1126
12,1126
6,1126
1254,1127
1243,1127
1226,1127
1220,1127
1173,1127
1031,1127
993,1127
831,1127
808,1127
805,1127
763,1127
601,1127
600,1127
564,1127
559,1127
556,1127
553,1127
546,1127
538,1127
514,1127
513,1127
482,1127
455,1127
410,1127
380,1127
356,1127
314,1127
267,1127
233,1127
208,1127
170,1127
157,1127
107,1127
30,1127
29,1127
1297,1128
1295,1128
1293,1128
1246,1128
1211,1128
1174,1128
1081,1128
1064,1128
1060,1128
1056,1128
1030,1128
1026,1128
1020,1128
976,1128
931,1128
888,1128
879,1128
787,1128
775,1128
733,1128
705,1128
679,1128
674,1128
660,1128
649,1128
626,1128
423,1128
403,1128
399,1128
337,1128
336,1128
294,1128
280,1128
64,1128
58,1128
1353,1129
1284,1129
1280,1129
1255,1129
1254,1129
1216,1129
1160,1129
1150,1129
1106,1129
1101,1129
1012,1129
1010,1129
993,1129
894,1129
886,1129
873,1129
848,1129
833,1129
763,1129
681,1129
622,1129
600,1129
593,1129
550,1129
501,1129
478,1129
356,1129
306,1129
272,1129
267,1129
256,1129
250,1129
233,1129
168,1129
158,1129
1349,1130
1283,1130
966,1130
957,1130
928,1130
830,1130
802,1130
716,1130
675,1130
589,1130
563,1130
518,1130
498,1130
473,1130
441,1130
440,1130
421,1130
391,1130
377,1130
248,1130
246,1130
228,1130
218,1130
211,1130
205,1130
201,1130
186,1130
171,1130
155,1130
130,1130
128,1130
121,1130
113,1130
87,1130
68,1130
1324,1131
1268,1131
1255,1131
1250,1131
1214,1131
1173,1131
1131,1131
1048,1131
900,1131
876,1131
869,1131
840,1131
801,1131
744,1131
687,1131
643,1131
617,1131
539,1131
502,1131
493,1131
490,1131
483,1131
464,1131
422,1131
377,1131
354,1131
280,1131
221,1131
180,1131
166,1131
147,1131
122,1131
100,1131
39,1131
23,1131
1280,1132
1278,1132
1269,1132
1207,1132
1198,1132
1167,1132
1156,1132
1135,1132
1122,1132
1068,1132
1065,1132
1031,1132
950,1132
869,1132
801,1132
719,1132
691,1132
638,1132
607,1132
546,1132
539,1132
464,1132
431,1132
407,1132
395,1132
370,1132
270,1132
256,1132
252,1132
249,1132
198,1132
79,1132
76,1132
62,1132
61,1132
1280,1133
1254,1133
1250,1133
1194,1133
1179,1133
1172,1133
1160,1133
1145,1133
1129,1133
1101,1133
1096,1133
1075,1133
1067,1133
1059,1133
1057,1133
1029,1133
1006,1133
1004,1133
939,1133
873,1133
731,1133
600,1133
546,1133
521,1133
454,1133
356,1133
301,1133
286,1133
279,1133
232,1133
168,1133
150,1133
40,1133
35,1133
34,1133
1349,1134
1325,1134
1288,1134
1275,1134
1250,1134
1061,1134
862,1134
763,1134
750,1134
692,1134
655,1134
647,1134
638,1134
589,1134
557,1134
556,1134
553,1134
543,1134
501,1134
491,1134
484,1134
476,1134
464,1134
407,1134
272,1134
189,1134
184,1134
165,1134
160,1134
145,1134
143,1134
133,1134
74,1134
30,1134
14,1134
1180,1135
1168,1135
1136,1135
1065,1135
880,1135
861,1135
816,1135
800,1135
774,1135
767,1135
766,1135
746,1135
670,1135
647,1135
599,1135
588,1135
565,1135
532,1135
529,1135
527,1135
523,1135
518,1135
515,1135
505,1135
503,1135
493,1135
489,1135
429,1135
369,1135
218,1135
211,1135
145,1135
29,1135
12,1135
6,1135
1274,1136
1252,1136
1212,1136
1185,1136
1171,1136
1106,1136
1101,1136
1001,1136
965,1136
963,1136
956,1136
943,1136
878,1136
843,1136
820,1136
789,1136
755,1136
695,1136
600,1136
577,1136
535,1136
481,1136
409,1136
363,1136
355,1136
271,1136
266,1136
253,1136
233,1136
222,1136
76,1136
63,1136
39,1136
33,1136
27,1136
1255,1137
1216,1137
1181,1137
1146,1137
1132,1137
1006,1137
990,1137
979,1137
858,1137
855,1137
849,1137
843,1137
841,1137
822,1137
638,1137
611,1137
599,1137
462,1137
411,1137
332,1137
255,1137
229,1137
212,1137
208,1137
193,1137
175,1137
159,1137
118,1137
90,1137
70,1137
54,1137
42,1137
34,1137
23,1137
7,1137
1255,1138
1214,1138
1136,1138
1096,1138
1069,1138
861,1138
853,1138
816,1138
801,1138
719,1138
638,1138
628,1138
607,1138
580,1138
541,1138
539,1138
520,1138
518,1138
515,1138
508,1138
506,1138
494,1138
445,1138
377,1138
375,1138
271,1138
270,1138
269,1138
251,1138
215,1138
173,1138
168,1138
145,1138
118,1138
110,1138
1180,1139
1168,1139
1136,1139
1132,1139
1065,1139
1039,1139
880,1139
836,1139
774,1139
766,1139
746,1139
691,1139
599,1139
598,1139
565,1139
541,1139
539,1139
532,1139
519,1139
518,1139
515,1139
493,1139
489,1139
438,1139
418,1139
394,1139
369,1139
340,1139
271,1139
269,1139
253,1139
211,1139
145,1139
93,1139
29,1139
1302,1140
1207,1140
1197,1140
1183,1140
1013,1140
999,1140
990,1140
925,1140
904,1140
869,1140
753,1140
747,1140
719,1140
643,1140
642,1140
641,1140
539,1140
502,1140
480,1140
464,1140
449,1140
428,1140
426,1140
375,1140
372,1140
354,1140
346,1140
332,1140
246,1140
223,1140
215,1140
174,1140
173,1140
79,1140
33,1140
1316,1141
1280,1141
1260,1141
1214,1141
1173,1141
1061,1141
1015,1141
966,1141
895,1141
862,1141
859,1141
843,1141
830,1141
801,1141
774,1141
766,1141
737,1141
629,1141
607,1141
568,1141
515,1141
498,1141
476,1141
472,1141
435,1141
391,1141
271,1141
233,1141
215,1141
173,1141
160,1141
156,1141
145,1141
81,1141
75,1141
1321,1142
1281,1142
1257,1142
1239,1142
1231,1142
1223,1142
1222,1142
1212,1142
1171,1142
1161,1142
1153,1142
1124,1142
965,1142
963,1142
952,1142
947,1142
941,1142
910,1142
871,1142
848,1142
832,1142
826,1142
818,1142
794,1142
762,1142
715,1142
513,1142
490,1142
380,1142
370,1142
352,1142
289,1142
267,1142
207,1142
107,1142
1321,1143
1284,1143
1267,1143
1265,1143
1251,1143
1159,1143
1107,1143
1098,1143
1073,1143
1067,1143
1049,1143
1022,1143
1013,1143
1010,1143
995,1143
992,1143
963,1143
938,1143
937,1143
909,1143
846,1143
838,1143
821,1143
817,1143
788,1143
726,1143
717,1143
696,1143
675,1143
658,1143
644,1143
301,1143
268,1143
32,1143
13,1143
1353,1144
1322,1144
1280,1144
1255,1144
1254,1144
1247,1144
1246,1144
1212,1144
1160,1144
1114,1144
1059,1144
1029,1144
1010,1144
858,1144
851,1144
808,1144
797,1144
681,1144
668,1144
577,1144
546,1144
478,1144
402,1144
356,1144
289,1144
233,1144
227,1144
166,1144
160,1144
158,1144
93,1144
41,1144
40,1144
35,1144
15,1144
1299,1145
1180,1145
1136,1145
1101,1145
928,1145
873,1145
774,1145
746,1145
670,1145
638,1145
637,1145
609,1145
599,1145
578,1145
568,1145
564,1145
544,1145
541,1145
539,1145
527,1145
520,1145
515,1145
511,1145
509,1145
506,1145
493,1145
489,1145
464,1145
441,1145
429,1145
377,1145
146,1145
93,1145
54,1145
12,1145
1351,1146
1281,1146
1255,1146
1222,1146
1206,1146
1160,1146
1136,1146
926,1146
880,1146
816,1146
774,1146
766,1146
638,1146
607,1146
599,1146
598,1146
568,1146
518,1146
503,1146
498,1146
494,1146
489,1146
441,1146
435,1146
429,1146
421,1146
269,1146
218,1146
211,1146
171,1146
146,1146
145,1146
130,1146
93,1146
68,1146
1302,1147
1301,1147
1292,1147
1286,1147
1277,1147
1183,1147
1013,1147
999,1147
990,1147
925,1147
840,1147
753,1147
747,1147
643,1147
642,1147
641,1147
623,1147
610,1147
531,1147
502,1147
449,1147
437,1147
428,1147
426,1147
375,1147
372,1147
354,1147
346,1147
316,1147
312,1147
223,1147
174,1147
122,1147
79,1147
42,1147
1259,1148
1223,1148
1212,1148
1173,1148
1171,1148
1157,1148
1150,1148
1128,1148
1124,1148
1097,1148
965,1148
952,1148
943,1148
922,1148
871,1148
868,1148
854,1148
849,1148
848,1148
833,1148
826,1148
715,1148
687,1148
674,1148
646,1148
501,1148
476,1148
380,1148
272,1148
233,1148
227,1148
222,1148
215,1148
173,1148
145,1148
1284,1149
1261,1149
1212,1149
1150,1149
1122,1149
1065,1149
1010,1149
1001,1149
965,1149
956,1149
943,1149
926,1149
858,1149
851,1149
848,1149
820,1149
797,1149
794,1149
789,1149
776,1149
762,1149
577,1149
535,1149
439,1149
363,1149
289,1149
267,1149
233,1149
168,1149
158,1149
118,1149
107,1149
61,1149
27,1149
6,1149
1334,1150
1243,1150
1233,1150
1128,1150
1097,1150
1091,1150
1060,1150
952,1150
931,1150
906,1150
879,1150
876,1150
864,1150
822,1150
787,1150
777,1150
775,1150
728,1150
706,1150
664,1150
615,1150
457,1150
411,1150
399,1150
379,1150
344,1150
280,1150
229,1150
170,1150
133,1150
124,1150
64,1150
58,1150
39,1150
12,1150
1352,1151
1316,1151
1250,1151
1166,1151
1158,1151
1151,1151
1126,1151
1101,1151
1001,1151
873,1151
762,1151
628,1151
600,1151
580,1151
571,1151
568,1151
557,1151
539,1151
521,1151
430,1151
416,1151
386,1151
355,1151
288,1151
282,1151
270,1151
253,1151
184,1151
146,1151
93,1151
81,1151
78,1151
40,1151
35,1151
23,1151
1342,1152
1337,1152
1315,1152
1246,1152
1227,1152
1216,1152
1214,1152
1155,1152
1153,1152
1132,1152
1124,1152
1118,1152
1023,1152
959,1152
922,1152
903,1152
868,1152
844,1152
818,1152
797,1152
750,1152
687,1152
579,1152
445,1152
427,1152
408,1152
392,1152
317,1152
275,1152
269,1152
124,1152
120,1152
58,1152
57,1152
56,1152
1324,1153
1323,1153
1318,1153
1276,1153
1182,1153
1174,1153
1123,1153
1081,1153
1060,1153
1039,1153
1009,1153
959,1153
919,1153
903,1153
892,1153
774,1153
760,1153
758,1153
741,1153
725,1153
706,1153
693,1153
683,1153
678,1153
634,1153
579,1153
540,1153
525,1153
427,1153
413,1153
369,1153
366,1153
259,1153
253,1153
89,1153
1314,1154
1280,1154
1250,1154
1247,1154
1129,1154
1101,1154
1074,1154
1065,1154
1029,1154
918,1154
900,1154
873,1154
762,1154
752,1154
731,1154
712,1154
668,1154
629,1154
628,1154
600,1154
593,1154
560,1154
550,1154
546,1154
512,1154
500,1154
478,1154
447,1154
436,1154
328,1154
298,1154
168,1154
93,1154
40,1154
35,1154
1347,1155
1276,1155
1239,1155
1191,1155
1181,1155
1146,1155
1141,1155
1110,1155
1081,1155
1058,1155
1038,1155
1018,1155
986,1155
955,1155
927,1155
919,1155
896,1155
885,1155
828,1155
820,1155
782,1155
757,1155
735,1155
725,1155
683,1155
672,1155
664,1155
638,1155
418,1155
399,1155
336,1155
294,1155
280,1155
133,1155
108,1155
1321,1156
1254,1156
1239,1156
1226,1156
1194,1156
1158,1156
1146,1156
1101,1156
949,1156
920,1156
873,1156
845,1156
822,1156
816,1156
805,1156
767,1156
730,1156
689,1156
600,1156
567,1156
566,1156
556,1156
529,1156
513,1156
503,1156
490,1156
421,1156
380,1156
270,1156
269,1156
171,1156
157,1156
76,1156
30,1156
6,1156
1315,1157
1280,1157
1274,1157
1254,1157
1172,1157
1160,1157
1137,1157
1114,1157
1101,1157
1077,1157
1065,1157
1059,1157
1029,1157
1012,1157
992,1157
983,1157
939,1157
873,1157
853,1157
731,1157
628,1157
600,1157
546,1157
481,1157
456,1157
454,1157
402,1157
356,1157
301,1157
269,1157
233,1157
232,1157
150,1157
40,1157
35,1157
1214,1158
1168,1158
1136,1158
1101,1158
1087,1158
1048,1158
920,1158
901,1158
816,1158
774,1158
766,1158
746,1158
638,1158
607,1158
599,1158
598,1158
580,1158
544,1158
541,1158
539,1158
527,1158
515,1158
503,1158
494,1158
431,1158
429,1158
421,1158
369,1158
271,1158
269,1158
225,1158
185,1158
171,1158
145,1158
93,1158
1280,1159
1274,1159
1255,1159
1249,1159
1181,1159
1160,1159
1114,1159
1101,1159
1006,1159
981,1159
873,1159
861,1159
858,1159
849,1159
797,1159
730,1159
632,1159
611,1159
592,1159
588,1159
580,1159
521,1159
519,1159
356,1159
333,1159
271,1159
250,1159
158,1159
118,1159
93,1159
90,1159
40,1159
35,1159
15,1159
6,1159
1302,1160
1301,1160
1286,1160
1233,1160
1183,1160
999,1160
990,1160
966,1160
964,1160
961,1160
944,1160
925,1160
840,1160
830,1160
753,1160
719,1160
680,1160
642,1160
623,1160
610,1160
531,1160
457,1160
449,1160
428,1160
426,1160
375,1160
372,1160
346,1160
332,1160
312,1160
260,1160
229,1160
223,1160
92,1160
79,1160
1302,1161
1292,1161
1286,1161
1266,1161
1197,1161
1154,1161
1152,1161
1144,1161
990,1161
935,1161
925,1161
923,1161
904,1161
841,1161
840,1161
797,1161
753,1161
748,1161
747,1161
531,1161
515,1161
494,1161
457,1161
428,1161
426,1161
395,1161
346,1161
252,1161
229,1161
159,1161
133,1161
79,1161
74,1161
24,1161
12,1161
1321,1162
1274,1162
1250,1162
1246,1162
1222,1162
1172,1162
1171,1162
1150,1162
1029,1162
1028,1162
981,1162
975,1162
906,1162
797,1162
763,1162
681,1162
592,1162
513,1162
503,1162
501,1162
380,1162
272,1162
271,1162
269,1162
250,1162
233,1162
198,1162
158,1162
157,1162
93,1162
76,1162
35,1162
29,1162
23,1162
6,1162
1327,1163
1320,1163
1195,1163
1141,1163
1108,1163
1058,1163
1055,1163
1042,1163
1032,1163
1009,1163
972,1163
969,1163
892,1163
823,1163
761,1163
693,1163
679,1163
671,1163
621,1163
620,1163
616,1163
606,1163
529,1163
398,1163
371,1163
339,1163
336,1163
294,1163
245,1163
195,1163
117,1163
108,1163
89,1163
84,1163
83,1163
1302,1164
1284,1164
1280,1164
1255,1164
1114,1164
1110,1164
1087,1164
1065,1164
986,1164
979,1164
904,1164
858,1164
851,1164
843,1164
747,1164
719,1164
698,1164
638,1164
611,1164
599,1164
592,1164
588,1164
580,1164
539,1164
447,1164
377,1164
235,1164
229,1164
198,1164
74,1164
54,1164
41,1164
24,1164
23,1164
12,1164
1306,1165
1305,1165
1290,1165
1246,1165
1234,1165
1211,1165
1174,1165
1164,1165
1160,1165
1128,1165
1122,1165
1111,1165
1056,1165
1042,1165
927,1165
903,1165
900,1165
883,1165
844,1165
778,1165
682,1165
411,1165
340,1165
292,1165
222,1165
196,1165
168,1165
161,1165
89,1165
77,1165
66,1165
64,1165
58,1165
56,1165
42,1165
1302,1166
1286,1166
1277,1166
1183,1166
1013,1166
999,1166
990,1166
925,1166
904,1166
753,1166
747,1166
643,1166
642,1166
641,1166
623,1166
539,1166
531,1166
502,1166
480,1166
449,1166
428,1166
426,1166
375,1166
372,1166
354,1166
346,1166
332,1166
312,1166
246,1166
223,1166
174,1166
138,1166
81,1166
79,1166
17,1166
1283,1167
1271,1167
1232,1167
1206,1167
880,1167
816,1167
774,1167
766,1167
746,1167
598,1167
544,1167
498,1167
493,1167
489,1167
473,1167
471,1167
467,1167
441,1167
369,1167
348,1167
248,1167
228,1167
225,1167
218,1167
211,1167
186,1167
167,1167
155,1167
146,1167
131,1167
130,1167
121,1167
113,1167
87,1167
68,1167
1299,1168
1250,1168
1237,1168
1235,1168
1224,1168
1221,1168
1204,1168
1168,1168
1156,1168
1029,1168
984,1168
862,1168
836,1168
774,1168
721,1168
645,1168
609,1168
607,1168
571,1168
541,1168
539,1168
517,1168
515,1168
472,1168
464,1168
430,1168
321,1168
271,1168
253,1168
251,1168
243,1168
232,1168
156,1168
145,1168
54,1168
1280,1169
1274,1169
1255,1169
1254,1169
1250,1169
1137,1169
1114,1169
1101,1169
1064,1169
1059,1169
886,1169
861,1169
858,1169
848,1169
763,1169
622,1169
612,1169
567,1169
546,1169
494,1169
456,1169
416,1169
414,1169
402,1169
356,1169
286,1169
271,1169
269,1169
168,1169
160,1169
158,1169
40,1169
35,1169
23,1169
15,1169
1330,1170
1321,1170
1271,1170
1256,1170
1215,1170
1167,1170
1077,1170
1000,1170
967,1170
946,1170
834,1170
817,1170
806,1170
750,1170
692,1170
644,1170
562,1170
557,1170
528,1170
493,1170
466,1170
438,1170
435,1170
301,1170
293,1170
285,1170
263,1170
203,1170
167,1170
153,1170
121,1170
113,1170
99,1170
88,1170
25,1170
1255,1171
1254,1171
1229,1171
1216,1171
1157,1171
1150,1171
1128,1171
1122,1171
1118,1171
1092,1171
1019,1171
983,1171
965,1171
952,1171
881,1171
868,1171
855,1171
848,1171
833,1171
820,1171
794,1171
789,1171
763,1171
715,1171
637,1171
501,1171
439,1171
272,1171
233,1171
227,1171
222,1171
118,1171
42,1171
27,1171
12,1171
1287,1172
1249,1172
1232,1172
1195,1172
1141,1172
1138,1172
1134,1172
1123,1172
1117,1172
1042,1172
966,1172
927,1172
901,1172
892,1172
890,1172
830,1172
828,1172
814,1172
772,1172
722,1172
682,1172
679,1172
616,1172
515,1172
327,1172
300,1172
245,1172
129,1172
126,1172
84,1172
83,1172
58,1172
57,1172
56,1172
48,1172
1240,1173
1167,1173
1127,1173
1107,1173
1098,1173
1062,1173
923,1173
825,1173
746,1173
692,1173
670,1173
638,1173
564,1173
557,1173
544,1173
543,1173
539,1173
493,1173
489,1173
483,1173
480,1173
479,1173
464,1173
460,1173
441,1173
428,1173
348,1173
321,1173
252,1173
248,1173
132,1173
93,1173
90,1173
54,1173
5,1173
1322,1174
1280,1174
1257,1174
1250,1174
1223,1174
1220,1174
1212,1174
1179,1174
1146,1174
1101,1174
1075,1174
1059,1174
1023,1174
993,1174
926,1174
873,1174
848,1174
797,1174
776,1174
731,1174
689,1174
627,1174
600,1174
546,1174
526,1174
500,1174
490,1174
476,1174
454,1174
408,1174
306,1174
267,1174
256,1174
233,1174
35,1174
1321,1175
1275,1175
1250,1175
1233,1175
1159,1175
1136,1175
1061,1175
948,1175
876,1175
866,1175
825,1175
821,1175
692,1175
617,1175
599,1175
564,1175
545,1175
544,1175
502,1175
480,1175
479,1175
464,1175
462,1175
400,1175
321,1175
288,1175
211,1175
186,1175
160,1175
145,1175
132,1175
90,1175
54,1175
11,1175
3,1175
1335,1176
1324,1176
1323,1176
1312,1176
1275,1176
1239,1176
1232,1176
1229,1176
1227,1176
1120,1176
1078,1176
1055,1176
1031,1176
1009,1176
947,1176
934,1176
857,1176
756,1176
730,1176
723,1176
722,1176
721,1176
697,1176
682,1176
560,1176
455,1176
411,1176
215,1176
189,1176
173,1176
129,1176
57,1176
48,1176
33,1176
12,1176
1302,1177
1286,1177
1277,1177
1232,1177
1207,1177
1183,1177
1142,1177
1090,1177
990,1177
944,1177
925,1177
774,1177
753,1177
747,1177
719,1177
642,1177
623,1177
541,1177
515,1177
465,1177
457,1177
449,1177
426,1177
375,1177
351,1177
346,1177
332,1177
330,1177
299,1177
229,1177
223,1177
81,1177
79,1177
61,1177
56,1177
1348,1178
1341,1178
1315,1178
1243,1178
1145,1178
1061,1178
1042,1178
915,1178
892,1178
887,1178
879,1178
775,1178
758,1178
756,1178
728,1178
722,1178
672,1178
671,1178
664,1178
643,1178
485,1178
462,1178
453,1178
428,1178
423,1178
413,1178
411,1178
344,1178
222,1178
195,1178
175,1178
124,1178
101,1178
58,1178
53,1178
1300,1179
1258,1179
1254,1179
1195,1179
1129,1179
1111,1179
1095,1179
1077,1179
974,1179
947,1179
941,1179
907,1179
883,1179
878,1179
864,1179
826,1179
802,1179
798,1179
784,1179
781,1179
780,1179
751,1179
728,1179
653,1179
643,1179
575,1179
444,1179
394,1179
343,1179
318,1179
293,1179
286,1179
220,1179
217,1179
14,1179
1333,1180
1267,1180
1265,1180
1159,1180
1149,1180
1140,1180
1099,1180
1076,1180
1071,1180
1067,1180
1059,1180
1057,1180
1035,1180
909,1180
899,1180
887,1180
802,1180
787,1180
781,1180
775,1180
690,1180
680,1180
675,1180
664,1180
660,1180
658,1180
652,1180
595,1180
453,1180
423,1180
367,1180
293,1180
104,1180
101,1180
19,1180
1333,1181
1297,1181
1280,1181
1279,1181
1247,1181
1220,1181
1174,1181
1164,1181
1141,1181
1125,1181
1123,1181
1089,1181
1081,1181
1078,1181
1060,1181
1019,1181
924,1181
822,1181
803,1181
761,1181
760,1181
756,1181
735,1181
700,1181
653,1181
636,1181
526,1181
525,1181
462,1181
454,1181
379,1181
318,1181
195,1181
177,1181
28,1181
1334,1182
1266,1182
1221,1182
1204,1182
1196,1182
1163,1182
1116,1182
1085,1182
1011,1182
998,1182
841,1182
836,1182
742,1182
703,1182
676,1182
655,1182
645,1182
610,1182
580,1182
496,1182
457,1182
376,1182
251,1182
243,1182
231,1182
211,1182
201,1182
165,1182
159,1182
145,1182
110,1182
56,1182
34,1182
23,1182
12,1182
1206,1183
1136,1183
887,1183
880,1183
816,1183
800,1183
774,1183
766,1183
638,1183
607,1183
518,1183
503,1183
498,1183
489,1183
467,1183
440,1183
435,1183
421,1183
407,1183
377,1183
328,1183
298,1183
271,1183
269,1183
248,1183
246,1183
218,1183
211,1183
186,1183
171,1183
157,1183
146,1183
130,1183
87,1183
68,1183
1327,1184
1320,1184
1233,1184
1214,1184
1204,1184
1203,1184
1198,1184
1176,1184
1162,1184
1101,1184
1086,1184
1072,1184
1050,1184
873,1184
847,1184
807,1184
794,1184
742,1184
721,1184
687,1184
621,1184
491,1184
406,1184
369,1184
366,1184
314,1184
282,1184
279,1184
243,1184
166,1184
145,1184
102,1184
54,1184
49,1184
45,1184
1194,1185
1152,1185
1068,1185
1048,1185
862,1185
861,1185
841,1185
805,1185
715,1185
655,1185
638,1185
617,1185
605,1185
563,1185
507,1185
501,1185
472,1185
447,1185
421,1185
378,1185
272,1185
247,1185
240,1185
237,1185
221,1185
215,1185
184,1185
173,1185
159,1185
156,1185
137,1185
135,1185
110,1185
23,1185
12,1185
1302,1186
1301,1186
1292,1186
1286,1186
1197,1186
1183,1186
1013,1186
999,1186
990,1186
925,1186
753,1186
747,1186
680,1186
643,1186
642,1186
641,1186
623,1186
531,1186
502,1186
449,1186
426,1186
386,1186
378,1186
375,1186
372,1186
354,1186
346,1186
316,1186
312,1186
223,1186
174,1186
122,1186
79,1186
74,1186
56,1186
1341,1187
1334,1187
1204,1187
1152,1187
1150,1187
1132,1187
1079,1187
1065,1187
819,1187
776,1187
747,1187
725,1187
637,1187
624,1187
603,1187
598,1187
573,1187
561,1187
558,1187
546,1187
503,1187
491,1187
456,1187
366,1187
357,1187
343,1187
271,1187
225,1187
198,1187
150,1187
61,1187
54,1187
42,1187
41,1187
34,1187
1254,1188
1250,1188
1216,1188
1176,1188
1160,1188
1122,1188
1101,1188
1096,1188
1077,1188
1075,1188
1059,1188
1039,1188
1029,1188
981,1188
939,1188
873,1188
848,1188
844,1188
843,1188
763,1188
731,1188
637,1188
600,1188
526,1188
462,1188
456,1188
454,1188
402,1188
356,1188
301,1188
279,1188
267,1188
233,1188
41,1188
12,1188
1341,1189
1210,1189
1206,1189
1153,1189
1121,1189
1059,1189
1057,1189
1050,1189
1029,1189
977,1189
939,1189
816,1189
662,1189
654,1189
601,1189
557,1189
529,1189
513,1189
504,1189
463,1189
456,1189
441,1189
424,1189
380,1189
374,1189
325,1189
310,1189
279,1189
233,1189
157,1189
140,1189
136,1189
88,1189
65,1189
32,1189
1284,1190
1280,1190
1275,1190
1268,1190
1250,1190
1249,1190
1114,1190
1101,1190
1061,1190
1010,1190
993,1190
873,1190
855,1190
843,1190
836,1190
717,1190
617,1190
599,1190
580,1190
571,1190
534,1190
524,1190
517,1190
502,1190
481,1190
377,1190
356,1190
273,1190
271,1190
160,1190
145,1190
102,1190
90,1190
27,1190
23,1190
1280,1191
1235,1191
1221,1191
1169,1191
1085,1191
1061,1191
1045,1191
780,1191
742,1191
732,1191
721,1191
694,1191
645,1191
627,1191
580,1191
575,1191
574,1191
524,1191
430,1191
417,1191
342,1191
341,1191
340,1191
301,1191
273,1191
236,1191
232,1191
166,1191
160,1191
81,1191
76,1191
56,1191
45,1191
23,1191
21,1191
1329,1192
1214,1192
1128,1192
1111,1192
1044,1192
1005,1192
867,1192
851,1192
832,1192
728,1192
725,1192
702,1192
687,1192
588,1192
575,1192
564,1192
545,1192
455,1192
447,1192
444,1192
428,1192
426,1192
411,1192
392,1192
331,1192
280,1192
277,1192
260,1192
189,1192
93,1192
49,1192
44,1192
42,1192
24,1192
18,1192
1290,1193
1136,1193
1127,1193
1061,1193
1056,1193
1027,1193
993,1193
883,1193
833,1193
819,1193
746,1193
692,1193
677,1193
599,1193
564,1193
515,1193
502,1193
480,1193
464,1193
460,1193
459,1193
435,1193
400,1193
347,1193
321,1193
288,1193
287,1193
232,1193
183,1193
160,1193
145,1193
132,1193
90,1193
54,1193
5,1193
1301,1194
1280,1194
1250,1194
1249,1194
1214,1194
1136,1194
1126,1194
1122,1194
1120,1194
1085,1194
1027,1194
983,1194
981,1194
956,1194
943,1194
904,1194
808,1194
794,1194
702,1194
694,1194
628,1194
602,1194
574,1194
555,1194
542,1194
524,1194
517,1194
443,1194
324,1194
273,1194
251,1194
232,1194
166,1194
160,1194
34,1194
1335,1195
1333,1195
1310,1195
1308,1195
1302,1195
1205,1195
1035,1195
960,1195
955,1195
907,1195
869,1195
792,1195
539,1195
532,1195
494,1195
491,1195
464,1195
461,1195
415,1195
306,1195
261,1195
237,1195
217,1195
204,1195
201,1195
189,1195
154,1195
149,1195
147,1195
142,1195
138,1195
132,1195
93,1195
74,1195
17,1195
1286,1196
1237,1196
1207,1196
1204,1196
1147,1196
1126,1196
1120,1196
990,1196
983,1196
876,1196
835,1196
810,1196
753,1196
602,1196
598,1196
580,1196
574,1196
555,1196
539,1196
517,1196
455,1196
385,1196
332,1196
273,1196
243,1196
232,1196
198,1196
168,1196
164,1196
81,1196
79,1196
54,1196
45,1196
34,1196
3,1196
1280,1197
1275,1197
1232,1197
1180,1197
1173,1197
1166,1197
1151,1197
1101,1197
1075,1197
1070,1197
1000,1197
959,1197
920,1197
873,1197
859,1197
844,1197
778,1197
738,1197
697,1197
684,1197
674,1197
622,1197
598,1197
579,1197
541,1197
464,1197
430,1197
397,1197
286,1197
273,1197
266,1197
102,1197
91,1197
34,1197
23,1197
1305,1198
1193,1198
1123,1198
1071,1198
1058,1198
1055,1198
1042,1198
1000,1198
971,1198
903,1198
879,1198
814,1198
785,1198
758,1198
749,1198
728,1198
720,1198
679,1198
659,1198
649,1198
599,1198
403,1198
382,1198
379,1198
338,1198
336,1198
329,1198
303,1198
245,1198
188,1198
161,1198
129,1198
117,1198
64,1198
58,1198
1334,1199
1321,1199
1275,1199
1250,1199
1233,1199
1159,1199
1136,1199
1061,1199
948,1199
876,1199
866,1199
821,1199
790,1199
692,1199
617,1199
599,1199
564,1199
545,1199
544,1199
502,1199
489,1199
480,1199
479,1199
462,1199
400,1199
321,1199
288,1199
211,1199
186,1199
160,1199
145,1199
132,1199
90,1199
54,1199
3,1199
1163,1200
1152,1200
1068,1200
862,1200
861,1200
841,1200
837,1200
822,1200
753,1200
715,1200
655,1200
605,1200
580,1200
563,1200
554,1200
545,1200
501,1200
472,1200
411,1200
255,1200
253,1200
237,1200
215,1200
212,1200
211,1200
193,1200
184,1200
173,1200
170,1200
159,1200
156,1200
149,1200
137,1200
135,1200
12,1200
1336,1201
1299,1201
1298,1201
1255,1201
1211,1201
1172,1201
1153,1201
1111,1201
1074,1201
1051,1201
1045,1201
1034,1201
1030,1201
991,1201
958,1201
931,1201
825,1201
818,1201
817,1201
807,1201
766,1201
670,1201
526,1201
478,1201
414,1201
293,1201
285,1201
225,1201
168,1201
157,1201
117,1201
88,1201
65,1201
32,1201
25,1201
1343,1202
1317,1202
1211,1202
1042,1202
980,1202
931,1202
917,1202
915,1202
786,1202
778,1202
777,1202
773,1202
771,1202
674,1202
666,1202
649,1202
620,1202
606,1202
590,1202
477,1202
453,1202
399,1202
344,1202
337,1202
327,1202
294,1202
290,1202
280,1202
215,1202
188,1202
173,1202
98,1202
64,1202
58,1202
9,1202
1286,1203
1239,1203
1237,1203
1207,1203
1204,1203
1147,1203
1126,1203
1120,1203
990,1203
983,1203
876,1203
835,1203
810,1203
763,1203
753,1203
602,1203
598,1203
574,1203
555,1203
539,1203
517,1203
455,1203
385,1203
332,1203
273,1203
243,1203
232,1203
198,1203
164,1203
81,1203
79,1203
54,1203
45,1203
34,1203
3,1203
1283,1204
1126,1204
1120,1204
1061,1204
993,1204
883,1204
833,1204
790,1204
774,1204
647,1204
599,1204
598,1204
568,1204
544,1204
515,1204
503,1204
502,1204
497,1204
491,1204
473,1204
441,1204
435,1204
273,1204
271,1204
251,1204
248,1204
225,1204
218,1204
160,1204
146,1204
145,1204
135,1204
37,1204
23,1204
12,1204
1283,1206
1242,1206
1136,1206
1061,1206
1027,1206
928,1206
816,1206
767,1206
647,1206
599,1206
598,1206
580,1206
568,1206
544,1206
515,1206
505,1206
503,1206
502,1206
497,1206
491,1206
473,1206
467,1206
441,1206
435,1206
273,1206
251,1206
248,1206
228,1206
225,1206
218,1206
160,1206
146,1206
145,1206
23,1206
12,1206
1299,1207
1275,1207
1189,1207
1136,1207
1075,1207
1063,1207
1061,1207
1056,1207
1027,1207
1004,1207
993,1207
865,1207
791,1207
766,1207
732,1207
602,1207
599,1207
574,1207
555,1207
544,1207
542,1207
534,1207
517,1207
515,1207
506,1207
502,1207
394,1207
384,1207
344,1207
324,1207
273,1207
236,1207
232,1207
160,1207
145,1207
1286,1208
1237,1208
1207,1208
1204,1208
1147,1208
1126,1208
1120,1208
990,1208
983,1208
876,1208
835,1208
810,1208
753,1208
602,1208
598,1208
580,1208
574,1208
555,1208
539,1208
517,1208
455,1208
385,1208
332,1208
273,1208
243,1208
232,1208
198,1208
168,1208
164,1208
81,1208
79,1208
54,1208
45,1208
34,1208
3,1208
1294,1209
1266,1209
1250,1209
1237,1209
1233,1209
1194,1209
1136,1209
1126,1209
1027,1209
1019,1209
948,1209
866,1209
855,1209
792,1209
717,1209
692,1209
592,1209
564,1209
539,1209
443,1209
306,1209
273,1209
271,1209
251,1209
215,1209
211,1209
201,1209
198,1209
173,1209
156,1209
54,1209
34,1209
18,1209
12,1209
3,1209
1301,1210
1280,1210
1250,1210
1249,1210
1214,1210
1136,1210
1126,1210
1122,1210
1120,1210
1085,1210
1027,1210
983,1210
981,1210
956,1210
943,1210
904,1210
808,1210
794,1210
702,1210
694,1210
628,1210
602,1210
574,1210
555,1210
542,1210
524,1210
517,1210
443,1210
324,1210
273,1210
251,1210
232,1210
166,1210
160,1210
34,1210
1194,1211
1152,1211
1068,1211
1048,1211
862,1211
861,1211
841,1211
805,1211
715,1211
655,1211
638,1211
617,1211
605,1211
563,1211
507,1211
501,1211
472,1211
447,1211
421,1211
378,1211
272,1211
247,1211
240,1211
237,1211
221,1211
215,1211
184,1211
173,1211
159,1211
156,1211
137,1211
135,1211
110,1211
23,1211
12,1211
1301,1212
1294,1212
1266,1212
1233,1212
1169,1212
1164,1212
1126,1212
1078,1212
1061,1212
1045,1212
1035,1212
1027,1212
942,1212
928,1212
883,1212
866,1212
855,1212
790,1212
702,1212
502,1212
480,1212
459,1212
435,1212
255,1212
222,1212
212,1212
211,1212
208,1212
178,1212
160,1212
154,1212
145,1212
125,1212
29,1212
18,1212
1338,1213
1335,1213
1317,1213
1295,1213
1200,1213
1108,1213
1055,1213
1042,1213
971,1213
864,1213
856,1213
814,1213
728,1213
702,1213
620,1213
477,1213
442,1213
418,1213
413,1213
404,1213
392,1213
390,1213
365,1213
341,1213
324,1213
317,1213
303,1213
288,1213
124,1213
108,1213
66,1213
64,1213
57,1213
19,1213
9,1213
1347,1214
1256,1214
1215,1214
1214,1214
1161,1214
1097,1214
1092,1214
973,1214
967,1214
946,1214
944,1214
867,1214
860,1214
766,1214
750,1214
719,1214
593,1214
588,1214
550,1214
512,1214
506,1214
440,1214
419,1214
375,1214
308,1214
271,1214
261,1214
240,1214
237,1214
204,1214
194,1214
166,1214
141,1214
122,1214
6,1214
1309,1215
1205,1215
1203,1215
1111,1215
1100,1215
1042,1215
1007,1215
955,1215
946,1215
824,1215
785,1215
770,1215
727,1215
688,1215
665,1215
606,1215
507,1215
442,1215
404,1215
400,1215
392,1215
390,1215
368,1215
367,1215
365,1215
347,1215
341,1215
326,1215
315,1215
296,1215
282,1215
240,1215
59,1215
47,1215
8,1215
1317,1216
1123,1216
1108,1216
1103,1216
1064,1216
1042,1216
1036,1216
1034,1216
955,1216
702,1216
665,1216
652,1216
616,1216
606,1216
570,1216
507,1216
477,1216
453,1216
423,1216
413,1216
404,1216
392,1216
387,1216
367,1216
365,1216
358,1216
347,1216
341,1216
326,1216
317,1216
315,1216
303,1216
124,1216
20,1216
9,1216
1344,1217
1243,1217
1217,1217
1203,1217
1135,1217
1065,1217
1042,1217
955,1217
931,1217
746,1217
705,1217
676,1217
665,1217
628,1217
620,1217
507,1217
442,1217
404,1217
400,1217
387,1217
326,1217
324,1217
315,1217
296,1217
283,1217
282,1217
233,1217
124,1217
119,1217
111,1217
109,1217
97,1217
60,1217
20,1217
8,1217
1301,1218
1286,1218
1239,1218
1207,1218
1198,1218
1183,1218
1162,1218
1154,1218
990,1218
966,1218
935,1218
925,1218
923,1218
919,1218
869,1218
842,1218
830,1218
755,1218
753,1218
747,1218
719,1218
532,1218
531,1218
464,1218
457,1218
449,1218
395,1218
372,1218
346,1218
332,1218
233,1218
229,1218
79,1218
62,1218
42,1218
1284,1219
1267,1219
1265,1219
1251,1219
1159,1219
1098,1219
1088,1219
1067,1219
1061,1219
1035,1219
995,1219
993,1219
938,1219
932,1219
909,1219
846,1219
840,1219
838,1219
833,1219
819,1219
790,1219
696,1219
690,1219
675,1219
658,1219
644,1219
515,1219
502,1219
480,1219
459,1219
435,1219
268,1219
160,1219
145,1219
13,1219
1335,1220
1333,1220
1310,1220
1308,1220
1302,1220
1205,1220
1035,1220
960,1220
955,1220
907,1220
869,1220
792,1220
539,1220
532,1220
494,1220
491,1220
464,1220
461,1220
415,1220
306,1220
261,1220
237,1220
217,1220
204,1220
201,1220
189,1220
154,1220
149,1220
147,1220
142,1220
138,1220
132,1220
93,1220
74,1220
17,1220
1275,1221
1237,1221
1235,1221
1232,1221
1222,1221
1181,1221
1174,1221
1136,1221
1064,1221
1060,1221
1039,1221
1029,1221
939,1221
766,1221
741,1221
666,1221
663,1221
603,1221
602,1221
599,1221
598,1221
583,1221
580,1221
555,1221
541,1221
539,1221
531,1221
454,1221
417,1221
395,1221
344,1221
289,1221
269,1221
34,1221
3,1221
1233,1222
1180,1222
1167,1222
1136,1222
1127,1222
1061,1222
1056,1222
948,1222
866,1222
833,1222
746,1222
692,1222
617,1222
599,1222
564,1222
557,1222
544,1222
543,1222
515,1222
502,1222
489,1222
480,1222
459,1222
435,1222
400,1222
347,1222
321,1222
288,1222
183,1222
160,1222
145,1222
132,1222
90,1222
54,1222
3,1222
1249,1224
1224,1224
1214,1224
1194,1224
1156,1224
1152,1224
1138,1224
1130,1224
1103,1224
1089,1224
1060,1224
1059,1224
1039,1224
1031,1224
1009,1224
943,1224
901,1224
888,1224
801,1224
787,1224
741,1224
737,1224
687,1224
674,1224
664,1224
649,1224
592,1224
546,1224
540,1224
309,1224
180,1224
168,1224
100,1224
98,1224
34,1224
1341,1225
1327,1225
1280,1225
1274,1225
1259,1225
1239,1225
1237,1225
1235,1225
1210,1225
1202,1225
1181,1225
1174,1225
1156,1225
1129,1225
1110,1225
1099,1225
1060,1225
1030,1225
996,1225
986,1225
983,1225
904,1225
810,1225
753,1225
731,1225
691,1225
689,1225
674,1225
666,1225
621,1225
600,1225
454,1225
284,1225
227,1225
22,1225
1284,1226
1267,1226
1265,1226
1251,1226
1159,1226
1098,1226
1088,1226
1067,1226
1061,1226
1035,1226
995,1226
993,1226
938,1226
932,1226
909,1226
846,1226
840,1226
838,1226
833,1226
819,1226
790,1226
696,1226
690,1226
675,1226
658,1226
644,1226
515,1226
502,1226
480,1226
459,1226
435,1226
268,1226
160,1226
145,1226
13,1226
1321,1228
1306,1228
1136,1228
1061,1228
1056,1228
1027,1228
993,1228
970,1228
883,1228
833,1228
821,1228
819,1228
791,1228
790,1228
677,1228
599,1228
552,1228
544,1228
515,1228
502,1228
491,1228
480,1228
462,1228
459,1228
435,1228
400,1228
288,1228
274,1228
222,1228
183,1228
160,1228
145,1228
125,1228
29,1228
16,1228
1284,1229
1280,1229
1275,1229
1268,1229
1267,1229
1250,1229
1249,1229
1114,1229
1101,1229
1061,1229
1057,1229
1010,1229
993,1229
975,1229
873,1229
855,1229
843,1229
836,1229
717,1229
617,1229
599,1229
580,1229
571,1229
534,1229
524,1229
502,1229
481,1229
377,1229
356,1229
273,1229
160,1229
145,1229
102,1229
27,1229
23,1229
1280,1230
1239,1230
1237,1230
1207,1230
1204,1230
1120,1230
1114,1230
1101,1230
1061,1230
910,1230
879,1230
876,1230
855,1230
839,1230
775,1230
762,1230
721,1230
628,1230
607,1230
574,1230
571,1230
542,1230
524,1230
517,1230
510,1230
502,1230
476,1230
357,1230
332,1230
266,1230
190,1230
160,1230
54,1230
34,1230
3,1230
1298,1231
1191,1231
1174,1231
1138,1231
1108,1231
1060,1231
1058,1231
1034,1231
1026,1231
1020,1231
997,1231
976,1231
887,1231
879,1231
876,1231
775,1231
728,1231
679,1231
674,1231
661,1231
659,1231
598,1231
423,1231
399,1231
338,1231
337,1231
336,1231
305,1231
294,1231
280,1231
253,1231
104,1231
64,1231
58,1231
49,1231
1321,1232
1275,1232
1233,1232
1159,1232
1136,1232
1127,1232
1107,1232
1061,1232
1010,1232
948,1232
866,1232
821,1232
790,1232
692,1232
617,1232
599,1232
564,1232
545,1232
544,1232
502,1232
480,1232
479,1232
464,1232
462,1232
400,1232
321,1232
288,1232
211,1232
186,1232
160,1232
145,1232
132,1232
90,1232
54,1232
3,1232
1310,1233
1306,1233
1280,1233
1271,1233
1263,1233
1254,1233
1246,1233
1234,1233
1231,1233
1212,1233
1195,1233
1160,1233
1130,1233
1110,1233
1101,1233
1097,1233
1042,1233
1027,1233
1020,1233
986,1233
947,1233
941,1233
930,1233
881,1233
867,1233
730,1233
653,1233
526,1233
494,1233
462,1233
414,1233
391,1233
210,1233
166,1233
61,1233
1306,1235
1278,1235
1275,1235
1267,1235
1219,1235
1171,1235
1158,1235
1154,1235
1127,1235
1125,1235
1097,1235
919,1235
859,1235
842,1235
810,1235
762,1235
732,1235
725,1235
679,1235
653,1235
628,1235
615,1235
612,1235
518,1235
394,1235
365,1235
344,1235
236,1235
222,1235
181,1235
178,1235
75,1235
69,1235
56,1235
0,1235
1334,1237
1284,1237
1267,1237
1265,1237
1251,1237
1233,1237
1159,1237
1061,1237
993,1237
948,1237
938,1237
932,1237
909,1237
876,1237
866,1237
846,1237
838,1237
790,1237
746,1237
721,1237
690,1237
675,1237
658,1237
644,1237
588,1237
542,1237
515,1237
510,1237
502,1237
480,1237
160,1237
145,1237
125,1237
13,1237
3,1237
1275,1238
1237,1238
1235,1238
1232,1238
1222,1238
1181,1238
1174,1238
1136,1238
1064,1238
1060,1238
1039,1238
1029,1238
939,1238
766,1238
741,1238
666,1238
663,1238
603,1238
602,1238
599,1238
598,1238
583,1238
580,1238
555,1238
541,1238
539,1238
531,1238
454,1238
417,1238
395,1238
344,1238
289,1238
269,1238
34,1238
3,1238
1163,1239
1152,1239
1068,1239
862,1239
861,1239
841,1239
837,1239
822,1239
753,1239
715,1239
655,1239
605,1239
580,1239
563,1239
554,1239
545,1239
501,1239
472,1239
411,1239
255,1239
253,1239
237,1239
215,1239
212,1239
211,1239
193,1239
184,1239
173,1239
170,1239
159,1239
156,1239
149,1239
137,1239
135,1239
12,1239
1321,1240
1275,1240
1250,1240
1233,1240
1159,1240
1136,1240
1061,1240
948,1240
876,1240
866,1240
825,1240
821,1240
692,1240
617,1240
599,1240
564,1240
545,1240
544,1240
502,1240
480,1240
479,1240
464,1240
462,1240
400,1240
321,1240
288,1240
211,1240
186,1240
160,1240
145,1240
132,1240
90,1240
54,1240
11,1240
3,1240
1321,1243
1284,1243
1267,1243
1265,1243
1251,1243
1159,1243
1120,1243
1098,1243
1061,1243
1035,1243
993,1243
938,1243
932,1243
909,1243
883,1243
846,1243
840,1243
838,1243
833,1243
819,1243
790,1243
696,1243
690,1243
675,1243
658,1243
644,1243
515,1243
502,1243
480,1243
459,1243
435,1243
268,1243
160,1243
145,1243
13,1243
1280,1245
1250,1245
1237,1245
1235,1245
1204,1245
1187,1245
1126,1245
1114,1245
1040,1245
975,1245
886,1245
879,1245
869,1245
810,1245
775,1245
742,1245
721,1245
678,1245
598,1245
580,1245
524,1245
499,1245
493,1245
464,1245
441,1245
416,1245
345,1245
271,1245
251,1245
248,1245
218,1245
158,1245
102,1245
23,1245
3,1245
1306,1246
1290,1246
1250,1246
1136,1246
1061,1246
1056,1246
1027,1246
993,1246
928,1246
876,1246
833,1246
692,1246
647,1246
617,1246
599,1246
557,1246
552,1246
545,1246
544,1246
515,1246
502,1246
480,1246
462,1246
459,1246
435,1246
400,1246
321,1246
288,1246
274,1246
232,1246
183,1246
160,1246
145,1246
90,1246
54,1246
1283,1247
1271,1247
1206,1247
880,1247
816,1247
774,1247
766,1247
746,1247
598,1247
544,1247
515,1247
503,1247
498,1247
493,1247
489,1247
473,1247
471,1247
467,1247
441,1247
369,1247
348,1247
248,1247
228,1247
225,1247
218,1247
186,1247
167,1247
155,1247
131,1247
130,1247
121,1247
113,1247
93,1247
87,1247
68,1247
1321,1248
1275,1248
1250,1248
1240,1248
1233,1248
1167,1248
1159,1248
1136,1248
1127,1248
1061,1248
948,1248
866,1248
821,1248
692,1248
617,1248
599,1248
564,1248
545,1248
544,1248
539,1248
502,1248
480,1248
479,1248
462,1248
400,1248
321,1248
288,1248
211,1248
186,1248
160,1248
145,1248
132,1248
90,1248
54,1248
3,1248
1334,1249
1284,1249
1267,1249
1265,1249
1251,1249
1233,1249
1159,1249
1061,1249
993,1249
948,1249
938,1249
932,1249
909,1249
876,1249
866,1249
846,1249
838,1249
790,1249
746,1249
721,1249
690,1249
675,1249
658,1249
644,1249
588,1249
542,1249
515,1249
510,1249
502,1249
480,1249
160,1249
145,1249
125,1249
13,1249
3,1249
1296,1250
1280,1250
1272,1250
1249,1250
1237,1250
1235,1250
1228,1250
1172,1250
1157,1250
1155,1250
1136,1250
1135,1250
1122,1250
1115,1250
1075,1250
1070,1250
1029,1250
774,1250
694,1250
680,1250
666,1250
602,1250
577,1250
574,1250
555,1250
542,1250
541,1250
539,1250
529,1250
524,1250
517,1250
448,1250
417,1250
356,1250
256,1250
369,1251
774,1251
766,1251
746,1251
68,1251
670,1251
131,1251
598,1251
544,1251
515,1251
503,1251
498,1251
493,1251
489,1251
1283,1251
1271,1251
471,1251
467,1251
441,1251
1206,1251
1170,1251
348,1251
473,1251
248,1251
228,1251
225,1251
218,1251
186,1251
155,1251
130,1251
121,1251
113,1251
87,1251
880,1251
816,1251
1299,1252
1275,1252
1189,1252
1136,1252
1075,1252
1063,1252
1061,1252
1056,1252
1027,1252
1004,1252
993,1252
865,1252
791,1252
766,1252
732,1252
602,1252
599,1252
574,1252
555,1252
544,1252
542,1252
534,1252
517,1252
515,1252
506,1252
502,1252
394,1252
384,1252
344,1252
324,1252
273,1252
236,1252
232,1252
160,1252
145,1252
1275,1253
1237,1253
1235,1253
1232,1253
1222,1253
1181,1253
1174,1253
1136,1253
1064,1253
1060,1253
1039,1253
1029,1253
939,1253
766,1253
741,1253
666,1253
663,1253
603,1253
602,1253
599,1253
598,1253
583,1253
580,1253
555,1253
541,1253
539,1253
531,1253
454,1253
417,1253
395,1253
344,1253
289,1253
269,1253
34,1253
3,1253
1301,1255
1294,1255
1266,1255
1233,1255
1164,1255
1126,1255
1078,1255
1061,1255
1045,1255
1035,1255
1027,1255
948,1255
942,1255
928,1255
883,1255
866,1255
855,1255
790,1255
702,1255
502,1255
480,1255
459,1255
435,1255
255,1255
222,1255
212,1255
211,1255
208,1255
178,1255
160,1255
154,1255
145,1255
125,1255
29,1255
18,1255
1321,1256
1275,1256
1233,1256
1159,1256
1136,1256
1107,1256
1061,1256
948,1256
928,1256
916,1256
876,1256
866,1256
821,1256
692,1256
617,1256
599,1256
564,1256
545,1256
544,1256
502,1256
480,1256
479,1256
464,1256
462,1256
400,1256
321,1256
288,1256
211,1256
186,1256
160,1256
145,1256
132,1256
90,1256
54,1256
3,1256
1306,1258
1256,1258
1247,1258
1246,1258
1234,1258
1064,1258
1060,1258
1039,1258
1028,1258
1027,1258
1020,1258
978,1258
976,1258
931,1258
906,1258
887,1258
802,1258
781,1258
780,1258
712,1258
660,1258
652,1258
628,1258
620,1258
570,1258
453,1258
423,1258
418,1258
399,1258
318,1258
116,1258
108,1258
101,1258
64,1258
25,1258
1334,1259
1266,1259
1221,1259
1204,1259
1196,1259
1163,1259
1116,1259
1085,1259
1011,1259
998,1259
841,1259
836,1259
742,1259
703,1259
676,1259
655,1259
645,1259
610,1259
580,1259
496,1259
457,1259
376,1259
251,1259
243,1259
231,1259
211,1259
201,1259
197,1259
165,1259
159,1259
145,1259
56,1259
34,1259
23,1259
12,1259
774,1262
766,1262
746,1262
68,1262
670,1262
131,1262
598,1262
544,1262
518,1262
498,1262
493,1262
489,1262
1283,1262
1271,1262
473,1262
471,1262
467,1262
441,1262
1206,1262
1170,1262
369,1262
348,1262
248,1262
228,1262
225,1262
218,1262
186,1262
155,1262
146,1262
130,1262
121,1262
113,1262
87,1262
880,1262
816,1262
1318,1263
1305,1263
1246,1263
1191,1263
1152,1263
1138,1263
1123,1263
1099,1263
1095,1263
1060,1263
1048,1263
1042,1263
998,1263
971,1263
934,1263
899,1263
890,1263
888,1263
864,1263
771,1263
768,1263
759,1263
710,1263
679,1263
661,1263
616,1263
477,1263
423,1263
313,1263
204,1263
117,1263
97,1263
84,1263
57,1263
48,1263
1290,1264
1275,1264
1228,1264
1214,1264
1180,1264
1173,1264
1166,1264
1151,1264
1123,1264
1122,1264
1101,1264
1083,1264
1070,1264
1050,1264
959,1264
894,1264
844,1264
778,1264
706,1264
684,1264
674,1264
646,1264
617,1264
602,1264
599,1264
598,1264
579,1264
555,1264
541,1264
428,1264
286,1264
102,1264
66,1264
34,1264
10,1264
1182,1265
1138,1265
1108,1265
1034,1265
1026,1265
1009,1265
976,1265
974,1265
915,1265
899,1265
814,1265
802,1265
781,1265
780,1265
758,1265
741,1265
728,1265
725,1265
706,1265
705,1265
634,1265
453,1265
423,1265
405,1265
399,1265
379,1265
366,1265
318,1265
317,1265
305,1265
294,1265
293,1265
211,1265
64,1265
58,1265
1321,1266
1275,1266
1233,1266
1159,1266
1136,1266
1061,1266
948,1266
928,1266
916,1266
876,1266
866,1266
821,1266
692,1266
617,1266
599,1266
564,1266
554,1266
545,1266
544,1266
502,1266
480,1266
479,1266
464,1266
462,1266
400,1266
321,1266
288,1266
211,1266
186,1266
160,1266
145,1266
132,1266
90,1266
54,1266
3,1266
1280,1267
1235,1267
1221,1267
1169,1267
1085,1267
1061,1267
1045,1267
780,1267
742,1267
732,1267
721,1267
694,1267
645,1267
627,1267
580,1267
575,1267
574,1267
524,1267
430,1267
417,1267
342,1267
341,1267
340,1267
301,1267
273,1267
236,1267
232,1267
166,1267
160,1267
81,1267
76,1267
56,1267
45,1267
23,1267
21,1267
1316,1268
1237,1268
1235,1268
1183,1268
1166,1268
1155,1268
1151,1268
1096,1268
1029,1268
1021,1268
989,1268
975,1268
920,1268
919,1268
879,1268
864,1268
810,1268
775,1268
742,1268
732,1268
667,1268
604,1268
603,1268
574,1268
542,1268
531,1268
524,1268
417,1268
379,1268
370,1268
273,1268
236,1268
175,1268
147,1268
102,1268
1347,1269
1343,1269
1324,1269
1318,1269
1298,1269
1258,1269
1123,1269
1117,1269
1095,1269
1083,1269
1075,1269
1058,1269
976,1269
971,1269
934,1269
828,1269
773,1269
760,1269
759,1269
750,1269
725,1269
682,1269
628,1269
616,1269
427,1269
411,1269
379,1269
318,1269
195,1269
161,1269
129,1269
84,1269
83,1269
46,1269
2,1269
774,1271
766,1271
746,1271
131,1271
598,1271
544,1271
503,1271
498,1271
493,1271
489,1271
1283,1271
1271,1271
473,1271
467,1271
441,1271
421,1271
1206,1271
1170,1271
369,1271
348,1271
471,1271
248,1271
246,1271
228,1271
225,1271
218,1271
186,1271
155,1271
130,1271
121,1271
113,1271
87,1271
880,1271
68,1271
816,1271
1280,1272
1250,1272
1237,1272
1235,1272
1204,1272
1187,1272
1126,1272
1114,1272
1040,1272
975,1272
886,1272
879,1272
869,1272
810,1272
775,1272
742,1272
721,1272
678,1272
598,1272
580,1272
524,1272
499,1272
493,1272
464,1272
441,1272
416,1272
345,1272
271,1272
251,1272
248,1272
218,1272
158,1272
102,1272
23,1272
3,1272
1280,1273
1252,1273
1145,1273
1120,1273
1069,1273
1061,1273
1059,1273
948,1273
873,1273
859,1273
833,1273
792,1273
790,1273
755,1273
717,1273
702,1273
666,1273
628,1273
600,1273
542,1273
532,1273
502,1273
476,1273
462,1273
431,1273
344,1273
286,1273
273,1273
266,1273
232,1273
187,1273
160,1273
145,1273
110,1273
75,1273
1275,1274
1237,1274
1235,1274
1232,1274
1222,1274
1181,1274
1174,1274
1136,1274
1064,1274
1060,1274
1039,1274
1029,1274
939,1274
766,1274
741,1274
666,1274
663,1274
603,1274
602,1274
599,1274
598,1274
583,1274
580,1274
555,1274
541,1274
539,1274
531,1274
454,1274
417,1274
395,1274
344,1274
289,1274
269,1274
34,1274
3,1274
1299,1276
1275,1276
1250,1276
1237,1276
1235,1276
1233,1276
1221,1276
1126,1276
1120,1276
1061,1276
948,1276
923,1276
876,1276
866,1276
763,1276
721,1276
692,1276
645,1276
580,1276
574,1276
542,1276
517,1276
481,1276
464,1276
400,1276
384,1276
321,1276
287,1276
232,1276
160,1276
145,1276
132,1276
90,1276
54,1276
3,1276
1301,1277
1250,1277
1200,1277
1157,1277
1145,1277
1130,1277
1090,1277
1064,1277
1019,1277
1016,1277
991,1277
920,1277
857,1277
849,1277
769,1277
758,1277
753,1277
748,1277
697,1277
660,1277
638,1277
634,1277
617,1277
568,1277
546,1277
539,1277
493,1277
480,1277
430,1277
428,1277
418,1277
362,1277
355,1277
332,1277
178,1277
1284,1279
1267,1279
1265,1279
1251,1279
1236,1279
1159,1279
1105,1279
1098,1279
1067,1279
1053,1279
1013,1279
1010,1279
938,1279
932,1279
925,1279
909,1279
846,1279
839,1279
838,1279
821,1279
817,1279
806,1279
707,1279
696,1279
690,1279
675,1279
658,1279
644,1279
479,1279
352,1279
268,1279
128,1279
54,1279
19,1279
13,1279
1306,1280
1233,1280
1136,1280
1061,1280
1056,1280
1027,1280
993,1280
970,1280
883,1280
876,1280
833,1280
819,1280
791,1280
790,1280
694,1280
616,1280
599,1280
545,1280
544,1280
515,1280
502,1280
480,1280
462,1280
459,1280
435,1280
400,1280
288,1280
273,1280
232,1280
183,1280
160,1280
145,1280
125,1280
29,1280
3,1280
1296,1281
1280,1281
1272,1281
1249,1281
1237,1281
1235,1281
1228,1281
1172,1281
1157,1281
1155,1281
1136,1281
1135,1281
1122,1281
1115,1281
1075,1281
1070,1281
1029,1281
774,1281
694,1281
680,1281
666,1281
602,1281
577,1281
574,1281
555,1281
542,1281
541,1281
539,1281
529,1281
524,1281
517,1281
448,1281
417,1281
356,1281
256,1281
1280,1282
1235,1282
1221,1282
1207,1282
1085,1282
1061,1282
1045,1282
944,1282
780,1282
774,1282
742,1282
721,1282
703,1282
694,1282
645,1282
627,1282
580,1282
575,1282
524,1282
430,1282
417,1282
342,1282
340,1282
339,1282
301,1282
273,1282
236,1282
232,1282
166,1282
160,1282
81,1282
76,1282
56,1282
23,1282
21,1282
1189,1284
1136,1284
1061,1284
1056,1284
1027,1284
993,1284
970,1284
906,1284
883,1284
876,1284
833,1284
819,1284
791,1284
790,1284
694,1284
599,1284
574,1284
545,1284
544,1284
542,1284
515,1284
502,1284
480,1284
462,1284
459,1284
435,1284
400,1284
288,1284
273,1284
220,1284
183,1284
160,1284
145,1284
125,1284
29,1284
1334,1285
1326,1285
1294,1285
1233,1285
1128,1285
1061,1285
1056,1285
1003,1285
970,1285
948,1285
906,1285
880,1285
876,1285
819,1285
808,1285
791,1285
721,1285
632,1285
616,1285
599,1285
580,1285
502,1285
462,1285
416,1285
379,1285
347,1285
327,1285
259,1285
218,1285
183,1285
175,1285
160,1285
145,1285
123,1285
3,1285
1338,1286
1285,1286
1245,1286
1193,1286
1111,1286
1108,1286
1093,1286
1060,1286
1020,1286
931,1286
892,1286
888,1286
872,1286
787,1286
692,1286
689,1286
683,1286
626,1286
616,1286
606,1286
442,1286
423,1286
390,1286
358,1286
337,1286
336,1286
303,1286
301,1286
294,1286
283,1286
280,1286
195,1286
108,1286
104,1286
58,1286
1284,1287
1280,1287
1275,1287
1268,1287
1250,1287
1249,1287
1114,1287
1101,1287
1061,1287
1010,1287
993,1287
873,1287
855,1287
843,1287
836,1287
717,1287
617,1287
599,1287
580,1287
571,1287
534,1287
524,1287
517,1287
502,1287
481,1287
377,1287
356,1287
273,1287
271,1287
160,1287
145,1287
102,1287
90,1287
27,1287
23,1287
1321,1288
1275,1288
1233,1288
1159,1288
1136,1288
1127,1288
1061,1288
948,1288
916,1288
866,1288
821,1288
790,1288
692,1288
617,1288
599,1288
564,1288
554,1288
545,1288
544,1288
502,1288
480,1288
479,1288
464,1288
462,1288
400,1288
321,1288
288,1288
211,1288
186,1288
160,1288
145,1288
132,1288
90,1288
54,1288
3,1288
1280,1289
1235,1289
1221,1289
1169,1289
1085,1289
1061,1289
1045,1289
780,1289
742,1289
732,1289
721,1289
694,1289
645,1289
627,1289
580,1289
575,1289
574,1289
524,1289
430,1289
417,1289
342,1289
341,1289
340,1289
301,1289
273,1289
236,1289
232,1289
166,1289
160,1289
81,1289
76,1289
56,1289
45,1289
23,1289
21,1289
1286,1290
1237,1290
1207,1290
1204,1290
1147,1290
1126,1290
1120,1290
990,1290
983,1290
876,1290
835,1290
810,1290
753,1290
602,1290
598,1290
580,1290
574,1290
555,1290
539,1290
517,1290
455,1290
385,1290
332,1290
273,1290
243,1290
232,1290
198,1290
168,1290
164,1290
81,1290
79,1290
54,1290
45,1290
34,1290
3,1290
1283,1291
1271,1291
1206,1291
880,1291
816,1291
774,1291
766,1291
746,1291
598,1291
544,1291
515,1291
503,1291
498,1291
493,1291
489,1291
473,1291
471,1291
467,1291
441,1291
369,1291
348,1291
248,1291
228,1291
225,1291
218,1291
186,1291
167,1291
155,1291
131,1291
130,1291
121,1291
113,1291
93,1291
87,1291
68,1291
1334,1294
1326,1294
1233,1294
1176,1294
1136,1294
1128,1294
1061,1294
1056,1294
880,1294
876,1294
819,1294
808,1294
791,1294
766,1294
721,1294
672,1294
632,1294
599,1294
580,1294
502,1294
462,1294
435,1294
416,1294
414,1294
400,1294
379,1294
347,1294
259,1294
218,1294
183,1294
175,1294
160,1294
145,1294
123,1294
3,1294
1298,1296
1282,1296
1278,1296
1275,1296
1232,1296
1214,1296
1195,1296
1108,1296
1100,1296
1099,1296
1042,1296
1032,1296
892,1296
888,1296
887,1296
823,1296
768,1296
679,1296
664,1296
649,1296
638,1296
606,1296
442,1296
358,1296
344,1296
337,1296
336,1296
303,1296
294,1296
245,1296
188,1296
145,1296
117,1296
108,1296
58,1296
1294,1297
1266,1297
1250,1297
1237,1297
1214,1297
1194,1297
1136,1297
1126,1297
1027,1297
1019,1297
948,1297
866,1297
855,1297
792,1297
717,1297
692,1297
592,1297
539,1297
443,1297
306,1297
284,1297
273,1297
271,1297
251,1297
215,1297
211,1297
201,1297
198,1297
173,1297
156,1297
74,1297
34,1297
18,1297
12,1297
3,1297
1298,1298
1245,1298
1234,1298
1194,1298
1174,1298
1157,1298
1138,1298
1123,1298
1108,1298
1081,1298
1034,1298
1032,1298
931,1298
927,1298
879,1298
814,1298
780,1298
775,1298
728,1298
679,1298
649,1298
634,1298
606,1298
423,1298
390,1298
382,1298
344,1298
337,1298
336,1298
305,1298
294,1298
289,1298
283,1298
108,1298
58,1298
1284,1299
1267,1299
1265,1299
1251,1299
1159,1299
1098,1299
1088,1299
1067,1299
1061,1299
1010,1299
993,1299
938,1299
932,1299
909,1299
883,1299
846,1299
838,1299
833,1299
819,1299
790,1299
696,1299
690,1299
675,1299
658,1299
644,1299
502,1299
480,1299
479,1299
459,1299
435,1299
400,1299
268,1299
160,1299
145,1299
13,1299
1280,1300
1250,1300
1232,1300
1187,1300
1136,1300
1126,1300
1114,1300
1061,1300
1040,1300
928,1300
883,1300
807,1300
791,1300
790,1300
721,1300
599,1300
545,1300
544,1300
502,1300
499,1300
497,1300
493,1300
459,1300
435,1300
416,1300
400,1300
288,1300
240,1300
218,1300
183,1300
160,1300
146,1300
145,1300
135,1300
23,1300
1296,1301
1280,1301
1272,1301
1249,1301
1237,1301
1235,1301
1172,1301
1157,1301
1155,1301
1136,1301
1135,1301
1122,1301
1075,1301
1070,1301
1029,1301
774,1301
694,1301
680,1301
666,1301
602,1301
583,1301
577,1301
574,1301
555,1301
542,1301
541,1301
539,1301
524,1301
517,1301
448,1301
417,1301
394,1301
356,1301
273,1301
256,1301
1290,1303
1136,1303
1127,1303
1061,1303
1056,1303
1027,1303
993,1303
883,1303
833,1303
819,1303
746,1303
692,1303
677,1303
599,1303
564,1303
515,1303
502,1303
480,1303
460,1303
459,1303
435,1303
400,1303
347,1303
321,1303
288,1303
287,1303
232,1303
183,1303
160,1303
145,1303
132,1303
90,1303
54,1303
10,1303
5,1303
1321,1304
1275,1304
1233,1304
1159,1304
1136,1304
1107,1304
1061,1304
948,1304
928,1304
916,1304
876,1304
866,1304
821,1304
692,1304
617,1304
599,1304
564,1304
545,1304
544,1304
502,1304
480,1304
479,1304
464,1304
462,1304
400,1304
321,1304
288,1304
211,1304
186,1304
160,1304
145,1304
132,1304
90,1304
54,1304
3,1304
1292,1305
1280,1305
1237,1305
1235,1305
1222,1305
1221,1305
1194,1305
1181,1305
1093,1305
1047,1305
1041,1305
1009,1305
975,1305
879,1305
869,1305
819,1305
779,1305
775,1305
735,1305
731,1305
668,1305
663,1305
645,1305
603,1305
580,1305
574,1305
542,1305
524,1305
517,1305
418,1305
417,1305
344,1305
190,1305
75,1305
3,1305
1349,1306
1333,1306
1224,1306
1029,1306
973,1306
928,1306
867,1306
861,1306
836,1306
792,1306
589,1306
580,1306
571,1306
563,1306
545,1306
517,1306
515,1306
507,1306
480,1306
472,1306
440,1306
428,1306
377,1306
271,1306
251,1306
215,1306
190,1306
173,1306
160,1306
156,1306
143,1306
135,1306
34,1306
23,1306
12,1306
1330,1307
1301,1307
1271,1307
1254,1307
1167,1307
1137,1307
1074,1307
806,1307
800,1307
781,1307
762,1307
750,1307
712,1307
692,1307
667,1307
557,1307
438,1307
406,1307
321,1307
308,1307
293,1307
257,1307
238,1307
201,1307
190,1307
167,1307
166,1307
155,1307
153,1307
147,1307
99,1307
64,1307
63,1307
34,1307
25,1307
1334,1308
1284,1308
1267,1308
1255,1308
1254,1308
1239,1308
1227,1308
1187,1308
1139,1308
1101,1308
1065,1308
1012,1308
1010,1308
996,1308
995,1308
873,1308
858,1308
848,1308
846,1308
843,1308
681,1308
629,1308
627,1308
564,1308
530,1308
332,1308
284,1308
235,1308
233,1308
227,1308
168,1308
160,1308
76,1308
24,1308
15,1308
1324,1309
1245,1309
1135,1309
1077,1309
1064,1309
1056,1309
1009,1309
996,1309
919,1309
915,1309
906,1309
900,1309
882,1309
881,1309
787,1309
779,1309
771,1309
757,1309
682,1309
664,1309
490,1309
418,1309
401,1309
359,1309
313,1309
269,1309
253,1309
195,1309
175,1309
64,1309
63,1309
56,1309
48,1309
37,1309
33,1309
1283,1310
1183,1310
1163,1310
1148,1310
1013,1310
992,1310
910,1310
866,1310
792,1310
744,1310
680,1310
643,1310
641,1310
502,1310
472,1310
457,1310
437,1310
426,1310
391,1310
375,1310
372,1310
354,1310
346,1310
260,1310
246,1310
223,1310
204,1310
201,1310
193,1310
174,1310
170,1310
154,1310
143,1310
79,1310
67,1310
1349,1311
1310,1311
1045,1311
973,1311
963,1311
935,1311
928,1311
867,1311
861,1311
792,1311
617,1311
589,1311
563,1311
545,1311
496,1311
457,1311
440,1311
377,1311
271,1311
255,1311
235,1311
223,1311
212,1311
211,1311
207,1311
205,1311
201,1311
198,1311
187,1311
170,1311
156,1311
154,1311
134,1311
107,1311
11,1311
1296,1313
1280,1313
1272,1313
1249,1313
1237,1313
1235,1313
1228,1313
1172,1313
1157,1313
1155,1313
1136,1313
1135,1313
1122,1313
1115,1313
1075,1313
1070,1313
1029,1313
774,1313
694,1313
680,1313
666,1313
602,1313
577,1313
574,1313
555,1313
542,1313
541,1313
539,1313
529,1313
524,1313
517,1313
448,1313
417,1313
356,1313
256,1313
1294,1314
1249,1314
1215,1314
1214,1314
1186,1314
1173,1314
1167,1314
1163,1314
1159,1314
1150,1314
1124,1314
1110,1314
986,1314
966,1314
948,1314
900,1314
867,1314
840,1314
830,1314
819,1314
788,1314
755,1314
724,1314
719,1314
695,1314
675,1314
673,1314
652,1314
617,1314
483,1314
377,1314
198,1314
150,1314
145,1314
24,1314
1294,1317
1266,1317
1250,1317
1237,1317
1214,1317
1194,1317
1136,1317
1126,1317
1027,1317
1019,1317
948,1317
866,1317
855,1317
792,1317
717,1317
692,1317
592,1317
539,1317
443,1317
306,1317
284,1317
273,1317
271,1317
251,1317
215,1317
211,1317
201,1317
198,1317
173,1317
156,1317
74,1317
34,1317
18,1317
12,1317
3,1317
1249,1319
1225,1319
1212,1319
1147,1319
1145,1319
1124,1319
1110,1319
1104,1319
1048,1319
1024,1319
1002,1319
994,1319
986,1319
970,1319
947,1319
941,1319
867,1319
843,1319
807,1319
774,1319
737,1319
717,1319
686,1319
666,1319
663,1319
600,1319
584,1319
456,1319
421,1319
349,1319
301,1319
227,1319
171,1319
145,1319
41,1319
1323,1322
1284,1322
1281,1322
1259,1322
1257,1322
1249,1322
1246,1322
1239,1322
1231,1322
1227,1322
1186,1322
1161,1322
1157,1322
1130,1322
1010,1322
947,1322
943,1322
941,1322
916,1322
857,1322
855,1322
854,1322
849,1322
833,1322
819,1322
717,1322
714,1322
663,1322
588,1322
545,1322
501,1322
439,1322
272,1322
168,1322
15,1322
1298,1323
1295,1323
1293,1323
1245,1323
1232,1323
1219,1323
1218,1323
1211,1323
1191,1323
1100,1323
1039,1323
989,1323
955,1323
888,1323
777,1323
768,1323
710,1323
683,1323
674,1323
638,1323
526,1323
525,1323
459,1323
418,1323
379,1323
365,1323
340,1323
304,1323
288,1323
283,1323
282,1323
192,1323
124,1323
108,1323
58,1323
1263,1326
1214,1326
1110,1326
1104,1326
1087,1326
1072,1326
986,1326
979,1326
973,1326
970,1326
910,1326
869,1326
788,1326
772,1326
769,1326
677,1326
655,1326
625,1326
617,1326
554,1326
545,1326
527,1326
509,1326
496,1326
487,1326
472,1326
464,1326
430,1326
429,1326
223,1326
201,1326
193,1326
93,1326
74,1326
11,1326
1324,1327
1281,1327
1278,1327
1275,1327
1265,1327
1258,1327
1245,1327
1213,1327
1186,1327
1181,1327
1149,1327
1140,1327
1110,1327
1108,1327
1099,1327
1076,1327
1067,1327
1055,1327
1032,1327
992,1327
986,1327
963,1327
843,1327
828,1327
772,1327
768,1327
761,1327
759,1327
740,1327
663,1327
660,1327
549,1327
338,1327
104,1327
89,1327
1290,1328
1280,1328
1220,1328
1214,1328
1145,1328
1120,1328
1114,1328
1063,1328
1061,1328
1056,1328
993,1328
948,1328
859,1328
794,1328
778,1328
628,1328
627,1328
574,1328
539,1328
532,1328
502,1328
476,1328
462,1328
344,1328
324,1328
286,1328
273,1328
227,1328
215,1328
173,1328
160,1328
156,1328
145,1328
110,1328
75,1328
1301,1329
1280,1329
1250,1329
1249,1329
1214,1329
1136,1329
1126,1329
1122,1329
1120,1329
1085,1329
1027,1329
983,1329
981,1329
956,1329
943,1329
904,1329
808,1329
794,1329
702,1329
694,1329
628,1329
602,1329
574,1329
555,1329
542,1329
524,1329
517,1329
443,1329
324,1329
273,1329
251,1329
232,1329
166,1329
160,1329
34,1329
1284,1330
1259,1330
1257,1330
1231,1330
1229,1330
1227,1330
1223,1330
1216,1330
1161,1330
1157,1330
1132,1330
1130,1330
1120,1330
1094,1330
1010,1330
947,1330
943,1330
941,1330
910,1330
871,1330
857,1330
855,1330
854,1330
851,1330
849,1330
848,1330
844,1330
819,1330
797,1330
762,1330
562,1330
501,1330
476,1330
272,1330
110,1330
1342,1331
1323,1331
1299,1331
1260,1331
1237,1331
1235,1331
1080,1331
1060,1331
1037,1331
975,1331
966,1331
919,1331
901,1331
879,1331
845,1331
830,1331
810,1331
779,1331
775,1331
721,1331
682,1331
663,1331
603,1331
602,1331
574,1331
555,1331
535,1331
531,1331
524,1331
418,1331
417,1331
309,1331
273,1331
129,1331
91,1331
1310,1333
1228,1333
1150,1333
992,1333
966,1333
963,1333
910,1333
861,1333
839,1333
830,1333
792,1333
744,1333
714,1333
663,1333
658,1333
655,1333
617,1333
562,1333
457,1333
421,1333
261,1333
255,1333
248,1333
247,1333
221,1333
218,1333
212,1333
210,1333
194,1333
171,1333
156,1333
137,1333
135,1333
130,1333
128,1333
1280,1334
1235,1334
1221,1334
1169,1334
1085,1334
1061,1334
1045,1334
780,1334
742,1334
732,1334
721,1334
694,1334
645,1334
627,1334
580,1334
575,1334
574,1334
524,1334
430,1334
417,1334
342,1334
341,1334
340,1334
301,1334
273,1334
236,1334
232,1334
166,1334
160,1334
81,1334
76,1334
56,1334
45,1334
23,1334
21,1334
1302,1335
1301,1335
1292,1335
1263,1335
1197,1335
1183,1335
1105,1335
1090,1335
1088,1335
990,1335
932,1335
925,1335
753,1335
742,1335
719,1335
680,1335
623,1335
610,1335
480,1335
479,1335
457,1335
449,1335
428,1335
426,1335
375,1335
372,1335
332,1335
312,1335
223,1335
215,1335
201,1335
173,1335
107,1335
79,1335
13,1335
1316,1337
1237,1337
1235,1337
1183,1337
1166,1337
1155,1337
1151,1337
1096,1337
1029,1337
1021,1337
989,1337
975,1337
920,1337
919,1337
879,1337
864,1337
810,1337
775,1337
742,1337
732,1337
667,1337
604,1337
603,1337
574,1337
542,1337
531,1337
524,1337
417,1337
379,1337
370,1337
273,1337
236,1337
175,1337
147,1337
102,1337
1212,1338
1207,1338
1196,1338
1194,1338
1167,1338
1161,1338
1115,1338
1101,1338
1094,1338
1067,1338
1062,1338
996,1338
993,1338
970,1338
963,1338
873,1338
848,1338
833,1338
822,1338
800,1338
763,1338
717,1338
681,1338
627,1338
617,1338
600,1338
501,1338
500,1338
456,1338
306,1338
272,1338
227,1338
145,1338
143,1338
63,1338
1280,1339
1214,1339
1145,1339
1120,1339
1114,1339
1101,1339
1061,1339
1059,1339
948,1339
873,1339
859,1339
792,1339
790,1339
755,1339
717,1339
702,1339
666,1339
600,1339
542,1339
532,1339
476,1339
459,1339
431,1339
417,1339
416,1339
344,1339
332,1339
286,1339
273,1339
266,1339
232,1339
160,1339
145,1339
110,1339
75,1339
1259,1342
1246,1342
1239,1342
1229,1342
1161,1342
1157,1342
1153,1342
1128,1342
1118,1342
1092,1342
1077,1342
1019,1342
977,1342
965,1342
947,1342
941,1342
922,1342
918,1342
857,1342
855,1342
849,1342
844,1342
833,1342
824,1342
819,1342
818,1342
800,1342
769,1342
715,1342
688,1342
584,1342
476,1342
462,1342
301,1342
293,1342
1292,1345
1257,1345
1246,1345
1242,1345
1229,1345
1216,1345
1161,1345
1153,1345
1118,1345
1115,1345
1092,1345
1080,1345
1016,1345
1014,1345
1006,1345
992,1345
947,1345
941,1345
894,1345
863,1345
849,1345
826,1345
818,1345
797,1345
790,1345
767,1345
737,1345
647,1345
619,1345
584,1345
505,1345
446,1345
421,1345
270,1345
170,1345
1284,1346
1259,1346
1257,1346
1255,1346
1229,1346
1227,1346
1161,1346
1133,1346
1128,1346
1092,1346
1010,1346
947,1346
941,1346
900,1346
868,1346
861,1346
855,1346
849,1346
848,1346
844,1346
833,1346
826,1346
819,1346
789,1346
762,1346
717,1346
599,1346
588,1346
564,1346
501,1346
272,1346
260,1346
93,1346
90,1346
53,1346
1337,1347
1280,1347
1249,1347
1136,1347
1132,1347
1101,1347
1065,1347
1061,1347
1019,1347
1012,1347
873,1347
855,1347
843,1347
763,1347
746,1347
666,1347
655,1347
638,1347
599,1347
515,1347
502,1347
480,1347
462,1347
439,1347
417,1347
400,1347
306,1347
273,1347
229,1347
222,1347
182,1347
160,1347
145,1347
90,1347
15,1347
1334,1348
1278,1348
1263,1348
1259,1348
1243,1348
1233,1348
1194,1348
1184,1348
1162,1348
1144,1348
1101,1348
1097,1348
1048,1348
1031,1348
1029,1348
965,1348
952,1348
894,1348
873,1348
867,1348
744,1348
730,1348
716,1348
715,1348
687,1348
607,1348
600,1348
546,1348
541,1348
513,1348
454,1348
356,1348
260,1348
34,1348
12,1348
1294,1350
1266,1350
1250,1350
1237,1350
1214,1350
1194,1350
1136,1350
1126,1350
1027,1350
1019,1350
948,1350
855,1350
792,1350
717,1350
692,1350
592,1350
539,1350
496,1350
443,1350
306,1350
284,1350
273,1350
271,1350
251,1350
215,1350
211,1350
201,1350
198,1350
173,1350
156,1350
74,1350
34,1350
18,1350
12,1350
3,1350
1284,1351
1267,1351
1194,1351
1187,1351
1150,1351
1024,1351
995,1351
895,1351
851,1351
848,1351
846,1351
717,1351
716,1351
702,1351
680,1351
677,1351
672,1351
659,1351
629,1351
598,1351
593,1351
575,1351
564,1351
550,1351
512,1351
480,1351
428,1351
426,1351
411,1351
378,1351
183,1351
160,1351
109,1351
53,1351
22,1351
1335,1353
1315,1353
1214,1353
1167,1353
1150,1353
1071,1353
1060,1353
1039,1353
1034,1353
1027,1353
1014,1353
963,1353
932,1353
924,1353
917,1353
888,1353
881,1353
813,1353
779,1353
771,1353
758,1353
755,1353
750,1353
687,1353
652,1353
569,1353
485,1353
462,1353
453,1353
376,1353
373,1353
310,1353
195,1353
186,1353
24,1353
1280,1354
1214,1354
1145,1354
1120,1354
1114,1354
1101,1354
1061,1354
1059,1354
948,1354
873,1354
859,1354
792,1354
790,1354
755,1354
717,1354
702,1354
666,1354
600,1354
542,1354
532,1354
476,1354
459,1354
431,1354
417,1354
416,1354
344,1354
332,1354
286,1354
273,1354
266,1354
232,1354
160,1354
145,1354
110,1354
75,1354
1315,1355
1284,1355
1269,1355
1267,1355
1228,1355
1220,1355
1167,1355
1163,1355
1118,1355
1088,1355
1026,1355
995,1355
958,1355
929,1355
896,1355
853,1355
846,1355
833,1355
714,1355
680,1355
627,1355
564,1355
480,1355
431,1355
428,1355
418,1355
378,1355
357,1355
324,1355
186,1355
107,1355
80,1355
44,1355
27,1355
24,1355
1284,1356
1280,1356
1232,1356
1187,1356
1132,1356
1126,1356
1114,1356
1061,1356
1059,1356
1040,1356
1010,1356
858,1356
855,1356
721,1356
638,1356
545,1356
544,1356
502,1356
499,1356
493,1356
418,1356
416,1356
402,1356
278,1356
271,1356
237,1356
229,1356
218,1356
160,1356
151,1356
135,1356
102,1356
23,1356
15,1356
12,1356
1324,1357
1279,1357
1265,1357
1149,1357
1140,1357
1099,1357
1066,1357
1035,1357
970,1357
924,1357
899,1357
864,1357
806,1357
803,1357
802,1357
787,1357
781,1357
777,1357
773,1357
750,1357
745,1357
744,1357
725,1357
682,1357
660,1357
575,1357
485,1357
423,1357
411,1357
268,1357
211,1357
204,1357
195,1357
161,1357
154,1357
1333,1359
1265,1359
1247,1359
1140,1359
1099,1359
1076,1359
1066,1359
1065,1359
1060,1359
1028,1359
978,1359
976,1359
906,1359
843,1359
812,1359
806,1359
802,1359
797,1359
793,1359
781,1359
780,1359
777,1359
771,1359
758,1359
740,1359
691,1359
682,1359
679,1359
672,1359
664,1359
660,1359
575,1359
453,1359
338,1359
318,1359
1336,1360
1265,1360
1184,1360
1149,1360
1140,1360
1110,1360
1099,1360
1087,1360
1077,1360
1076,1360
1071,1360
1066,1360
1061,1360
1055,1360
1049,1360
1042,1360
1003,1360
992,1360
986,1360
970,1360
963,1360
941,1360
851,1360
837,1360
812,1360
806,1360
691,1360
660,1360
575,1360
476,1360
400,1360
301,1360
231,1360
175,1360
160,1360
1296,1362
1280,1362
1272,1362
1249,1362
1237,1362
1235,1362
1228,1362
1172,1362
1157,1362
1155,1362
1136,1362
1135,1362
1122,1362
1115,1362
1075,1362
1070,1362
1029,1362
774,1362
694,1362
680,1362
666,1362
602,1362
577,1362
574,1362
555,1362
542,1362
541,1362
539,1362
529,1362
524,1362
517,1362
448,1362
417,1362
356,1362
256,1362
1265,1363
1149,1363
1059,1363
1050,1363
1038,1363
1035,1363
1027,1363
963,1363
899,1363
887,1363
886,1363
879,1363
828,1363
802,1363
787,1363
781,1363
775,1363
737,1363
712,1363
680,1363
666,1363
660,1363
652,1363
455,1363
453,1363
423,1363
413,1363
408,1363
367,1363
303,1363
301,1363
293,1363
250,1363
101,1363
98,1363
1301,1365
1280,1365
1250,1365
1249,1365
1222,1365
1214,1365
1136,1365
1126,1365
1122,1365
1120,1365
1085,1365
1027,1365
983,1365
981,1365
956,1365
943,1365
904,1365
808,1365
794,1365
694,1365
628,1365
602,1365
574,1365
555,1365
542,1365
524,1365
517,1365
443,1365
324,1365
273,1365
251,1365
232,1365
166,1365
160,1365
34,1365
1333,1366
1284,1366
1267,1366
1240,1366
1214,1366
1187,1366
1180,1366
1178,1366
1105,1366
1059,1366
1022,1366
1013,1366
1012,1366
995,1366
929,1366
900,1366
895,1366
846,1366
800,1366
737,1366
716,1366
707,1366
629,1366
564,1366
479,1366
434,1366
421,1366
367,1366
357,1366
293,1366
186,1366
171,1366
146,1366
135,1366
72,1366
1334,1367
1324,1367
1265,1367
1263,1367
1239,1367
1238,1367
1234,1367
1214,1367
1173,1367
1149,1367
1123,1367
1083,1367
1056,1367
970,1367
909,1367
886,1367
824,1367
787,1367
769,1367
750,1367
737,1367
701,1367
688,1367
687,1367
660,1367
598,1367
494,1367
423,1367
399,1367
379,1367
301,1367
195,1367
170,1367
161,1367
149,1367
1298,1368
1220,1368
1198,1368
1174,1368
1157,1368
1138,1368
1117,1368
1095,1368
1065,1368
1060,1368
1039,1368
906,1368
890,1368
768,1368
691,1368
689,1368
683,1368
607,1368
526,1368
459,1368
456,1368
455,1368
423,1368
397,1368
356,1368
336,1368
327,1368
306,1368
290,1368
283,1368
233,1368
116,1368
61,1368
48,1368
29,1368
1334,1369
1324,1369
1306,1369
1265,1369
1239,1369
1149,1369
1140,1369
1099,1369
1076,1369
1055,1369
963,1369
915,1369
913,1369
908,1369
896,1369
843,1369
837,1369
823,1369
791,1369
787,1369
786,1369
771,1369
769,1369
691,1369
660,1369
598,1369
476,1369
421,1369
301,1369
293,1369
211,1369
204,1369
171,1369
154,1369
145,1369
1284,1370
1272,1370
1267,1370
1250,1370
1240,1370
1232,1370
1187,1370
1178,1370
1114,1370
1105,1370
1040,1370
1022,1370
1013,1370
1012,1370
995,1370
861,1370
846,1370
812,1370
807,1370
800,1370
707,1370
628,1370
571,1370
568,1370
499,1370
480,1370
479,1370
464,1370
434,1370
428,1370
416,1370
271,1370
134,1370
72,1370
49,1370
1265,1372
1149,1372
1140,1372
1110,1372
1108,1372
1076,1372
1066,1372
1055,1372
1049,1372
1042,1372
992,1372
986,1372
963,1372
917,1372
824,1372
812,1372
806,1372
737,1372
688,1372
663,1372
660,1372
606,1372
590,1372
476,1372
405,1372
341,1372
338,1372
303,1372
301,1372
215,1372
204,1372
173,1372
161,1372
72,1372
24,1372
1284,1373
1257,1373
1249,1373
1227,1373
1218,1373
1139,1373
1087,1373
1057,1373
1019,1373
1012,1373
1010,1373
979,1373
966,1373
858,1373
836,1373
830,1373
762,1373
717,1373
655,1373
623,1373
564,1373
480,1373
464,1373
446,1373
428,1373
367,1373
344,1373
235,1373
229,1373
227,1373
175,1373
160,1373
145,1373
90,1373
15,1373
1347,1375
1211,1375
1141,1375
1111,1375
1108,1375
1058,1375
1009,1375
890,1375
879,1375
872,1375
803,1375
799,1375
791,1375
787,1375
775,1375
758,1375
674,1375
664,1375
649,1375
620,1375
616,1375
606,1375
453,1375
399,1375
382,1375
344,1375
337,1375
303,1375
245,1375
195,1375
188,1375
101,1375
89,1375
64,1375
58,1375
1259,1376
1257,1376
1239,1376
1231,1376
1229,1376
1227,1376
1223,1376
965,1376
963,1376
947,1376
941,1376
935,1376
922,1376
910,1376
894,1376
871,1376
855,1376
848,1376
833,1376
826,1376
822,1376
819,1376
797,1376
762,1376
715,1376
687,1376
663,1376
562,1376
501,1376
476,1376
462,1376
439,1376
418,1376
272,1376
237,1376
1306,1377
1290,1377
1136,1377
1061,1377
1056,1377
1027,1377
993,1377
916,1377
883,1377
833,1377
819,1377
791,1377
763,1377
692,1377
655,1377
599,1377
557,1377
544,1377
515,1377
502,1377
480,1377
462,1377
459,1377
435,1377
426,1377
414,1377
400,1377
344,1377
288,1377
218,1377
183,1377
160,1377
145,1377
125,1377
75,1377
1280,1378
1235,1378
1221,1378
1169,1378
1085,1378
1061,1378
1045,1378
780,1378
742,1378
732,1378
721,1378
694,1378
645,1378
627,1378
580,1378
575,1378
574,1378
524,1378
430,1378
417,1378
342,1378
341,1378
340,1378
301,1378
273,1378
236,1378
232,1378
166,1378
160,1378
81,1378
76,1378
56,1378
45,1378
23,1378
21,1378
1293,1379
1245,1379
1157,1379
1141,1379
1111,1379
1095,1379
1089,1379
1058,1379
1042,1379
1039,1379
1032,1379
989,1379
906,1379
879,1379
785,1379
775,1379
756,1379
728,1379
683,1379
679,1379
674,1379
664,1379
652,1379
649,1379
606,1379
595,1379
442,1379
336,1379
303,1379
245,1379
195,1379
116,1379
108,1379
89,1379
8,1379
1292,1380
1280,1380
1237,1380
1235,1380
1222,1380
1221,1380
1194,1380
1181,1380
1093,1380
1047,1380
1041,1380
1009,1380
975,1380
879,1380
869,1380
819,1380
779,1380
775,1380
735,1380
731,1380
668,1380
663,1380
645,1380
603,1380
580,1380
574,1380
542,1380
524,1380
517,1380
418,1380
417,1380
344,1380
190,1380
75,1380
3,1380
1284,1381
1274,1381
1259,1381
1254,1381
1249,1381
1246,1381
1214,1381
1150,1381
1133,1381
1128,1381
1124,1381
1115,1381
1106,1381
1084,1381
1065,1381
1057,1381
1029,1381
1012,1381
1010,1381
996,1381
981,1381
900,1381
848,1381
837,1381
833,1381
687,1381
681,1381
629,1381
521,1381
462,1381
269,1381
260,1381
233,1381
227,1381
168,1381
1343,1383
1330,1383
1318,1383
1245,1383
1227,1383
1213,1383
1123,1383
1060,1383
1013,1383
979,1383
966,1383
931,1383
924,1383
890,1383
864,1383
830,1383
828,1383
768,1383
760,1383
756,1383
740,1383
735,1383
706,1383
701,1383
679,1383
485,1383
479,1383
421,1383
379,1383
344,1383
204,1383
195,1383
186,1383
161,1383
4,1383
1352,1385
1232,1385
1114,1385
1075,1385
1048,1385
1040,1385
1001,1385
927,1385
920,1385
876,1385
807,1385
801,1385
742,1385
738,1385
721,1385
606,1385
598,1385
574,1385
544,1385
524,1385
497,1385
493,1385
430,1385
421,1385
402,1385
365,1385
362,1385
359,1385
345,1385
312,1385
293,1385
273,1385
266,1385
244,1385
171,1385
1343,1386
1259,1386
1255,1386
1243,1386
1241,1386
1140,1386
1099,1386
1061,1386
1055,1386
1042,1386
1020,1386
1013,1386
966,1386
944,1386
925,1386
915,1386
900,1386
830,1386
773,1386
728,1386
691,1386
682,1386
628,1386
427,1386
423,1386
413,1386
389,1386
341,1386
231,1386
192,1386
188,1386
186,1386
160,1386
98,1386
19,1386
1299,1387
1275,1387
1168,1387
1136,1387
1075,1387
1063,1387
1061,1387
1056,1387
1027,1387
1004,1387
993,1387
948,1387
865,1387
791,1387
766,1387
732,1387
602,1387
599,1387
574,1387
555,1387
544,1387
542,1387
534,1387
515,1387
506,1387
502,1387
394,1387
384,1387
344,1387
324,1387
273,1387
236,1387
232,1387
160,1387
145,1387
1295,1388
1293,1388
1266,1388
1265,1388
1149,1388
1140,1388
1099,1388
1089,1388
1081,1388
1076,1388
1066,1388
1064,1388
1060,1388
1056,1388
1038,1388
899,1388
882,1388
807,1388
806,1388
775,1388
710,1388
702,1388
700,1388
694,1388
691,1388
672,1388
663,1388
660,1388
652,1388
629,1388
600,1388
539,1388
423,1388
406,1388
349,1388
1330,1390
1321,1390
1256,1390
1215,1390
1000,1390
967,1390
946,1390
834,1390
817,1390
806,1390
750,1390
692,1390
679,1390
644,1390
557,1390
493,1390
466,1390
460,1390
440,1390
438,1390
301,1390
293,1390
285,1390
263,1390
231,1390
203,1390
167,1390
153,1390
121,1390
113,1390
99,1390
90,1390
88,1390
25,1390
5,1390
1302,1391
1301,1391
1286,1391
1277,1391
1240,1391
1239,1391
1183,1391
1178,1391
1105,1391
1090,1391
1088,1391
1022,1391
1013,1391
990,1391
966,1391
944,1391
932,1391
925,1391
830,1391
812,1391
800,1391
753,1391
719,1391
707,1391
680,1391
480,1391
479,1391
457,1391
449,1391
434,1391
428,1391
332,1391
223,1391
72,1391
13,1391
1294,1392
1266,1392
1250,1392
1237,1392
1214,1392
1194,1392
1136,1392
1126,1392
1027,1392
1019,1392
948,1392
855,1392
792,1392
717,1392
692,1392
592,1392
539,1392
496,1392
443,1392
306,1392
284,1392
273,1392
271,1392
251,1392
215,1392
211,1392
201,1392
198,1392
173,1392
156,1392
74,1392
34,1392
18,1392
12,1392
3,1392
1334,1393
1286,1393
1265,1393
1239,1393
1228,1393
1212,1393
1196,1393
1167,1393
1140,1393
1099,1393
1091,1393
1066,1393
990,1393
963,1393
947,1393
941,1393
910,1393
822,1393
819,1393
812,1393
806,1393
755,1393
660,1393
629,1393
627,1393
617,1393
476,1393
428,1393
332,1393
270,1393
191,1393
184,1393
168,1393
42,1393
24,1393
1342,1394
1323,1394
1299,1394
1260,1394
1237,1394
1235,1394
1080,1394
1060,1394
1037,1394
975,1394
966,1394
919,1394
901,1394
879,1394
845,1394
830,1394
810,1394
779,1394
775,1394
721,1394
682,1394
663,1394
603,1394
602,1394
574,1394
555,1394
535,1394
531,1394
524,1394
418,1394
417,1394
309,1394
273,1394
129,1394
91,1394
1338,1395
1284,1395
1267,1395
1259,1395
1133,1395
1111,1395
1024,1395
1012,1395
1010,1395
995,1395
965,1395
963,1395
899,1395
895,1395
851,1395
846,1395
843,1395
824,1395
746,1395
688,1395
629,1395
627,1395
564,1395
482,1395
442,1395
418,1395
367,1395
293,1395
204,1395
186,1395
160,1395
88,1395
27,1395
19,1395
7,1395
1330,1396
1284,1396
1267,1396
1240,1396
1228,1396
1105,1396
1077,1396
1026,1396
1022,1396
1013,1396
1012,1396
995,1396
955,1396
929,1396
900,1396
846,1396
828,1396
823,1396
800,1396
705,1396
657,1396
629,1396
603,1396
495,1396
480,1396
479,1396
442,1396
434,1396
367,1396
310,1396
186,1396
86,1396
72,1396
64,1396
52,1396
1334,1399
1324,1399
1318,1399
1301,1399
1295,1399
1265,1399
1260,1399
1213,1399
1167,1399
1149,1399
1140,1399
1099,1399
1083,1399
1030,1399
966,1399
899,1399
890,1399
830,1399
807,1399
761,1399
760,1399
745,1399
691,1399
660,1399
629,1399
584,1399
476,1399
455,1399
357,1399
301,1399
286,1399
260,1399
195,1399
120,1399
84,1399
1303,1401
1178,1401
1108,1401
1067,1401
1063,1401
1055,1401
1045,1401
1022,1401
1014,1401
992,1401
935,1401
909,1401
853,1401
823,1401
780,1401
771,1401
728,1401
702,1401
690,1401
507,1401
445,1401
442,1401
396,1401
376,1401
367,1401
341,1401
329,1401
301,1401
296,1401
294,1401
277,1401
268,1401
211,1401
164,1401
154,1401
1344,1402
1343,1402
1336,1402
1335,1402
1111,1402
1100,1402
955,1402
824,1402
814,1402
728,1402
705,1402
702,1402
688,1402
665,1402
629,1402
507,1402
477,1402
452,1402
442,1402
404,1402
400,1402
392,1402
390,1402
387,1402
367,1402
365,1402
347,1402
341,1402
326,1402
324,1402
296,1402
124,1402
97,1402
50,1402
9,1402
1337,1403
1329,1403
1318,1403
1268,1403
1249,1403
1221,1403
1150,1403
1141,1403
1123,1403
1048,1403
998,1403
901,1403
824,1403
779,1403
750,1403
724,1403
700,1403
688,1403
645,1403
636,1403
453,1403
438,1403
418,1403
414,1403
411,1403
392,1403
282,1403
271,1403
189,1403
175,1403
127,1403
115,1403
97,1403
49,1403
21,1403
1329,1404
1323,1404
1301,1404
1297,1404
1294,1404
1246,1404
1234,1404
1227,1404
1214,1404
1194,1404
1169,1404
1161,1404
1118,1404
1059,1404
1035,1404
1034,1404
996,1404
955,1404
916,1404
900,1404
863,1404
837,1404
769,1404
694,1404
619,1404
575,1404
500,1404
446,1404
317,1404
181,1404
111,1404
82,1404
34,1404
23,1404
22,1404
1284,1405
1267,1405
1250,1405
1248,1405
1187,1405
1147,1405
1101,1405
1059,1405
1029,1405
1012,1405
995,1405
938,1405
929,1405
873,1405
868,1405
859,1405
846,1405
828,1405
801,1405
731,1405
629,1405
628,1405
600,1405
530,1405
526,1405
495,1405
478,1405
456,1405
417,1405
367,1405
309,1405
293,1405
284,1405
267,1405
49,1405
1341,1406
1280,1406
1254,1406
1250,1406
1194,1406
1160,1406
1122,1406
1106,1406
1101,1406
1075,1406
1067,1406
1059,1406
1057,1406
1029,1406
981,1406
939,1406
873,1406
861,1406
763,1406
731,1406
637,1406
600,1406
546,1406
456,1406
454,1406
417,1406
356,1406
301,1406
279,1406
271,1406
233,1406
232,1406
40,1406
35,1406
23,1406
1284,1407
1267,1407
1263,1407
1260,1407
1248,1407
1236,1407
1187,1407
1186,1407
1159,1407
1069,1407
1015,1407
1012,1407
995,1407
992,1407
963,1407
938,1407
937,1407
909,1407
846,1407
838,1407
817,1407
788,1407
772,1407
696,1407
690,1407
675,1407
658,1407
629,1407
564,1407
495,1407
478,1407
352,1407
268,1407
52,1407
49,1407
1310,1408
1301,1408
1286,1408
1183,1408
1162,1408
1150,1408
1061,1408
928,1408
904,1408
840,1408
834,1408
826,1408
742,1408
673,1408
554,1408
545,1408
491,1408
457,1408
449,1408
426,1408
424,1408
318,1408
246,1408
237,1408
229,1408
223,1408
201,1408
160,1408
145,1408
133,1408
79,1408
42,1408
36,1408
24,1408
12,1408
1321,1409
1265,1409
1173,1409
1159,1409
1098,1409
1094,1409
1077,1409
1067,1409
1057,1409
1047,1409
1033,1409
993,1409
992,1409
963,1409
938,1409
937,1409
909,1409
851,1409
846,1409
839,1409
788,1409
744,1409
696,1409
675,1409
658,1409
629,1409
479,1409
470,1409
335,1409
301,1409
268,1409
260,1409
204,1409
154,1409
13,1409
1322,1410
1280,1410
1250,1410
1179,1410
1160,1410
1122,1410
1120,1410
1101,1410
1094,1410
1075,1410
1067,1410
1059,1410
1057,1410
1031,1410
1029,1410
993,1410
937,1410
918,1410
873,1410
763,1410
731,1410
600,1410
546,1410
361,1410
356,1410
301,1410
279,1410
269,1410
267,1410
233,1410
185,1410
158,1410
61,1410
40,1410
35,1410
1178,1411
1067,1411
1055,1411
1053,1411
1047,1411
1043,1411
1040,1411
1022,1411
992,1411
969,1411
937,1411
935,1411
909,1411
874,1411
812,1411
800,1411
772,1411
726,1411
711,1411
702,1411
620,1411
510,1411
507,1411
495,1411
466,1411
418,1411
365,1411
359,1411
340,1411
335,1411
324,1411
285,1411
260,1411
204,1411
72,1411
1305,1412
1267,1412
1265,1412
1229,1412
1214,1412
1181,1412
1149,1412
1140,1412
1099,1412
1092,1412
1083,1412
1064,1412
1061,1412
1056,1412
1045,1412
992,1412
864,1412
848,1412
819,1412
792,1412
781,1412
777,1412
775,1412
750,1412
735,1412
728,1412
663,1412
660,1412
545,1412
510,1412
496,1412
468,1412
423,1412
211,1412
77,1412
1245,1413
1213,1413
1196,1413
1164,1413
1111,1413
1108,1413
1060,1413
1026,1413
1020,1413
1004,1413
971,1413
899,1413
823,1413
787,1413
786,1413
785,1413
749,1413
679,1413
664,1413
652,1413
606,1413
570,1413
390,1413
303,1413
294,1413
289,1413
195,1413
164,1413
102,1413
82,1413
66,1413
64,1413
56,1413
55,1413
25,1413
1284,1414
1281,1414
1259,1414
1255,1414
1246,1414
1229,1414
1181,1414
1139,1414
1133,1414
1128,1414
1057,1414
1012,1414
1010,1414
979,1414
965,1414
947,1414
941,1414
900,1414
858,1414
851,1414
848,1414
833,1414
826,1414
792,1414
789,1414
717,1414
715,1414
663,1414
611,1414
588,1414
472,1414
293,1414
258,1414
168,1414
154,1414
1284,1415
1246,1415
1212,1415
1185,1415
1150,1415
1122,1415
1057,1415
1001,1415
996,1415
965,1415
963,1415
952,1415
943,1415
926,1415
918,1415
878,1415
873,1415
858,1415
848,1415
844,1415
820,1415
789,1415
776,1415
577,1415
481,1415
409,1415
267,1415
233,1415
222,1415
168,1415
118,1415
39,1415
33,1415
27,1415
15,1415
1300,1416
1232,1416
1216,1416
1213,1416
1174,1416
1111,1416
1108,1416
1043,1416
1042,1416
1032,1416
989,1416
918,1416
778,1416
770,1416
749,1416
728,1416
679,1416
636,1416
620,1416
570,1416
507,1416
447,1416
442,1416
416,1416
413,1416
382,1416
367,1416
326,1416
324,1416
320,1416
317,1416
295,1416
294,1416
235,1416
120,1416
1266,1417
1265,1417
1181,1417
1149,1417
1140,1417
1099,1417
1087,1417
1076,1417
1072,1417
1064,1417
1038,1417
929,1417
916,1417
899,1417
888,1417
882,1417
807,1417
775,1417
716,1417
710,1417
700,1417
694,1417
672,1417
663,1417
660,1417
652,1417
646,1417
629,1417
600,1417
590,1417
423,1417
406,1417
397,1417
349,1417
111,1417
1284,1418
1267,1418
1265,1418
1251,1418
1236,1418
1159,1418
1105,1418
1098,1418
1067,1418
1053,1418
1013,1418
1010,1418
938,1418
932,1418
925,1418
909,1418
846,1418
839,1418
838,1418
821,1418
817,1418
806,1418
707,1418
696,1418
690,1418
675,1418
658,1418
644,1418
479,1418
352,1418
268,1418
128,1418
54,1418
19,1418
13,1418
1283,1419
1271,1419
1206,1419
1170,1419
880,1419
816,1419
774,1419
766,1419
746,1419
670,1419
598,1419
544,1419
515,1419
498,1419
493,1419
489,1419
473,1419
471,1419
467,1419
441,1419
369,1419
348,1419
248,1419
228,1419
225,1419
218,1419
186,1419
155,1419
146,1419
131,1419
130,1419
121,1419
113,1419
87,1419
68,1419
1233,1420
1150,1420
1097,1420
1087,1420
1048,1420
1022,1420
1014,1420
952,1420
948,1420
904,1420
900,1420
766,1420
610,1420
578,1420
527,1420
520,1420
511,1420
496,1420
483,1420
434,1420
429,1420
367,1420
311,1420
293,1420
286,1420
260,1420
251,1420
204,1420
189,1420
170,1420
138,1420
133,1420
106,1420
17,1420
12,1420
1283,1421
1271,1421
1206,1421
1170,1421
880,1421
816,1421
774,1421
766,1421
746,1421
670,1421
598,1421
544,1421
498,1421
493,1421
489,1421
473,1421
471,1421
467,1421
441,1421
369,1421
348,1421
248,1421
228,1421
225,1421
218,1421
186,1421
155,1421
146,1421
145,1421
131,1421
130,1421
121,1421
113,1421
87,1421
68,1421
1283,1422
1271,1422
1232,1422
1206,1422
880,1422
816,1422
774,1422
766,1422
746,1422
598,1422
544,1422
498,1422
493,1422
489,1422
473,1422
471,1422
467,1422
441,1422
369,1422
348,1422
248,1422
228,1422
225,1422
218,1422
211,1422
186,1422
167,1422
155,1422
146,1422
131,1422
130,1422
121,1422
113,1422
87,1422
68,1422
774,1423
766,1423
746,1423
68,1423
670,1423
131,1423
598,1423
544,1423
518,1423
498,1423
493,1423
489,1423
1283,1423
1271,1423
473,1423
471,1423
467,1423
441,1423
1206,1423
1170,1423
369,1423
348,1423
248,1423
228,1423
225,1423
218,1423
186,1423
155,1423
146,1423
130,1423
121,1423
113,1423
87,1423
880,1423
816,1423
1347,1425
1256,1425
1214,1425
1161,1425
1097,1425
1092,1425
973,1425
967,1425
946,1425
944,1425
867,1425
860,1425
766,1425
750,1425
719,1425
593,1425
588,1425
550,1425
512,1425
506,1425
474,1425
419,1425
375,1425
308,1425
271,1425
261,1425
251,1425
240,1425
237,1425
204,1425
194,1425
166,1425
141,1425
122,1425
6,1425
1284,1427
1267,1427
1265,1427
1251,1427
1236,1427
1159,1427
1105,1427
1098,1427
1067,1427
1053,1427
1013,1427
1010,1427
938,1427
932,1427
925,1427
909,1427
846,1427
839,1427
838,1427
821,1427
817,1427
806,1427
707,1427
696,1427
690,1427
675,1427
658,1427
644,1427
479,1427
352,1427
268,1427
128,1427
54,1427
19,1427
13,1427
1330,1428
1301,1428
1271,1428
1254,1428
1199,1428
1074,1428
1021,1428
1000,1428
946,1428
834,1428
806,1428
800,1428
781,1428
762,1428
750,1428
692,1428
667,1428
610,1428
438,1428
423,1428
321,1428
308,1428
293,1428
257,1428
238,1428
201,1428
190,1428
167,1428
155,1428
153,1428
147,1428
113,1428
99,1428
64,1428
34,1428
25,1428
774,1429
766,1429
746,1429
68,1429
670,1429
131,1429
145,1429
598,1429
248,1429
544,1429
503,1429
498,1429
493,1429
489,1429
1283,1429
1271,1429
471,1429
467,1429
441,1429
1206,1429
1170,1429
369,1429
348,1429
473,1429
228,1429
225,1429
218,1429
186,1429
155,1429
130,1429
121,1429
113,1429
87,1429
880,1429
816,1429
1284,1430
1255,1430
1188,1430
1146,1430
1122,1430
1114,1430
1057,1430
1012,1430
1010,1430
1006,1430
995,1430
951,1430
858,1430
855,1430
851,1430
843,1430
717,1430
611,1430
599,1430
592,1430
402,1430
333,1430
278,1430
270,1430
250,1430
229,1430
189,1430
151,1430
118,1430
93,1430
90,1430
41,1430
15,1430
7,1430
6,1430
1284,1431
1267,1431
1265,1431
1251,1431
1236,1431
1178,1431
1159,1431
1105,1431
1098,1431
1067,1431
1040,1431
1013,1431
1010,1431
938,1431
925,1431
909,1431
846,1431
839,1431
838,1431
821,1431
817,1431
806,1431
726,1431
707,1431
696,1431
690,1431
675,1431
658,1431
644,1431
498,1431
479,1431
352,1431
268,1431
19,1431
13,1431
1284,1432
1267,1432
1265,1432
1251,1432
1236,1432
1159,1432
1105,1432
1098,1432
1067,1432
1066,1432
1053,1432
1013,1432
1010,1432
938,1432
925,1432
909,1432
846,1432
839,1432
838,1432
821,1432
817,1432
806,1432
707,1432
696,1432
690,1432
675,1432
658,1432
644,1432
479,1432
352,1432
268,1432
128,1432
87,1432
19,1432
13,1432
707,1433
657,1433
1339,1433
1330,1433
1288,1433
479,1433
1271,1433
1240,1433
434,1433
1192,1433
1178,1433
373,1433
323,1433
310,1433
1105,1433
489,1433
1088,1433
1022,1433
1014,1433
1013,1433
159,1433
147,1433
141,1433
935,1433
932,1433
893,1433
86,1433
85,1433
870,1433
72,1433
52,1433
815,1433
812,1433
4,1433
800,1433
1343,1434
1121,1434
1113,1434
1087,1434
1084,1434
1082,1434
1077,1434
988,1434
922,1434
896,1434
893,1434
803,1434
720,1434
713,1434
672,1434
616,1434
525,1434
504,1434
496,1434
483,1434
436,1434
406,1434
394,1434
369,1434
352,1434
333,1434
250,1434
249,1434
168,1434
153,1434
152,1434
141,1434
95,1434
78,1434
21,1434
680,1435
312,1435
643,1435
641,1435
623,1435
202,1435
1013,1435
1310,1435
502,1435
483,1435
1277,1435
475,1435
354,1435
437,1435
422,1435
1163,1435
263,1435
246,1435
235,1435
217,1435
215,1435
173,1435
165,1435
154,1435
950,1435
928,1435
904,1435
106,1435
617,1435
79,1435
54,1435
847,1435
840,1435
16,1435
11,1435
1338,1436
1336,1436
1317,1436
1200,1436
1193,1436
1111,1436
1108,1436
1071,1436
1043,1436
814,1436
813,1436
785,1436
728,1436
702,1436
620,1436
593,1436
550,1436
512,1436
507,1436
477,1436
451,1436
442,1436
404,1436
392,1436
390,1436
367,1436
365,1436
347,1436
317,1436
277,1436
245,1436
183,1436
124,1436
55,1436
9,1436
1349,1437
1045,1437
973,1437
935,1437
928,1437
904,1437
867,1437
861,1437
841,1437
822,1437
792,1437
617,1437
589,1437
588,1437
563,1437
527,1437
429,1437
386,1437
255,1437
212,1437
211,1437
198,1437
197,1437
189,1437
170,1437
165,1437
159,1437
156,1437
154,1437
138,1437
134,1437
74,1437
17,1437
12,1437
11,1437
1284,1438
1267,1438
1265,1438
1251,1438
1236,1438
1178,1438
1159,1438
1105,1438
1098,1438
1067,1438
1040,1438
1013,1438
1010,1438
938,1438
925,1438
909,1438
846,1438
839,1438
838,1438
821,1438
817,1438
806,1438
726,1438
707,1438
696,1438
690,1438
675,1438
658,1438
644,1438
498,1438
479,1438
352,1438
268,1438
19,1438
13,1438
1283,1439
1206,1439
1170,1439
1136,1439
880,1439
816,1439
774,1439
766,1439
746,1439
670,1439
598,1439
544,1439
518,1439
498,1439
489,1439
473,1439
471,1439
467,1439
441,1439
369,1439
348,1439
248,1439
228,1439
225,1439
218,1439
186,1439
171,1439
167,1439
145,1439
131,1439
130,1439
121,1439
113,1439
87,1439
68,1439
1274,1440
1250,1440
1204,1440
1160,1440
1136,1440
1128,1440
1101,1440
1029,1440
880,1440
873,1440
816,1440
766,1440
746,1440
731,1440
599,1440
581,1440
565,1440
541,1440
527,1440
525,1440
515,1440
508,1440
503,1440
484,1440
429,1440
421,1440
377,1440
369,1440
271,1440
269,1440
171,1440
146,1440
93,1440
23,1440
12,1440
1283,1441
1250,1441
1242,1441
1232,1441
1187,1441
1162,1441
1131,1441
1126,1441
1059,1441
928,1441
834,1441
767,1441
750,1441
742,1441
647,1441
643,1441
580,1441
568,1441
545,1441
544,1441
505,1441
499,1441
493,1441
441,1441
440,1441
424,1441
375,1441
345,1441
271,1441
251,1441
248,1441
218,1441
23,1441
12,1441
3,1441
1344,1442
1332,1442
1329,1442
1320,1442
1312,1442
1304,1442
1224,1442
982,1442
972,1442
970,1442
962,1442
955,1442
916,1442
882,1442
724,1442
671,1442
639,1442
619,1442
593,1442
552,1442
550,1442
548,1442
534,1442
512,1442
446,1442
413,1442
387,1442
276,1442
274,1442
253,1442
178,1442
176,1442
109,1442
105,1442
44,1442
1349,1443
1159,1443
1047,1443
1033,1443
1002,1443
977,1443
963,1443
945,1443
894,1443
867,1443
861,1443
839,1443
838,1443
817,1443
816,1443
812,1443
800,1443
675,1443
658,1443
589,1443
529,1443
518,1443
510,1443
503,1443
352,1443
324,1443
268,1443
260,1443
250,1443
219,1443
149,1443
140,1443
74,1443
7,1443
6,1443
1302,1444
1301,1444
1294,1444
1232,1444
1197,1444
1187,1444
1183,1444
1124,1444
1013,1444
999,1444
928,1444
904,1444
869,1444
747,1444
742,1444
643,1444
642,1444
641,1444
623,1444
502,1444
464,1444
449,1444
428,1444
411,1444
386,1444
375,1444
372,1444
354,1444
346,1444
312,1444
246,1444
79,1444
12,1444
11,1444
3,1444
774,1445
766,1445
746,1445
68,1445
670,1445
131,1445
598,1445
544,1445
518,1445
498,1445
493,1445
489,1445
1283,1445
1271,1445
473,1445
471,1445
467,1445
441,1445
1206,1445
1170,1445
369,1445
348,1445
248,1445
228,1445
225,1445
218,1445
186,1445
167,1445
155,1445
130,1445
121,1445
113,1445
87,1445
880,1445
816,1445
680,1446
312,1446
643,1446
641,1446
623,1446
617,1446
202,1446
1013,1446
1310,1446
502,1446
1277,1446
475,1446
354,1446
437,1446
422,1446
1163,1446
483,1446
263,1446
246,1446
235,1446
217,1446
215,1446
173,1446
165,1446
154,1446
950,1446
928,1446
904,1446
106,1446
79,1446
54,1446
847,1446
840,1446
16,1446
11,1446
1339,1447
1319,1447
1290,1447
1217,1447
1056,1447
1027,1447
967,1447
955,1447
896,1447
893,1447
864,1447
833,1447
815,1447
787,1447
773,1447
763,1447
748,1447
714,1447
680,1447
480,1447
428,1447
426,1447
413,1447
405,1447
388,1447
192,1447
186,1447
183,1447
99,1447
86,1447
85,1447
73,1447
66,1447
52,1447
10,1447
1344,1448
1306,1448
1294,1448
1293,1448
1134,1448
1123,1448
1099,1448
1076,1448
901,1448
899,1448
890,1448
762,1448
745,1448
699,1448
679,1448
672,1448
671,1448
653,1448
616,1448
583,1448
472,1448
411,1448
387,1448
385,1448
342,1448
327,1448
320,1448
289,1448
273,1448
196,1448
195,1448
177,1448
122,1448
97,1448
48,1448
1284,1449
1267,1449
1265,1449
1251,1449
1236,1449
1159,1449
1105,1449
1098,1449
1067,1449
1053,1449
1013,1449
1010,1449
938,1449
932,1449
925,1449
909,1449
846,1449
839,1449
838,1449
821,1449
817,1449
806,1449
707,1449
696,1449
690,1449
675,1449
658,1449
644,1449
479,1449
352,1449
268,1449
128,1449
54,1449
19,1449
13,1449
171,1450
1183,1450
387,1450
455,1450
141,1450
231,1450
223,1450
210,1450
207,1450
198,1450
187,1450
976,1450
159,1450
1348,1450
1344,1450
147,1450
935,1450
917,1450
1310,1450
515,1450
93,1450
489,1450
486,1450
485,1450
1274,1450
862,1450
457,1450
762,1450
848,1450
447,1450
1239,1450
841,1450
1216,1450
411,1450
1199,1450
1197,1451
1148,1451
1013,1451
925,1451
904,1451
840,1451
747,1451
680,1451
643,1451
641,1451
623,1451
502,1451
498,1451
475,1451
449,1451
437,1451
426,1451
424,1451
375,1451
354,1451
351,1451
330,1451
312,1451
263,1451
246,1451
223,1451
215,1451
174,1451
173,1451
122,1451
96,1451
79,1451
74,1451
42,1451
33,1451
1343,1452
1284,1452
1227,1452
1196,1452
1122,1452
1085,1452
990,1452
923,1452
858,1452
855,1452
842,1452
841,1452
836,1452
769,1452
753,1452
670,1452
541,1452
531,1452
476,1452
462,1452
395,1452
332,1452
255,1452
252,1452
229,1452
227,1452
212,1452
175,1452
159,1452
102,1452
70,1452
54,1452
42,1452
15,1452
12,1452
1280,1453
1250,1453
1221,1453
1114,1453
1077,1453
1074,1453
1059,1453
1029,1453
993,1453
939,1453
930,1453
851,1453
833,1453
763,1453
762,1453
752,1453
731,1453
681,1453
645,1453
588,1453
500,1453
454,1453
402,1453
356,1453
273,1453
271,1453
256,1453
232,1453
163,1453
160,1453
119,1453
91,1453
75,1453
40,1453
35,1453
1303,1454
1138,1454
1135,1454
1108,1454
1086,1454
1063,1454
1025,1454
1004,1454
998,1454
913,1454
912,1454
853,1454
823,1454
703,1454
684,1454
598,1454
569,1454
411,1454
389,1454
388,1454
383,1454
376,1454
341,1454
340,1454
327,1454
301,1454
299,1454
296,1454
253,1454
169,1454
164,1454
56,1454
41,1454
34,1454
23,1454
1338,1455
1327,1455
1321,1455
1203,1455
1180,1455
1159,1455
963,1455
951,1455
946,1455
942,1455
909,1455
890,1455
846,1455
799,1455
727,1455
713,1455
704,1455
675,1455
659,1455
628,1455
621,1455
552,1455
504,1455
470,1455
398,1455
349,1455
324,1455
312,1455
305,1455
274,1455
268,1455
168,1455
142,1455
109,1455
95,1455
1326,1456
1284,1456
1267,1456
1265,1456
1251,1456
1236,1456
1178,1456
1159,1456
1105,1456
1098,1456
1067,1456
1040,1456
1022,1456
1013,1456
1010,1456
938,1456
909,1456
880,1456
846,1456
839,1456
838,1456
817,1456
726,1456
707,1456
696,1456
675,1456
658,1456
644,1456
640,1456
498,1456
479,1456
352,1456
268,1456
123,1456
19,1456
13,1456
1338,1457
1321,1457
1275,1457
1255,1457
1186,1457
1178,1457
1121,1457
1106,1457
1057,1457
987,1457
856,1457
727,1457
713,1457
665,1457
654,1457
628,1457
534,1457
513,1457
504,1457
484,1457
478,1457
470,1457
467,1457
456,1457
325,1457
310,1457
282,1457
239,1457
168,1457
123,1457
95,1457
82,1457
65,1457
52,1457
32,1457
1343,1458
1322,1458
1301,1458
1260,1458
1246,1458
1212,1458
1186,1458
1172,1458
1096,1458
1080,1458
1032,1458
1030,1458
1015,1458
939,1458
824,1458
801,1458
772,1458
724,1458
688,1458
549,1458
500,1458
493,1458
455,1458
443,1458
388,1458
342,1458
304,1458
301,1458
286,1458
195,1458
161,1458
37,1458
23,1458
21,1458
10,1458
1328,1459
1321,1459
1310,1459
1292,1459
1291,1459
1269,1459
1236,1459
1206,1459
1175,1459
1150,1459
1144,1459
1137,1459
957,1459
906,1459
848,1459
832,1459
821,1459
816,1459
815,1459
762,1459
690,1459
614,1459
552,1459
544,1459
523,1459
498,1459
425,1459
318,1459
274,1459
269,1459
236,1459
234,1459
162,1459
134,1459
22,1459
1310,1460
1283,1460
1163,1460
957,1460
935,1460
841,1460
563,1460
474,1460
440,1460
362,1460
261,1460
255,1460
247,1460
242,1460
228,1460
221,1460
220,1460
212,1460
211,1460
209,1460
205,1460
197,1460
194,1460
165,1460
159,1460
156,1460
150,1460
137,1460
134,1460
130,1460
128,1460
121,1460
113,1460
110,1460
107,1460
1266,1461
1255,1461
1250,1461
1249,1461
1227,1461
1222,1461
1220,1461
1173,1461
1128,1461
1106,1461
1101,1461
1079,1461
1019,1461
993,1461
972,1461
854,1461
805,1461
762,1461
731,1461
714,1461
681,1461
666,1461
637,1461
627,1461
577,1461
546,1461
535,1461
454,1461
289,1461
253,1461
233,1461
168,1461
166,1461
76,1461
12,1461
1271,1462
1255,1462
1180,1462
1133,1462
1012,1462
900,1462
858,1462
851,1462
841,1462
816,1462
774,1462
766,1462
746,1462
717,1462
716,1462
670,1462
638,1462
611,1462
599,1462
588,1462
515,1462
489,1462
377,1462
348,1462
271,1462
269,1462
248,1462
186,1462
159,1462
145,1462
93,1462
90,1462
87,1462
54,1462
7,1462
680,1463
312,1463
643,1463
641,1463
623,1463
202,1463
1013,1463
1310,1463
502,1463
483,1463
1277,1463
475,1463
354,1463
437,1463
422,1463
1163,1463
263,1463
246,1463
235,1463
217,1463
215,1463
173,1463
165,1463
154,1463
950,1463
928,1463
904,1463
106,1463
617,1463
79,1463
54,1463
847,1463
840,1463
16,1463
11,1463
1321,1464
1236,1464
1226,1464
1212,1464
1114,1464
1080,1464
1079,1464
1047,1464
1006,1464
912,1464
863,1464
854,1464
768,1464
739,1464
699,1464
691,1464
624,1464
598,1464
573,1464
561,1464
558,1464
554,1464
545,1464
503,1464
468,1464
438,1464
391,1464
282,1464
273,1464
202,1464
201,1464
172,1464
119,1464
106,1464
85,1464
1206,1465
1199,1465
1167,1465
957,1465
880,1465
816,1465
774,1465
746,1465
716,1465
670,1465
644,1465
518,1465
498,1465
489,1465
473,1465
441,1465
440,1465
435,1465
271,1465
269,1465
248,1465
246,1465
228,1465
218,1465
211,1465
186,1465
167,1465
146,1465
145,1465
135,1465
130,1465
121,1465
113,1465
99,1465
87,1465
1339,1466
1288,1466
1244,1466
1240,1466
1178,1466
1105,1466
1042,1466
1022,1466
1014,1466
978,1466
931,1466
915,1466
893,1466
888,1466
815,1466
812,1466
802,1466
771,1466
762,1466
707,1466
666,1466
657,1466
616,1466
479,1466
413,1466
382,1466
379,1466
373,1466
186,1466
169,1466
161,1466
97,1466
85,1466
72,1466
52,1466
1294,1467
1293,1467
1217,1467
1167,1467
1077,1467
1046,1467
1038,1467
1035,1467
1027,1467
1024,1467
917,1467
906,1467
899,1467
896,1467
887,1467
879,1467
802,1467
791,1467
787,1467
781,1467
777,1467
775,1467
773,1467
771,1467
763,1467
680,1467
677,1467
575,1467
480,1467
428,1467
426,1467
423,1467
288,1467
66,1467
42,1467
792,1468
776,1468
764,1468
747,1468
736,1468
734,1468
643,1468
641,1468
159,1468
202,1468
263,1468
1301,1468
469,1468
354,1468
437,1468
1190,1468
1144,1468
489,1468
1062,1468
262,1468
261,1468
246,1468
231,1468
1013,1468
208,1468
206,1468
194,1468
165,1468
945,1468
128,1468
122,1468
110,1468
81,1468
841,1468
16,1468
1321,1469
1283,1469
1136,1469
1113,1469
1062,1469
1033,1469
935,1469
916,1469
839,1469
692,1469
654,1469
617,1469
552,1469
544,1469
543,1469
523,1469
489,1469
483,1469
475,1469
274,1469
255,1469
250,1469
249,1469
248,1469
218,1469
212,1469
211,1469
208,1469
205,1469
197,1469
166,1469
165,1469
156,1469
128,1469
90,1469
1333,1470
1295,1470
1293,1470
1280,1470
1274,1470
1268,1470
1249,1470
1173,1470
1159,1470
1140,1470
1124,1470
1099,1470
1065,1470
1060,1470
1048,1470
842,1470
821,1470
769,1470
716,1470
686,1470
679,1470
628,1470
598,1470
462,1470
293,1470
266,1470
227,1470
204,1470
178,1470
175,1470
154,1470
145,1470
63,1470
46,1470
24,1470
1206,1471
1187,1471
1178,1471
1149,1471
1145,1471
1098,1471
1073,1471
1057,1471
1049,1471
1040,1471
1033,1471
1028,1471
994,1471
907,1471
877,1471
851,1471
746,1471
736,1471
726,1471
611,1471
518,1471
504,1471
500,1471
498,1471
487,1471
467,1471
330,1471
282,1471
189,1471
146,1471
90,1471
85,1471
68,1471
21,1471
12,1471
1284,1472
1239,1472
1233,1472
1217,1472
1142,1472
1012,1472
839,1472
747,1472
720,1472
687,1472
599,1472
593,1472
592,1472
575,1472
554,1472
550,1472
512,1472
507,1472
496,1472
475,1472
440,1472
260,1472
237,1472
225,1472
217,1472
204,1472
197,1472
193,1472
154,1472
147,1472
106,1472
74,1472
42,1472
22,1472
11,1472
1231,1473
1227,1473
1223,1473
1157,1473
1153,1473
1150,1473
1147,1473
1130,1473
1128,1473
1124,1473
1012,1473
965,1473
944,1473
922,1473
918,1473
913,1473
871,1473
844,1473
832,1473
826,1473
822,1473
821,1473
819,1473
818,1473
797,1473
794,1473
776,1473
762,1473
715,1473
663,1473
644,1473
490,1473
289,1473
168,1473
110,1473
1284,1474
1267,1474
1265,1474
1251,1474
1236,1474
1159,1474
1105,1474
1098,1474
1067,1474
1053,1474
1013,1474
1010,1474
938,1474
932,1474
925,1474
909,1474
846,1474
839,1474
838,1474
821,1474
817,1474
806,1474
707,1474
696,1474
690,1474
675,1474
658,1474
644,1474
479,1474
352,1474
268,1474
128,1474
54,1474
19,1474
13,1474
766,1475
746,1475
68,1475
113,1475
599,1475
598,1475
544,1475
515,1475
503,1475
498,1475
493,1475
489,1475
467,1475
441,1475
1206,1475
1201,1475
1180,1475
348,1475
1136,1475
473,1475
1271,1475
271,1475
248,1475
228,1475
218,1475
174,1475
155,1475
141,1475
136,1475
131,1475
121,1475
93,1475
87,1475
880,1475
816,1475
1342,1476
1329,1476
1276,1476
1256,1476
1241,1476
1202,1476
1133,1476
955,1476
952,1476
903,1476
864,1476
861,1476
667,1476
661,1476
569,1476
513,1476
446,1476
445,1476
444,1476
442,1476
413,1476
384,1476
341,1476
339,1476
327,1476
290,1476
275,1476
188,1476
109,1476
98,1476
58,1476
56,1476
46,1476
19,1476
6,1476
1180,1477
1001,1477
928,1477
880,1477
816,1477
670,1477
638,1477
609,1477
599,1477
544,1477
541,1477
539,1477
527,1477
520,1477
518,1477
515,1477
511,1477
493,1477
489,1477
487,1477
473,1477
441,1477
429,1477
377,1477
369,1477
348,1477
270,1477
269,1477
248,1477
235,1477
218,1477
215,1477
173,1477
145,1477
93,1477
1302,1478
1301,1478
1292,1478
1183,1478
999,1478
990,1478
925,1478
753,1478
692,1478
643,1478
642,1478
617,1478
554,1478
539,1478
531,1478
449,1478
426,1478
424,1478
420,1478
378,1478
375,1478
372,1478
346,1478
312,1478
257,1478
246,1478
238,1478
230,1478
223,1478
219,1478
172,1478
148,1478
142,1478
79,1478
1,1478
767,1479
736,1479
734,1479
654,1479
647,1479
592,1479
557,1479
1321,1479
513,1479
505,1479
501,1479
1242,1479
1226,1479
1190,1479
333,1479
1121,1479
1116,1479
272,1479
270,1479
543,1479
250,1479
235,1479
216,1479
994,1479
187,1479
157,1479
945,1479
143,1479
136,1479
921,1479
914,1479
88,1479
76,1479
868,1479
6,1479
1352,1480
1286,1480
1284,1480
1240,1480
1178,1480
1167,1480
1105,1480
1088,1480
1051,1480
1022,1480
966,1480
964,1480
963,1480
961,1480
932,1480
928,1480
830,1480
800,1480
707,1480
680,1480
655,1480
644,1480
633,1480
617,1480
479,1480
434,1480
428,1480
357,1480
273,1480
202,1480
186,1480
179,1480
92,1480
72,1480
1,1480
1339,1481
1333,1481
1330,1481
1240,1481
1136,1481
1133,1481
1105,1481
1022,1481
1014,1481
815,1481
800,1481
746,1481
716,1481
707,1481
657,1481
599,1481
598,1481
479,1481
435,1481
421,1481
411,1481
373,1481
369,1481
324,1481
271,1481
225,1481
186,1481
171,1481
145,1481
87,1481
86,1481
85,1481
72,1481
52,1481
4,1481
1344,1482
1334,1482
1290,1482
1217,1482
1111,1482
1044,1482
1042,1482
987,1482
955,1482
856,1482
824,1482
814,1482
728,1482
702,1482
688,1482
665,1482
507,1482
477,1482
442,1482
413,1482
404,1482
400,1482
392,1482
387,1482
384,1482
367,1482
365,1482
347,1482
324,1482
317,1482
183,1482
178,1482
124,1482
80,1482
9,1482
1352,1483
1286,1483
1163,1483
966,1483
964,1483
961,1483
928,1483
838,1483
830,1483
820,1483
817,1483
800,1483
711,1483
658,1483
650,1483
554,1483
545,1483
499,1483
470,1483
452,1483
437,1483
433,1483
352,1483
345,1483
263,1483
250,1483
230,1483
209,1483
201,1483
193,1483
179,1483
92,1483
86,1483
36,1483
28,1483
1284,1484
1267,1484
1265,1484
1251,1484
1236,1484
1178,1484
1159,1484
1105,1484
1098,1484
1067,1484
1040,1484
1013,1484
1010,1484
938,1484
925,1484
909,1484
846,1484
839,1484
838,1484
821,1484
817,1484
806,1484
726,1484
696,1484
690,1484
675,1484
658,1484
644,1484
498,1484
479,1484
352,1484
268,1484
128,1484
19,1484
13,1484
1275,1485
1206,1485
1002,1485
919,1485
816,1485
670,1485
653,1485
623,1485
540,1485
518,1485
515,1485
503,1485
498,1485
441,1485
438,1485
432,1485
372,1485
371,1485
346,1485
247,1485
232,1485
226,1485
218,1485
206,1485
194,1485
190,1485
172,1485
140,1485
137,1485
136,1485
135,1485
132,1485
96,1485
70,1485
69,1485
680,1486
312,1486
643,1486
641,1486
623,1486
202,1486
1013,1486
1310,1486
502,1486
483,1486
1277,1486
475,1486
354,1486
437,1486
1163,1486
263,1486
246,1486
235,1486
217,1486
215,1486
173,1486
165,1486
154,1486
950,1486
928,1486
904,1486
106,1486
617,1486
79,1486
54,1486
847,1486
840,1486
16,1486
11,1486
0,1486
1310,1487
1207,1487
1198,1487
1173,1487
1136,1487
1062,1487
1012,1487
977,1487
935,1487
928,1487
882,1487
805,1487
720,1487
692,1487
557,1487
554,1487
545,1487
544,1487
543,1487
499,1487
492,1487
489,1487
403,1487
348,1487
257,1487
238,1487
237,1487
208,1487
201,1487
193,1487
144,1487
142,1487
34,1487
24,1487
5,1487
1284,1488
1255,1488
1169,1488
1114,1488
1057,1488
1054,1488
1045,1488
1014,1488
1010,1488
861,1488
858,1488
855,1488
843,1488
717,1488
611,1488
592,1488
588,1488
523,1488
484,1488
438,1488
255,1488
212,1488
208,1488
207,1488
189,1488
184,1488
165,1488
160,1488
157,1488
118,1488
90,1488
29,1488
27,1488
15,1488
7,1488
680,1489
312,1489
643,1489
641,1489
623,1489
202,1489
1013,1489
1310,1489
502,1489
483,1489
1277,1489
475,1489
354,1489
437,1489
422,1489
1163,1489
263,1489
246,1489
235,1489
217,1489
215,1489
173,1489
165,1489
154,1489
950,1489
928,1489
904,1489
106,1489
617,1489
79,1489
54,1489
847,1489
840,1489
16,1489
11,1489
1135,1490
1113,1490
1084,1490
1082,1490
1043,1490
1014,1490
988,1490
977,1490
963,1490
946,1490
928,1490
900,1490
836,1490
788,1490
703,1490
692,1490
605,1490
557,1490
543,1490
489,1490
483,1490
341,1490
321,1490
249,1490
230,1490
219,1490
157,1490
152,1490
144,1490
100,1490
90,1490
34,1490
23,1490
4,1490
1,1490
1339,1491
1335,1491
1330,1491
1288,1491
1240,1491
1192,1491
1148,1491
1049,1491
1022,1491
1014,1491
936,1491
905,1491
893,1491
815,1491
812,1491
707,1491
696,1491
657,1491
479,1491
434,1491
393,1491
381,1491
373,1491
364,1491
353,1491
323,1491
319,1491
310,1491
285,1491
268,1491
186,1491
112,1491
86,1491
85,1491
52,1491
1343,1492
1319,1492
1289,1492
1274,1492
1210,1492
1202,1492
1172,1492
1155,1492
1135,1492
1129,1492
1123,1492
1108,1492
1070,1492
1064,1492
1050,1492
1045,1492
1027,1492
1009,1492
967,1492
906,1492
700,1492
686,1492
626,1492
575,1492
453,1492
442,1492
427,1492
423,1492
338,1492
318,1492
303,1492
290,1492
256,1492
192,1492
99,1492
1333,1493
1295,1493
1293,1493
1280,1493
1274,1493
1268,1493
1173,1493
1159,1493
1140,1493
1124,1493
1099,1493
1065,1493
1060,1493
1048,1493
1032,1493
842,1493
821,1493
769,1493
716,1493
686,1493
679,1493
628,1493
598,1493
462,1493
293,1493
266,1493
227,1493
204,1493
178,1493
175,1493
154,1493
145,1493
63,1493
46,1493
24,1493
1284,1494
1267,1494
1265,1494
1251,1494
1236,1494
1159,1494
1105,1494
1098,1494
1067,1494
1066,1494
1053,1494
1013,1494
1010,1494
938,1494
925,1494
909,1494
846,1494
839,1494
838,1494
821,1494
817,1494
806,1494
707,1494
696,1494
690,1494
675,1494
658,1494
644,1494
479,1494
352,1494
268,1494
128,1494
87,1494
19,1494
13,1494
1302,1495
1197,1495
1166,1495
1152,1495
1151,1495
1048,1495
985,1495
979,1495
687,1495
655,1495
643,1495
625,1495
509,1495
496,1495
468,1495
426,1495
422,1495
317,1495
311,1495
280,1495
260,1495
221,1495
214,1495
204,1495
200,1495
191,1495
149,1495
133,1495
122,1495
106,1495
74,1495
58,1495
56,1495
34,1495
27,1495
1302,1496
1301,1496
1286,1496
1183,1496
1090,1496
1013,1496
999,1496
925,1496
904,1496
840,1496
753,1496
747,1496
680,1496
643,1496
642,1496
641,1496
610,1496
531,1496
502,1496
449,1496
426,1496
375,1496
372,1496
354,1496
346,1496
316,1496
312,1496
246,1496
223,1496
174,1496
138,1496
79,1496
74,1496
42,1496
17,1496
736,1497
713,1497
640,1497
528,1497
1062,1497
504,1497
472,1497
1246,1497
1232,1497
408,1497
352,1497
1134,1497
1123,1497
1121,1497
1098,1497
1079,1497
1073,1497
255,1497
1049,1497
1033,1497
1022,1497
215,1497
212,1497
1002,1497
994,1497
173,1497
168,1497
166,1497
899,1497
95,1497
85,1497
877,1497
862,1497
861,1497
29,1497
1328,1498
1326,1498
1244,1498
1150,1498
1107,1498
1054,1498
1014,1498
998,1498
945,1498
881,1498
880,1498
783,1498
766,1498
764,1498
682,1498
641,1498
523,1498
518,1498
474,1498
438,1498
434,1498
422,1498
373,1498
309,1498
261,1498
254,1498
226,1498
224,1498
221,1498
213,1498
199,1498
194,1498
190,1498
137,1498
27,1498
1299,1499
1194,1499
1189,1499
1142,1499
1064,1499
1059,1499
965,1499
939,1499
920,1499
866,1499
865,1499
840,1499
804,1499
799,1499
797,1499
791,1499
784,1499
690,1499
604,1499
602,1499
583,1499
574,1499
571,1499
555,1499
542,1499
528,1499
513,1499
394,1499
320,1499
192,1499
184,1499
180,1499
114,1499
100,1499
64,1499
1339,1500
1330,1500
1323,1500
1297,1500
1241,1500
1180,1500
1169,1500
1046,1500
1012,1500
989,1500
837,1500
815,1500
812,1500
724,1500
707,1500
657,1500
650,1500
615,1500
466,1500
442,1500
392,1500
373,1500
367,1500
317,1500
310,1500
282,1500
186,1500
181,1500
111,1500
86,1500
85,1500
82,1500
78,1500
52,1500
4,1500
1331,1501
1304,1501
1298,1501
1288,1501
1283,1501
1201,1501
1188,1501
1113,1501
1077,1501
1053,1501
1051,1501
1007,1501
1006,1501
866,1501
846,1501
704,1501
581,1501
534,1501
528,1501
473,1501
465,1501
343,1501
335,1501
320,1501
255,1501
249,1501
226,1501
212,1501
189,1501
175,1501
174,1501
153,1501
141,1501
95,1501
70,1501
1323,1502
1259,1502
1254,1502
1250,1502
1234,1502
1227,1502
1150,1502
1123,1502
1080,1502
1019,1502
849,1502
848,1502
832,1502
728,1502
694,1502
629,1502
619,1502
575,1502
564,1502
535,1502
494,1502
491,1502
455,1502
436,1502
413,1502
278,1502
267,1502
233,1502
182,1502
157,1502
111,1502
107,1502
80,1502
23,1502
18,1502
680,1503
312,1503
643,1503
641,1503
623,1503
202,1503
1013,1503
1310,1503
502,1503
483,1503
1277,1503
475,1503
354,1503
437,1503
422,1503
1163,1503
263,1503
246,1503
235,1503
217,1503
215,1503
173,1503
165,1503
154,1503
950,1503
928,1503
904,1503
106,1503
617,1503
79,1503
54,1503
847,1503
840,1503
16,1503
11,1503
1280,1504
1214,1504
1173,1504
1171,1504
1160,1504
1074,1504
1050,1504
1019,1504
900,1504
801,1504
792,1504
766,1504
732,1504
627,1504
605,1504
598,1504
580,1504
541,1504
462,1504
380,1504
370,1504
270,1504
236,1504
198,1504
187,1504
180,1504
168,1504
143,1504
110,1504
100,1504
76,1504
53,1504
44,1504
7,1504
4,1504
1315,1505
1301,1505
1294,1505
1280,1505
1215,1505
1084,1505
964,1505
961,1505
925,1505
840,1505
788,1505
777,1505
719,1505
640,1505
480,1505
449,1505
424,1505
420,1505
344,1505
257,1505
239,1505
238,1505
230,1505
219,1505
179,1505
172,1505
148,1505
142,1505
125,1505
92,1505
79,1505
54,1505
32,1505
16,1505
1,1505
1324,1506
1323,1506
1279,1506
1258,1506
1234,1506
1213,1506
1208,1506
1195,1506
1110,1506
1081,1506
1072,1506
986,1506
908,1506
892,1506
828,1506
803,1506
768,1506
759,1506
740,1506
714,1506
679,1506
636,1506
485,1506
468,1506
427,1506
418,1506
383,1506
336,1506
294,1506
280,1506
188,1506
161,1506
116,1506
79,1506
57,1506
1283,1507
1206,1507
1008,1507
880,1507
766,1507
746,1507
655,1507
548,1507
528,1507
518,1507
498,1507
489,1507
458,1507
441,1507
440,1507
435,1507
421,1507
391,1507
348,1507
269,1507
251,1507
248,1507
246,1507
228,1507
218,1507
211,1507
171,1507
155,1507
145,1507
135,1507
130,1507
127,1507
121,1507
113,1507
87,1507
1283,1508
1271,1508
1206,1508
1170,1508
880,1508
816,1508
774,1508
766,1508
746,1508
599,1508
598,1508
544,1508
515,1508
498,1508
493,1508
489,1508
473,1508
471,1508
467,1508
441,1508
369,1508
348,1508
248,1508
228,1508
225,1508
218,1508
186,1508
155,1508
145,1508
131,1508
130,1508
121,1508
113,1508
87,1508
68,1508
1338,1509
1329,1509
1317,1509
1200,1509
1042,1509
989,1509
987,1509
824,1509
814,1509
813,1509
728,1509
702,1509
688,1509
671,1509
620,1509
507,1509
480,1509
477,1509
466,1509
451,1509
442,1509
428,1509
418,1509
413,1509
404,1509
392,1509
367,1509
365,1509
347,1509
340,1509
324,1509
317,1509
178,1509
124,1509
9,1509
1349,1510
1338,1510
1321,1510
1310,1510
1283,1510
1163,1510
957,1510
867,1510
727,1510
589,1510
563,1510
504,1510
499,1510
470,1510
440,1510
391,1510
255,1510
251,1510
249,1510
248,1510
246,1510
231,1510
218,1510
212,1510
211,1510
205,1510
201,1510
197,1510
165,1510
136,1510
130,1510
128,1510
123,1510
106,1510
87,1510
1315,1511
1274,1511
1248,1511
1194,1511
1174,1511
1160,1511
1122,1511
1101,1511
1075,1511
1065,1511
1059,1511
943,1511
922,1511
904,1511
873,1511
607,1511
600,1511
583,1511
546,1511
481,1511
476,1511
431,1511
417,1511
356,1511
306,1511
267,1511
256,1511
233,1511
198,1511
185,1511
157,1511
119,1511
75,1511
61,1511
29,1511
1310,1512
1154,1512
964,1512
961,1512
935,1512
928,1512
792,1512
742,1512
643,1512
563,1512
554,1512
545,1512
499,1512
483,1512
475,1512
345,1512
263,1512
255,1512
251,1512
223,1512
218,1512
212,1512
208,1512
204,1512
201,1512
193,1512
179,1512
165,1512
157,1512
154,1512
144,1512
137,1512
135,1512
92,1512
12,1512
1314,1513
1274,1513
1255,1513
1254,1513
1227,1513
1181,1513
1150,1513
1129,1513
1126,1513
1097,1513
1092,1513
965,1513
947,1513
941,1513
900,1513
873,1513
858,1513
746,1513
712,1513
681,1513
513,1513
494,1513
416,1513
402,1513
275,1513
243,1513
235,1513
207,1513
189,1513
168,1513
135,1513
111,1513
74,1513
27,1513
15,1513
1274,1514
1263,1514
1237,1514
1235,1514
1181,1514
1134,1514
1097,1514
1061,1514
963,1514
861,1514
766,1514
754,1514
721,1514
533,1514
518,1514
517,1514
513,1514
491,1514
484,1514
246,1514
244,1514
240,1514
207,1514
189,1514
184,1514
160,1514
156,1514
149,1514
146,1514
118,1514
74,1514
29,1514
14,1514
12,1514
11,1514
1343,1515
1340,1515
1325,1515
1274,1515
1254,1515
1253,1515
1249,1515
1243,1515
1220,1515
1180,1515
1177,1515
1133,1515
1048,1515
975,1515
965,1515
952,1515
819,1515
794,1515
716,1515
710,1515
697,1515
667,1515
635,1515
593,1515
534,1515
513,1515
512,1515
463,1515
447,1515
392,1515
360,1515
282,1515
275,1515
182,1515
88,1515
1336,1516
1317,1516
1309,1516
1285,1516
1200,1516
1193,1516
1135,1516
1111,1516
1108,1516
814,1516
785,1516
728,1516
702,1516
665,1516
620,1516
595,1516
477,1516
451,1516
442,1516
392,1516
390,1516
367,1516
365,1516
347,1516
341,1516
303,1516
294,1516
277,1516
183,1516
124,1516
108,1516
80,1516
55,1516
9,1516
8,1516
1246,1517
1231,1517
1214,1517
1194,1517
1097,1517
1065,1517
1048,1517
981,1517
955,1517
907,1517
876,1517
844,1517
837,1517
687,1517
588,1517
534,1517
512,1517
491,1517
483,1517
472,1517
422,1517
324,1517
275,1517
237,1517
227,1517
221,1517
189,1517
184,1517
181,1517
170,1517
133,1517
111,1517
18,1517
14,1517
12,1517
1202,1518
1180,1518
1168,1518
1120,1518
1111,1518
1050,1518
1036,1518
936,1518
798,1518
763,1518
762,1518
748,1518
698,1518
693,1518
648,1518
602,1518
555,1518
447,1518
417,1518
398,1518
393,1518
389,1518
385,1518
381,1518
364,1518
353,1518
182,1518
164,1518
160,1518
145,1518
116,1518
112,1518
75,1518
73,1518
23,1518
1283,1519
1271,1519
1206,1519
880,1519
816,1519
774,1519
766,1519
746,1519
720,1519
670,1519
638,1519
498,1519
489,1519
473,1519
471,1519
441,1519
421,1519
391,1519
378,1519
369,1519
271,1519
269,1519
249,1519
248,1519
246,1519
237,1519
228,1519
225,1519
218,1519
186,1519
145,1519
121,1519
113,1519
87,1519
11,1519
1272,1520
1260,1520
1235,1520
1133,1520
1096,1520
1061,1520
1052,1520
943,1520
876,1520
861,1520
859,1520
792,1520
774,1520
737,1520
716,1520
588,1520
572,1520
568,1520
545,1520
542,1520
534,1520
494,1520
484,1520
421,1520
253,1520
240,1520
184,1520
171,1520
160,1520
146,1520
133,1520
118,1520
71,1520
12,1520
3,1520
1154,1521
1087,1521
990,1521
986,1521
979,1521
973,1521
867,1521
753,1521
748,1521
655,1521
617,1521
527,1521
506,1521
468,1521
462,1521
429,1521
332,1521
255,1521
223,1521
215,1521
212,1521
201,1521
193,1521
175,1521
173,1521
170,1521
159,1521
138,1521
133,1521
74,1521
70,1521
54,1521
37,1521
17,1521
3,1521
543,1522
788,1522
736,1522
734,1522
667,1522
654,1522
589,1522
557,1522
1349,1522
529,1522
1321,1522
513,1522
432,1522
1226,1522
1200,1522
1190,1522
370,1522
345,1522
1133,1522
333,1522
1129,1522
1121,1522
1116,1522
270,1522
250,1522
230,1522
172,1522
157,1522
945,1522
136,1522
88,1522
76,1522
868,1522
846,1522
10,1522
1323,1523
1297,1523
1290,1523
1246,1523
1241,1523
1239,1523
1227,1523
1222,1523
1194,1523
1155,1523
1118,1523
1115,1523
916,1523
908,1523
857,1523
844,1523
837,1523
724,1523
650,1523
615,1523
593,1523
552,1523
550,1523
512,1523
446,1523
403,1523
275,1523
274,1523
268,1523
181,1523
111,1523
109,1523
82,1523
45,1523
22,1523
1275,1524
1190,1524
1156,1524
1087,1524
1084,1524
1082,1524
1077,1524
1074,1524
1069,1524
1061,1524
973,1524
963,1524
910,1524
901,1524
861,1524
742,1524
717,1524
642,1524
544,1524
517,1524
513,1524
441,1524
440,1524
421,1524
372,1524
346,1524
301,1524
273,1524
248,1524
204,1524
191,1524
171,1524
160,1524
145,1524
91,1524
1341,1525
1295,1525
1259,1525
1228,1525
1214,1525
1210,1525
1202,1525
1199,1525
1131,1525
1122,1525
1120,1525
1101,1525
1059,1525
1015,1525
981,1525
918,1525
878,1525
836,1525
753,1525
731,1525
687,1525
666,1525
629,1525
546,1525
456,1525
409,1525
331,1525
253,1525
182,1525
179,1525
175,1525
97,1525
75,1525
73,1525
66,1525
1341,1526
1339,1526
1288,1526
1240,1526
1178,1526
1105,1526
1091,1526
1086,1526
1063,1526
1025,1526
1022,1526
1015,1526
1014,1526
1013,1526
1004,1526
922,1526
913,1526
893,1526
874,1526
859,1526
815,1526
812,1526
800,1526
707,1526
703,1526
657,1526
479,1526
434,1526
376,1526
373,1526
186,1526
169,1526
164,1526
103,1526
72,1526
1347,1527
1339,1527
1330,1527
1311,1527
1288,1527
1240,1527
1217,1527
1178,1527
1105,1527
1067,1527
1022,1527
1014,1527
1013,1527
992,1527
909,1527
893,1527
815,1527
812,1527
800,1527
778,1527
707,1527
657,1527
651,1527
479,1527
434,1527
373,1527
335,1527
310,1527
234,1527
186,1527
86,1527
85,1527
72,1527
52,1527
4,1527
1321,1528
1243,1528
1226,1528
1179,1528
1150,1528
1147,1528
1094,1528
1075,1528
1067,1528
993,1528
949,1528
891,1528
873,1528
845,1528
832,1528
822,1528
808,1528
781,1528
730,1528
681,1528
669,1528
607,1528
601,1528
600,1528
538,1528
522,1528
514,1528
498,1528
410,1528
306,1528
267,1528
233,1528
110,1528
107,1528
75,1528
1283,1529
1270,1529
1206,1529
1204,1529
1186,1529
880,1529
816,1529
774,1529
607,1529
598,1529
572,1529
568,1529
544,1529
498,1529
494,1529
489,1529
441,1529
421,1529
391,1529
269,1529
251,1529
248,1529
244,1529
218,1529
211,1529
208,1529
171,1529
146,1529
145,1529
135,1529
130,1529
93,1529
87,1529
36,1529
12,1529
1263,1530
1229,1530
1194,1530
1144,1530
1097,1530
948,1530
886,1530
841,1530
809,1530
754,1530
746,1530
716,1530
564,1530
518,1530
498,1530
491,1530
446,1530
428,1530
413,1530
411,1530
378,1530
377,1530
293,1530
258,1530
244,1530
237,1530
225,1530
186,1530
178,1530
159,1530
145,1530
130,1530
87,1530
12,1530
11,1530
1323,1531
1306,1531
1297,1531
1295,1531
1243,1531
1228,1531
1227,1531
1218,1531
1169,1531
1157,1531
1145,1531
1139,1531
1080,1531
1019,1531
1006,1531
958,1531
947,1531
879,1531
863,1531
857,1531
854,1531
837,1531
775,1531
637,1531
619,1531
615,1531
560,1531
534,1531
446,1531
442,1531
181,1531
111,1531
82,1531
78,1531
37,1531
1249,1532
1246,1532
1231,1532
1161,1532
1145,1532
1132,1532
1130,1532
1128,1532
1092,1532
1019,1532
1003,1532
979,1532
879,1532
857,1532
849,1532
841,1532
787,1532
750,1532
725,1532
687,1532
655,1532
427,1532
404,1532
378,1532
324,1532
255,1532
235,1532
212,1532
189,1532
159,1532
143,1532
74,1532
12,1532
11,1532
3,1532
1163,1533
1110,1533
1087,1533
1022,1533
986,1533
904,1533
867,1533
839,1533
747,1533
617,1533
539,1533
527,1533
496,1533
468,1533
429,1533
422,1533
386,1533
251,1533
246,1533
237,1533
223,1533
221,1533
215,1533
193,1533
191,1533
187,1533
173,1533
170,1533
149,1533
138,1533
133,1533
128,1533
74,1533
67,1533
17,1533
1309,1534
1218,1534
1180,1534
1111,1534
1108,1534
1060,1534
1038,1534
982,1534
927,1534
823,1534
820,1534
778,1534
770,1534
757,1534
749,1534
678,1534
663,1534
636,1534
612,1534
607,1534
590,1534
442,1534
423,1534
418,1534
399,1534
365,1534
344,1534
326,1534
317,1534
294,1534
124,1534
111,1534
108,1534
66,1534
20,1534
1349,1535
1321,1535
1315,1535
1242,1535
1231,1535
1226,1535
1190,1535
1121,1535
1116,1535
1085,1535
1002,1535
993,1535
945,1535
767,1535
736,1535
734,1535
662,1535
654,1535
647,1535
592,1535
589,1535
557,1535
543,1535
529,1535
505,1535
501,1535
481,1535
374,1535
333,1535
270,1535
250,1535
136,1535
88,1535
76,1535
6,1535
1295,1536
1211,1536
1150,1536
1128,1536
1044,1536
1020,1536
1018,1536
924,1536
922,1536
908,1536
900,1536
879,1536
849,1536
833,1536
819,1536
805,1536
790,1536
787,1536
775,1536
714,1536
697,1536
676,1536
634,1536
619,1536
617,1536
485,1536
418,1536
383,1536
292,1536
289,1536
280,1536
189,1536
69,1536
57,1536
23,1536
105,1537
676,1537
671,1537
656,1537
639,1537
625,1537
1041,1537
1312,1537
552,1537
509,1537
460,1537
387,1537
343,1537
328,1537
310,1537
298,1537
1087,1537
276,1537
274,1537
1332,1537
1044,1537
1011,1537
1005,1537
206,1537
179,1537
176,1537
962,1537
132,1537
109,1537
90,1537
52,1537
44,1537
43,1537
825,1537
5,1537
800,1538
766,1538
87,1538
663,1538
654,1538
1047,1538
518,1538
510,1538
503,1538
1192,1538
364,1538
1149,1538
333,1538
328,1538
475,1538
319,1538
298,1538
523,1538
250,1538
1044,1538
1033,1538
218,1538
1011,1538
211,1538
1005,1538
205,1538
197,1538
963,1538
165,1538
155,1538
130,1538
68,1538
839,1538
812,1538
6,1538
1263,1539
1238,1539
1201,1539
1161,1539
1145,1539
1046,1539
1031,1539
1019,1539
955,1539
948,1539
918,1539
895,1539
886,1539
824,1539
772,1539
688,1539
683,1539
682,1539
575,1539
461,1539
442,1539
436,1539
427,1539
423,1539
418,1539
413,1539
392,1539
384,1539
349,1539
341,1539
282,1539
126,1539
84,1539
80,1539
74,1539
46,1539
1321,1540
1283,1540
1163,1540
1113,1540
1045,1540
1033,1540
935,1540
869,1540
839,1540
800,1540
654,1540
644,1540
617,1540
563,1540
544,1540
527,1540
503,1540
496,1540
483,1540
475,1540
429,1540
263,1540
255,1540
249,1540
248,1540
247,1540
218,1540
212,1540
211,1540
208,1540
205,1540
197,1540
165,1540
156,1540
128,1540
680,1541
312,1541
643,1541
641,1541
623,1541
202,1541
1013,1541
1310,1541
502,1541
483,1541
1277,1541
475,1541
354,1541
437,1541
422,1541
1163,1541
263,1541
246,1541
235,1541
217,1541
215,1541
173,1541
165,1541
154,1541
950,1541
928,1541
904,1541
106,1541
617,1541
79,1541
54,1541
847,1541
840,1541
16,1541
11,1541
680,1542
312,1542
643,1542
641,1542
623,1542
202,1542
1013,1542
1310,1542
502,1542
483,1542
1277,1542
475,1542
354,1542
437,1542
422,1542
1163,1542
263,1542
246,1542
235,1542
217,1542
215,1542
173,1542
165,1542
154,1542
950,1542
928,1542
904,1542
106,1542
617,1542
79,1542
54,1542
847,1542
840,1542
16,1542
11,1542
1302,1543
1301,1543
1286,1543
1197,1543
1183,1543
1148,1543
1013,1543
904,1543
840,1543
753,1543
747,1543
742,1543
680,1543
643,1543
641,1543
623,1543
502,1543
475,1543
449,1543
426,1543
424,1543
386,1543
375,1543
354,1543
351,1543
330,1543
312,1543
246,1543
223,1543
174,1543
96,1543
79,1543
42,1543
33,1543
24,1543
1342,1544
1338,1544
1326,1544
1321,1544
1297,1544
1277,1544
1243,1544
1203,1544
1188,1544
987,1544
951,1544
933,1544
863,1544
856,1544
727,1544
665,1544
658,1544
650,1544
507,1544
504,1544
484,1544
470,1544
416,1544
406,1544
404,1544
392,1544
368,1544
352,1544
324,1544
282,1544
111,1544
86,1544
82,1544
34,1544
22,1544
1339,1545
1330,1545
1288,1545
1255,1545
1254,1545
1246,1545
1240,1545
1180,1545
1105,1545
987,1545
947,1545
896,1545
841,1545
746,1545
716,1545
670,1545
657,1545
638,1545
603,1545
599,1545
479,1545
462,1545
378,1545
373,1545
348,1545
310,1545
186,1545
182,1545
159,1545
145,1545
93,1545
86,1545
54,1545
52,1545
4,1545
1315,1546
1284,1546
1267,1546
1265,1546
1251,1546
1250,1546
1178,1546
1159,1546
1114,1546
1098,1546
1077,1546
1074,1546
1067,1546
1047,1546
1010,1546
938,1546
937,1546
909,1546
846,1546
838,1546
802,1546
800,1546
752,1546
726,1546
696,1546
690,1546
675,1546
658,1546
644,1546
500,1546
268,1546
256,1546
163,1546
119,1546
13,1546
1324,1547
1318,1547
1274,1547
1211,1547
1209,1547
1132,1547
1112,1547
1050,1547
998,1547
971,1547
924,1547
913,1547
881,1547
803,1547
771,1547
768,1547
740,1547
710,1547
683,1547
679,1547
664,1547
661,1547
648,1547
636,1547
598,1547
427,1547
418,1547
366,1547
344,1547
117,1547
82,1547
77,1547
57,1547
33,1547
28,1547
1282,1548
1280,1548
1254,1548
1221,1548
1171,1548
1061,1548
1056,1548
1048,1548
1047,1548
1027,1548
993,1548
989,1548
963,1548
841,1548
808,1548
790,1548
763,1548
681,1548
646,1548
645,1548
627,1548
502,1548
462,1548
440,1548
435,1548
301,1548
293,1548
288,1548
273,1548
215,1548
183,1548
173,1548
160,1548
145,1548
75,1548
455,1549
762,1549
1128,1549
1116,1549
317,1549
706,1549
90,1549
289,1549
141,1549
1036,1549
235,1549
1018,1549
192,1549
190,1549
976,1549
569,1549
147,1549
143,1549
925,1549
670,1549
93,1549
486,1549
485,1549
1274,1549
67,1549
460,1549
848,1549
53,1549
447,1549
411,1549
803,1549
1199,1549
1197,1549
5,1549
789,1549
1353,1550
1333,1550
1323,1550
1274,1550
1224,1550
1160,1550
966,1550
916,1550
863,1550
834,1550
830,1550
824,1550
771,1550
746,1550
722,1550
688,1550
676,1550
668,1550
575,1550
446,1550
418,1550
411,1550
342,1550
280,1550
277,1550
242,1550
240,1550
203,1550
189,1550
181,1550
133,1550
119,1550
111,1550
82,1550
34,1550
1241,1551
1230,1551
1175,1551
1163,1551
1150,1551
956,1551
928,1551
838,1551
820,1551
817,1551
815,1551
800,1551
711,1551
658,1551
650,1551
643,1551
610,1551
554,1551
502,1551
499,1551
496,1551
489,1551
483,1551
470,1551
452,1551
438,1551
437,1551
352,1551
345,1551
312,1551
263,1551
223,1551
209,1551
193,1551
86,1551
1310,1552
1301,1552
1294,1552
1266,1552
1164,1552
1045,1552
935,1552
928,1552
867,1552
792,1552
776,1552
693,1552
563,1552
457,1552
255,1552
247,1552
242,1552
231,1552
212,1552
211,1552
209,1552
208,1552
204,1552
194,1552
165,1552
157,1552
156,1552
154,1552
144,1552
137,1552
134,1552
107,1552
81,1552
22,1552
18,1552
1306,1553
1294,1553
1108,1553
1099,1553
1076,1553
1064,1553
1060,1553
1039,1553
1035,1553
1034,1553
1027,1553
991,1553
915,1553
906,1553
899,1553
887,1553
814,1553
802,1553
791,1553
787,1553
784,1553
781,1553
780,1553
777,1553
773,1553
771,1553
728,1553
712,1553
629,1553
575,1553
453,1553
423,1553
399,1553
116,1553
34,1553
776,1554
747,1554
53,1554
124,1554
636,1554
633,1554
628,1554
585,1554
1348,1554
549,1554
543,1554
533,1554
1290,1554
1261,1554
1234,1554
1205,1554
393,1554
379,1554
1172,1554
1154,1554
341,1554
1122,1554
1095,1554
295,1554
1056,1554
1017,1554
981,1554
148,1554
934,1554
220,1554
924,1554
83,1554
75,1554
37,1554
2,1554
1321,1555
1284,1555
1274,1555
1254,1555
1243,1555
1172,1555
1160,1555
1101,1555
1094,1555
1057,1555
1010,1555
993,1555
979,1555
949,1555
873,1555
730,1555
654,1555
627,1555
592,1555
538,1555
514,1555
513,1555
447,1555
333,1555
269,1555
267,1555
250,1555
233,1555
168,1555
158,1555
157,1555
93,1555
32,1555
30,1555
6,1555
171,1556
1183,1556
387,1556
90,1556
141,1556
231,1556
223,1556
210,1556
207,1556
198,1556
187,1556
976,1556
159,1556
1348,1556
1344,1556
147,1556
935,1556
917,1556
1310,1556
515,1556
93,1556
489,1556
486,1556
1274,1556
862,1556
460,1556
457,1556
762,1556
848,1556
447,1556
1239,1556
841,1556
1216,1556
1199,1556
5,1556
1349,1557
1340,1557
1325,1557
1284,1557
1274,1557
1253,1557
1242,1557
1177,1557
1133,1557
1010,1557
894,1557
868,1557
844,1557
767,1557
717,1557
647,1557
635,1557
601,1557
589,1557
566,1557
559,1557
556,1557
553,1557
513,1557
505,1557
463,1557
447,1557
446,1557
411,1557
410,1557
360,1557
270,1557
250,1557
168,1557
76,1557
1321,1558
1283,1558
1167,1558
1113,1558
1084,1558
1082,1558
988,1558
821,1558
816,1558
788,1558
764,1558
748,1558
743,1558
725,1558
677,1558
552,1558
544,1558
505,1558
499,1558
483,1558
441,1558
432,1558
318,1558
308,1558
274,1558
248,1558
218,1558
193,1558
172,1558
136,1558
132,1558
128,1558
123,1558
74,1558
11,1558
1293,1559
1275,1559
1250,1559
1138,1559
1103,1559
1087,1559
1050,1559
1036,1559
1034,1559
1004,1559
978,1559
975,1559
929,1559
900,1559
883,1559
881,1559
836,1559
791,1559
773,1559
746,1559
696,1559
692,1559
684,1559
674,1559
570,1559
557,1559
541,1559
539,1559
525,1559
442,1559
416,1559
366,1559
296,1559
195,1559
20,1559
1284,1560
1267,1560
1265,1560
1251,1560
1236,1560
1178,1560
1159,1560
1105,1560
1098,1560
1067,1560
1040,1560
1013,1560
1010,1560
938,1560
909,1560
846,1560
839,1560
838,1560
821,1560
817,1560
806,1560
726,1560
707,1560
696,1560
690,1560
675,1560
658,1560
644,1560
498,1560
479,1560
352,1560
268,1560
128,1560
19,1560
13,1560
1342,1561
1323,1561
1314,1561
1303,1561
1297,1561
1241,1561
1227,1561
1219,1561
1155,1561
1129,1561
933,1561
918,1561
837,1561
762,1561
724,1561
710,1561
650,1561
615,1561
576,1561
446,1561
423,1561
331,1561
328,1561
327,1561
298,1561
275,1561
235,1561
208,1561
181,1561
111,1561
109,1561
86,1561
82,1561
78,1561
53,1561
171,1562
1183,1562
387,1562
455,1562
141,1562
231,1562
223,1562
210,1562
207,1562
198,1562
187,1562
976,1562
159,1562
1348,1562
1344,1562
147,1562
935,1562
917,1562
1310,1562
515,1562
93,1562
489,1562
486,1562
485,1562
1274,1562
862,1562
457,1562
762,1562
848,1562
447,1562
1239,1562
841,1562
1216,1562
411,1562
1199,1562
1343,1563
1243,1563
1200,1563
1194,1563
1108,1563
1055,1563
1042,1563
987,1563
955,1563
856,1563
814,1563
785,1563
728,1563
702,1563
694,1563
665,1563
616,1563
595,1563
570,1563
534,1563
507,1563
442,1563
414,1563
365,1563
342,1563
340,1563
326,1563
317,1563
315,1563
296,1563
282,1563
277,1563
178,1563
20,1563
9,1563
1301,1564
1254,1564
1154,1564
1016,1564
990,1564
966,1564
935,1564
928,1564
913,1564
841,1564
830,1564
769,1564
643,1564
610,1564
560,1564
554,1564
545,1564
530,1564
506,1564
437,1564
351,1564
332,1564
320,1564
312,1564
255,1564
237,1564
229,1564
212,1564
201,1564
159,1564
74,1564
61,1564
54,1564
42,1564
24,1564
1347,1565
1343,1565
1324,1565
1323,1565
1318,1565
1234,1565
1211,1565
1191,1565
1123,1565
1108,1565
1042,1565
924,1565
890,1565
803,1565
787,1565
782,1565
756,1565
750,1565
740,1565
735,1565
725,1565
699,1565
677,1565
661,1565
569,1565
444,1565
427,1565
399,1565
313,1565
280,1565
195,1565
188,1565
161,1565
104,1565
77,1565
1310,1566
1306,1566
1303,1566
1241,1566
1180,1566
1128,1566
1092,1566
996,1566
943,1566
848,1566
837,1566
832,1566
826,1566
789,1566
715,1566
664,1566
638,1566
629,1566
615,1566
603,1566
560,1566
534,1566
501,1566
444,1566
431,1566
384,1566
318,1566
272,1566
267,1566
222,1566
181,1566
168,1566
86,1566
82,1566
78,1566
1284,1567
1267,1567
1265,1567
1251,1567
1236,1567
1159,1567
1105,1567
1098,1567
1067,1567
1066,1567
1053,1567
1013,1567
1010,1567
938,1567
932,1567
925,1567
909,1567
846,1567
839,1567
838,1567
821,1567
817,1567
806,1567
707,1567
696,1567
690,1567
675,1567
658,1567
644,1567
479,1567
352,1567
268,1567
128,1567
19,1567
13,1567
1283,1568
1271,1568
1206,1568
1170,1568
1069,1568
880,1568
816,1568
774,1568
766,1568
746,1568
744,1568
598,1568
544,1568
515,1568
503,1568
498,1568
489,1568
473,1568
467,1568
441,1568
348,1568
248,1568
232,1568
228,1568
225,1568
218,1568
186,1568
155,1568
150,1568
131,1568
130,1568
121,1568
113,1568
87,1568
68,1568
370,1569
736,1569
100,1569
153,1569
640,1569
617,1569
528,1569
515,1569
501,1569
464,1569
1232,1569
1134,1569
1098,1569
1073,1569
1062,1569
255,1569
1049,1569
1033,1569
1022,1569
212,1569
1002,1569
1000,1569
994,1569
993,1569
189,1569
180,1569
166,1569
159,1569
941,1569
136,1569
85,1569
877,1569
869,1569
841,1569
835,1569
326,1570
788,1570
1,1570
742,1570
70,1570
715,1570
564,1570
523,1570
499,1570
489,1570
469,1570
438,1570
432,1570
425,1570
345,1570
250,1570
240,1570
234,1570
230,1570
228,1570
1013,1570
197,1570
193,1570
186,1570
172,1570
157,1570
945,1570
136,1570
932,1570
125,1570
113,1570
870,1570
68,1570
16,1570
11,1570
1340,1571
1325,1571
1255,1571
1254,1571
1249,1571
1246,1571
1181,1571
1177,1571
1121,1571
1057,1571
921,1571
894,1571
843,1571
797,1571
794,1571
793,1571
746,1571
664,1571
601,1571
575,1571
559,1571
513,1571
490,1571
463,1571
462,1571
447,1571
410,1571
380,1571
360,1571
279,1571
168,1571
157,1571
93,1571
88,1571
41,1571
40,1571
1349,1572
1310,1572
1222,1572
1054,1572
1045,1572
1014,1572
1002,1572
935,1572
918,1572
867,1572
861,1572
792,1572
563,1572
518,1572
457,1572
438,1572
260,1572
255,1572
247,1572
231,1572
212,1572
211,1572
204,1572
201,1572
165,1572
156,1572
154,1572
138,1572
137,1572
135,1572
134,1572
110,1572
107,1572
17,1572
7,1572
1321,1573
1242,1573
1225,1573
1135,1573
1084,1573
1064,1573
1050,1573
1048,1573
1002,1573
962,1573
821,1573
816,1573
767,1573
647,1573
639,1573
599,1573
552,1573
544,1573
505,1573
503,1573
474,1573
274,1573
254,1573
247,1573
227,1573
226,1573
218,1573
209,1573
206,1573
145,1573
140,1573
137,1573
105,1573
96,1573
70,1573
1310,1574
1150,1574
1116,1574
935,1574
928,1574
867,1574
841,1574
792,1574
563,1574
472,1574
457,1574
261,1574
260,1574
255,1574
231,1574
212,1574
211,1574
208,1574
204,1574
201,1574
194,1574
193,1574
165,1574
159,1574
157,1574
156,1574
154,1574
144,1574
138,1574
134,1574
107,1574
106,1574
17,1574
12,1574
7,1574
1339,1575
1332,1575
1311,1575
1291,1575
1261,1575
1201,1575
1008,1575
1007,1575
980,1575
962,1575
953,1575
916,1575
894,1575
882,1575
817,1575
727,1575
657,1575
639,1575
614,1575
593,1575
550,1575
548,1575
512,1575
489,1575
465,1575
412,1575
352,1575
348,1575
186,1575
94,1575
52,1575
47,1575
31,1575
28,1575
25,1575
1351,1576
1284,1576
1114,1576
1057,1576
1010,1576
1002,1576
975,1576
858,1576
841,1576
767,1576
720,1576
670,1576
647,1576
611,1576
592,1576
502,1576
333,1576
278,1576
269,1576
250,1576
249,1576
235,1576
198,1576
160,1576
159,1576
153,1576
152,1576
151,1576
150,1576
141,1576
90,1576
23,1576
15,1576
7,1576
6,1576
1297,1577
1281,1577
1246,1577
1244,1577
1224,1577
1221,1577
1211,1577
1107,1577
1071,1577
1039,1577
1014,1577
998,1577
934,1577
918,1577
887,1577
881,1577
803,1577
777,1577
761,1577
758,1577
757,1577
682,1577
663,1577
645,1577
569,1577
523,1577
486,1577
434,1577
423,1577
394,1577
373,1577
233,1577
161,1577
42,1577
29,1577
1353,1578
1331,1578
1265,1578
1261,1578
1256,1578
1225,1578
1201,1578
1188,1578
1100,1578
1077,1578
1053,1578
1013,1578
1011,1578
1007,1578
980,1578
866,1578
800,1578
727,1578
718,1578
528,1578
515,1578
489,1578
473,1578
466,1578
465,1578
348,1578
310,1578
307,1578
241,1578
174,1578
153,1578
141,1578
121,1578
95,1578
70,1578
1283,1579
1271,1579
1180,1579
1170,1579
1155,1579
1148,1579
1131,1579
1107,1579
948,1579
760,1579
691,1579
651,1579
564,1579
544,1579
518,1579
515,1579
503,1579
473,1579
467,1579
457,1579
449,1579
375,1579
361,1579
348,1579
271,1579
269,1579
263,1579
237,1579
218,1579
186,1579
151,1579
131,1579
61,1579
54,1579
14,1579
171,1580
1183,1580
387,1580
455,1580
141,1580
231,1580
223,1580
210,1580
207,1580
198,1580
187,1580
976,1580
569,1580
159,1580
1348,1580
1344,1580
147,1580
935,1580
917,1580
1310,1580
515,1580
93,1580
489,1580
486,1580
1274,1580
862,1580
457,1580
762,1580
848,1580
447,1580
1239,1580
841,1580
1216,1580
411,1580
1199,1580
1332,1581
1306,1581
1261,1581
1238,1581
1123,1581
1064,1581
1055,1581
1039,1581
1035,1581
980,1581
817,1581
727,1581
724,1581
679,1581
652,1581
606,1581
593,1581
550,1581
512,1581
465,1581
445,1581
412,1581
379,1581
352,1581
348,1581
337,1581
195,1581
94,1581
83,1581
56,1581
48,1581
47,1581
31,1581
25,1581
18,1581
1337,1582
1333,1582
1263,1582
1250,1582
1214,1582
1194,1582
1065,1582
1061,1582
1048,1582
1012,1582
982,1582
950,1582
944,1582
862,1582
766,1582
697,1582
672,1582
644,1582
628,1582
575,1582
482,1582
421,1582
417,1582
406,1582
394,1582
391,1582
293,1582
290,1582
171,1582
160,1582
129,1582
126,1582
91,1582
76,1582
13,1582
1154,1583
355,1583
1205,1583
341,1583
1122,1583
326,1583
81,1583
299,1583
295,1583
679,1583
1054,1583
259,1583
257,1583
242,1583
240,1583
238,1583
219,1583
606,1583
203,1583
981,1583
165,1583
1017,1583
159,1583
1341,1583
148,1583
142,1583
123,1583
911,1583
1290,1583
83,1583
1108,1583
1131,1583
37,1583
433,1583
14,1583
1305,1584
1279,1584
1234,1584
1176,1584
1171,1584
1123,1584
1064,1584
1056,1584
1034,1584
959,1584
922,1584
886,1584
864,1584
761,1584
756,1584
750,1584
725,1584
722,1584
706,1584
630,1584
526,1584
485,1584
453,1584
413,1584
408,1584
303,1584
280,1584
195,1584
189,1584
161,1584
124,1584
101,1584
100,1584
84,1584
57,1584
53,1585
823,1585
701,1585
698,1585
612,1585
518,1585
1310,1585
486,1585
472,1585
1260,1585
457,1585
423,1585
1216,1585
1214,1585
1199,1585
1183,1585
1161,1585
1096,1585
1092,1585
1058,1585
1021,1585
223,1585
1018,1585
1015,1585
207,1585
198,1585
187,1585
976,1585
178,1585
159,1585
147,1585
141,1585
935,1585
862,1585
848,1585
1246,1586
1216,1586
1214,1586
1197,1586
1196,1586
1194,1586
1124,1586
1091,1586
983,1586
981,1586
976,1586
794,1586
789,1586
778,1586
769,1586
753,1586
731,1586
706,1586
697,1586
674,1586
649,1586
616,1586
541,1586
529,1586
455,1586
426,1586
411,1586
382,1586
344,1586
341,1586
279,1586
198,1586
85,1586
62,1586
34,1586
53,1587
701,1587
698,1587
518,1587
1310,1587
486,1587
472,1587
1260,1587
457,1587
447,1587
423,1587
1216,1587
1214,1587
1199,1587
1183,1587
1161,1587
1096,1587
1092,1587
1058,1587
1021,1587
223,1587
1018,1587
1015,1587
207,1587
198,1587
187,1587
976,1587
178,1587
159,1587
147,1587
141,1587
935,1587
862,1587
848,1587
823,1587
1347,1588
1306,1588
1238,1588
1123,1588
1110,1588
1081,1588
1009,1588
986,1588
955,1588
924,1588
901,1588
890,1588
803,1588
782,1588
757,1588
756,1588
750,1588
745,1588
740,1588
735,1588
725,1588
699,1588
664,1588
575,1588
427,1588
399,1588
383,1588
338,1588
315,1588
280,1588
161,1588
120,1588
108,1588
84,1588
18,1588
1308,1589
1278,1589
1255,1589
1201,1589
1160,1589
1069,1589
925,1589
895,1589
868,1589
864,1589
827,1589
805,1589
801,1589
789,1589
646,1589
529,1589
494,1589
472,1589
462,1589
377,1589
294,1589
215,1589
207,1589
184,1589
174,1589
173,1589
153,1589
141,1589
122,1589
95,1589
79,1589
74,1589
39,1589
34,1589
27,1589
1296,1590
1207,1590
1162,1590
1131,1590
1097,1590
1061,1590
928,1590
742,1590
692,1590
647,1590
623,1590
554,1590
545,1590
531,1590
520,1590
518,1590
511,1590
499,1590
496,1590
487,1590
483,1590
407,1590
377,1590
311,1590
246,1590
223,1590
201,1590
193,1590
187,1590
160,1590
144,1590
133,1590
74,1590
24,1590
11,1590
1284,1591
1267,1591
1265,1591
1251,1591
1236,1591
1178,1591
1159,1591
1098,1591
1067,1591
1040,1591
1013,1591
1010,1591
938,1591
925,1591
909,1591
846,1591
839,1591
838,1591
817,1591
806,1591
788,1591
726,1591
696,1591
690,1591
675,1591
658,1591
644,1591
498,1591
479,1591
352,1591
268,1591
248,1591
128,1591
19,1591
13,1591
1296,1592
1283,1592
1232,1592
1187,1592
1131,1592
1114,1592
928,1592
886,1592
841,1592
774,1592
746,1592
742,1592
721,1592
670,1592
655,1592
578,1592
563,1592
545,1592
544,1592
527,1592
499,1592
494,1592
493,1592
441,1592
429,1592
271,1592
251,1592
248,1592
244,1592
218,1592
159,1592
135,1592
90,1592
23,1592
12,1592
270,1593
386,1593
375,1593
1157,1593
170,1593
149,1593
539,1593
930,1593
338,1593
138,1593
1106,1593
502,1593
1090,1593
496,1593
96,1593
1277,1593
289,1593
1263,1593
475,1593
664,1593
67,1593
643,1593
246,1593
1227,1593
832,1593
1216,1593
426,1593
619,1593
223,1593
611,1593
17,1593
1197,1593
205,1593
1183,1593
197,1593
1333,1594
1330,1594
1265,1594
1251,1594
1173,1594
1159,1594
1066,1594
1010,1594
992,1594
963,1594
938,1594
909,1594
851,1594
846,1594
839,1594
838,1594
825,1594
821,1594
788,1594
719,1594
709,1594
696,1594
675,1594
658,1594
325,1594
293,1594
268,1594
260,1594
255,1594
212,1594
204,1594
191,1594
154,1594
24,1594
13,1594
1283,1595
1271,1595
1206,1595
1170,1595
880,1595
816,1595
774,1595
766,1595
746,1595
670,1595
598,1595
544,1595
518,1595
498,1595
489,1595
473,1595
471,1595
467,1595
441,1595
420,1595
369,1595
348,1595
269,1595
248,1595
228,1595
225,1595
218,1595
186,1595
145,1595
131,1595
130,1595
121,1595
113,1595
93,1595
87,1595
1295,1596
1274,1596
1268,1596
1239,1596
1214,1596
1150,1596
1114,1596
1087,1596
996,1596
915,1596
899,1596
895,1596
828,1596
824,1596
802,1596
798,1596
758,1596
735,1596
691,1596
688,1596
629,1596
626,1596
603,1596
600,1596
525,1596
480,1596
423,1596
413,1596
362,1596
309,1596
286,1596
284,1596
104,1596
97,1596
61,1596
1309,1597
1295,1597
1278,1597
1216,1597
1193,1597
1180,1597
1108,1597
1055,1597
1016,1597
982,1597
922,1597
894,1597
837,1597
823,1597
685,1597
668,1597
663,1597
616,1597
576,1597
442,1597
423,1597
418,1597
403,1597
390,1597
367,1597
365,1597
338,1597
329,1597
313,1597
294,1597
275,1597
183,1597
124,1597
108,1597
66,1597
1284,1598
1267,1598
1265,1598
1251,1598
1236,1598
1159,1598
1105,1598
1098,1598
1067,1598
1066,1598
1053,1598
1013,1598
1010,1598
938,1598
925,1598
909,1598
846,1598
839,1598
838,1598
821,1598
817,1598
806,1598
707,1598
696,1598
690,1598
675,1598
658,1598
644,1598
479,1598
352,1598
268,1598
128,1598
87,1598
19,1598
13,1598
1284,1599
1163,1599
1160,1599
1150,1599
1112,1599
945,1599
923,1599
858,1599
809,1599
807,1599
788,1599
746,1599
742,1599
611,1599
605,1599
590,1599
460,1599
438,1599
436,1599
432,1599
424,1599
345,1599
271,1599
250,1599
230,1599
218,1599
172,1599
148,1599
140,1599
136,1599
132,1599
90,1599
70,1599
15,1599
5,1599
1343,1600
1220,1600
1210,1600
1173,1600
1169,1600
1161,1600
1117,1600
1020,1600
869,1600
867,1600
774,1600
760,1600
701,1600
674,1600
661,1600
660,1600
649,1600
632,1600
627,1600
617,1600
502,1600
501,1600
480,1600
464,1600
369,1600
272,1600
269,1600
235,1600
202,1600
166,1600
156,1600
150,1600
125,1600
83,1600
51,1600
1349,1601
1310,1601
1301,1601
1045,1601
935,1601
928,1601
867,1601
792,1601
750,1601
742,1601
655,1601
643,1601
610,1601
589,1601
563,1601
496,1601
491,1601
483,1601
468,1601
457,1601
312,1601
255,1601
223,1601
212,1601
211,1601
207,1601
201,1601
193,1601
187,1601
156,1601
154,1601
138,1601
134,1601
17,1601
12,1601
1250,1602
1232,1602
1187,1602
1180,1602
1126,1602
928,1602
746,1602
721,1602
678,1602
670,1602
638,1602
609,1602
578,1602
568,1602
564,1602
544,1602
539,1602
527,1602
520,1602
511,1602
506,1602
499,1602
493,1602
441,1602
429,1602
416,1602
377,1602
271,1602
251,1602
248,1602
218,1602
146,1602
135,1602
54,1602
12,1602
1351,1603
1341,1603
1280,1603
1250,1603
1232,1603
1202,1603
1155,1603
1147,1603
1114,1603
1101,1603
1090,1603
1075,1603
1059,1603
985,1603
984,1603
959,1603
935,1603
923,1603
920,1603
873,1603
810,1603
742,1603
731,1603
600,1603
598,1603
580,1603
546,1603
497,1603
430,1603
417,1603
273,1603
271,1603
253,1603
91,1603
34,1603
1321,1604
1284,1604
1267,1604
1265,1604
1251,1604
1236,1604
1159,1604
1105,1604
1098,1604
1067,1604
1066,1604
1053,1604
1013,1604
1010,1604
938,1604
925,1604
909,1604
846,1604
839,1604
838,1604
821,1604
817,1604
806,1604
707,1604
696,1604
690,1604
675,1604
658,1604
644,1604
479,1604
352,1604
268,1604
128,1604
19,1604
13,1604
1156,1605
1087,1605
1084,1605
1082,1605
1077,1605
1074,1605
1069,1605
1061,1605
1031,1605
973,1605
963,1605
910,1605
901,1605
861,1605
843,1605
833,1605
742,1605
717,1605
544,1605
517,1605
506,1605
441,1605
421,1605
372,1605
346,1605
301,1605
273,1605
250,1605
248,1605
204,1605
191,1605
171,1605
160,1605
98,1605
91,1605
1338,1606
1287,1606
1275,1606
1250,1606
1239,1606
1236,1606
1141,1606
1078,1606
1014,1606
944,1606
938,1606
908,1606
894,1606
837,1606
823,1606
802,1606
793,1606
707,1606
696,1606
686,1606
682,1606
681,1606
675,1606
663,1606
658,1606
644,1606
628,1606
617,1606
575,1606
549,1606
439,1606
418,1606
376,1606
268,1606
63,1606
1352,1607
1286,1607
1257,1607
1239,1607
1207,1607
1173,1607
1167,1607
1150,1607
1051,1607
966,1607
964,1607
963,1607
961,1607
928,1607
867,1607
830,1607
744,1607
719,1607
717,1607
663,1607
655,1607
644,1607
617,1607
430,1607
417,1607
293,1607
273,1607
260,1607
211,1607
202,1607
201,1607
193,1607
179,1607
92,1607
1,1607
680,1608
312,1608
643,1608
641,1608
623,1608
202,1608
1013,1608
1310,1608
502,1608
483,1608
1277,1608
475,1608
354,1608
437,1608
422,1608
1163,1608
263,1608
246,1608
235,1608
217,1608
215,1608
173,1608
165,1608
154,1608
950,1608
928,1608
904,1608
106,1608
617,1608
79,1608
54,1608
847,1608
840,1608
16,1608
11,1608
1338,1609
1321,1609
1250,1609
1203,1609
1121,1609
1106,1609
1057,1609
987,1609
856,1609
727,1609
713,1609
665,1609
654,1609
628,1609
534,1609
513,1609
507,1609
504,1609
500,1609
484,1609
470,1609
406,1609
404,1609
325,1609
324,1609
310,1609
282,1609
269,1609
239,1609
168,1609
95,1609
88,1609
65,1609
52,1609
43,1609
1302,1610
1301,1610
1292,1610
1250,1610
1232,1610
1136,1610
935,1610
928,1610
809,1610
742,1610
655,1610
563,1610
554,1610
545,1610
506,1610
499,1610
496,1610
493,1610
483,1610
461,1610
345,1610
251,1610
248,1610
223,1610
218,1610
208,1610
204,1610
201,1610
193,1610
144,1610
132,1610
67,1610
24,1610
23,1610
12,1610
1326,1611
1283,1611
1206,1611
1204,1611
880,1611
816,1611
766,1611
746,1611
599,1611
598,1611
527,1611
518,1611
498,1611
494,1611
493,1611
489,1611
473,1611
462,1611
440,1611
429,1611
421,1611
391,1611
369,1611
271,1611
269,1611
251,1611
246,1611
243,1611
228,1611
218,1611
171,1611
145,1611
135,1611
93,1611
87,1611
1005,1612
1142,1612
713,1612
492,1612
1089,1612
676,1612
661,1612
1044,1612
1041,1612
617,1612
1011,1612
603,1612
569,1612
168,1612
1347,1612
946,1612
1338,1612
938,1612
907,1612
1073,1612
504,1612
1293,1612
496,1612
1287,1612
95,1612
490,1612
879,1612
877,1612
872,1612
56,1612
37,1612
827,1612
1217,1612
1202,1612
1184,1612
1347,1613
1265,1613
1259,1613
1256,1613
1173,1613
1163,1613
1161,1613
1159,1613
1133,1613
1098,1613
1010,1613
992,1613
963,1613
910,1613
846,1613
806,1613
788,1613
744,1613
696,1613
687,1613
675,1613
661,1613
658,1613
647,1613
644,1613
339,1613
268,1613
260,1613
204,1613
187,1613
154,1613
109,1613
98,1613
24,1613
19,1613
1344,1614
1332,1614
1320,1614
1312,1614
1311,1614
1007,1614
982,1614
980,1614
972,1614
962,1614
916,1614
882,1614
727,1614
724,1614
671,1614
657,1614
639,1614
614,1614
593,1614
552,1614
550,1614
548,1614
512,1614
387,1614
348,1614
276,1614
274,1614
176,1614
109,1614
105,1614
52,1614
47,1614
44,1614
31,1614
25,1614
1335,1615
1330,1615
1324,1615
1294,1615
1293,1615
1192,1615
1191,1615
1138,1615
1060,1615
1035,1615
1034,1615
976,1615
931,1615
919,1615
917,1615
906,1615
890,1615
881,1615
879,1615
791,1615
787,1615
777,1615
775,1615
773,1615
733,1615
626,1615
616,1615
423,1615
323,1615
303,1615
294,1615
280,1615
211,1615
104,1615
97,1615
1327,1616
1320,1616
1214,1616
1171,1616
1152,1616
1116,1616
1115,1616
963,1616
950,1616
843,1616
820,1616
810,1616
801,1616
792,1616
762,1616
732,1616
621,1616
605,1616
588,1616
407,1616
370,1616
270,1616
236,1616
235,1616
208,1616
198,1616
187,1616
180,1616
157,1616
155,1616
143,1616
100,1616
76,1616
63,1616
7,1616
171,1617
1183,1617
387,1617
455,1617
141,1617
231,1617
223,1617
210,1617
207,1617
198,1617
187,1617
976,1617
159,1617
1348,1617
1344,1617
147,1617
935,1617
917,1617
1310,1617
515,1617
93,1617
489,1617
486,1617
485,1617
1274,1617
862,1617
457,1617
762,1617
848,1617
447,1617
1239,1617
841,1617
1216,1617
411,1617
1199,1617
1341,1618
1303,1618
1292,1618
1275,1618
1239,1618
1161,1618
1153,1618
1136,1618
1092,1618
1088,1618
1086,1618
1063,1618
1025,1618
1014,1618
1004,1618
843,1618
842,1618
818,1618
773,1618
703,1618
666,1618
634,1618
455,1618
439,1618
394,1618
376,1618
362,1618
340,1618
233,1618
215,1618
173,1618
164,1618
145,1618
103,1618
32,1618
1334,1619
1263,1619
1230,1619
1159,1619
1110,1619
1090,1619
1069,1619
1052,1619
996,1619
986,1619
843,1619
825,1619
820,1619
782,1619
744,1619
731,1619
720,1619
719,1619
717,1619
696,1619
681,1619
675,1619
602,1619
565,1619
555,1619
519,1619
367,1619
343,1619
306,1619
268,1619
260,1619
237,1619
191,1619
101,1619
18,1619
1318,1620
1295,1620
1191,1620
1138,1620
1123,1620
1108,1620
1076,1620
1060,1620
1042,1620
1035,1620
1034,1620
1027,1620
1009,1620
931,1620
929,1620
917,1620
864,1620
791,1620
773,1620
771,1620
733,1620
702,1620
700,1620
652,1620
590,1620
575,1620
570,1620
525,1620
453,1620
423,1620
280,1620
211,1620
188,1620
106,1620
104,1620
1259,1621
1257,1621
1231,1621
1227,1621
1223,1621
1216,1621
1171,1621
1161,1621
1157,1621
1130,1621
1128,1621
1120,1621
1104,1621
1001,1621
979,1621
970,1621
943,1621
930,1621
922,1621
868,1621
857,1621
855,1621
854,1621
849,1621
844,1621
826,1621
819,1621
797,1621
714,1621
501,1621
476,1621
448,1621
272,1621
168,1621
150,1621
764,1622
39,1622
755,1622
430,1622
695,1622
691,1622
673,1622
664,1622
605,1622
1333,1622
532,1622
496,1622
483,1622
475,1622
355,1622
409,1622
1199,1622
378,1622
377,1622
1171,1622
1167,1622
1162,1622
1152,1622
334,1622
1127,1622
263,1622
227,1622
197,1622
956,1622
138,1622
896,1622
96,1622
88,1622
870,1622
17,1622
1310,1623
1284,1623
1132,1623
988,1623
956,1623
867,1623
839,1623
820,1623
658,1623
650,1623
506,1623
475,1623
474,1623
468,1623
432,1623
419,1623
345,1623
261,1623
260,1623
248,1623
217,1623
204,1623
197,1623
194,1623
193,1623
159,1623
154,1623
150,1623
136,1623
132,1623
123,1623
122,1623
106,1623
12,1623
11,1623
1344,1624
1332,1624
1329,1624
1320,1624
1312,1624
1304,1624
1238,1624
1224,1624
1132,1624
982,1624
972,1624
962,1624
916,1624
882,1624
724,1624
715,1624
671,1624
639,1624
593,1624
577,1624
552,1624
550,1624
548,1624
512,1624
497,1624
418,1624
387,1624
300,1624
276,1624
274,1624
253,1624
176,1624
109,1624
105,1624
44,1624
1321,1625
1265,1625
1262,1625
1243,1625
1226,1625
1220,1625
1148,1625
1121,1625
1116,1625
993,1625
988,1625
839,1625
808,1625
805,1625
764,1625
751,1625
743,1625
654,1625
543,1625
513,1625
490,1625
475,1625
432,1625
333,1625
314,1625
308,1625
267,1625
250,1625
217,1625
197,1625
172,1625
158,1625
157,1625
30,1625
6,1625
1272,1626
1268,1626
1250,1626
1237,1626
1235,1626
1232,1626
1204,1626
1050,1626
948,1626
876,1626
807,1626
721,1626
604,1626
600,1626
580,1626
574,1626
571,1626
542,1626
539,1626
530,1626
524,1626
517,1626
476,1626
416,1626
414,1626
385,1626
312,1626
273,1626
271,1626
251,1626
215,1626
173,1626
156,1626
102,1626
61,1626
1329,1627
1308,1627
1205,1627
1203,1627
1123,1627
1055,1627
1046,1627
1044,1627
1042,1627
1041,1627
1011,1627
1005,1627
982,1627
960,1627
955,1627
844,1627
832,1627
728,1627
724,1627
697,1627
676,1627
603,1627
595,1627
515,1627
418,1627
406,1627
384,1627
324,1627
281,1627
277,1627
276,1627
189,1627
126,1627
124,1627
12,1627
1247,1628
1246,1628
1174,1628
1164,1628
1141,1628
1136,1628
1135,1628
1083,1628
1060,1628
1039,1628
1038,1628
1009,1628
906,1628
894,1628
814,1628
803,1628
802,1628
791,1628
764,1628
749,1628
728,1628
682,1628
664,1628
663,1628
599,1628
570,1628
405,1628
358,1628
338,1628
309,1628
303,1628
292,1628
117,1628
101,1628
58,1628
1284,1629
1281,1629
1275,1629
1267,1629
1265,1629
1255,1629
1186,1629
1121,1629
1069,1629
1061,1629
1057,1629
992,1629
963,1629
938,1629
909,1629
846,1629
838,1629
821,1629
788,1629
772,1629
687,1629
675,1629
658,1629
654,1629
644,1629
504,1629
478,1629
456,1629
325,1629
72,1629
65,1629
52,1629
43,1629
32,1629
14,1629
13,1629
680,1630
312,1630
643,1630
641,1630
623,1630
202,1630
1013,1630
1310,1630
502,1630
483,1630
1277,1630
475,1630
354,1630
437,1630
422,1630
1163,1630
269,1630
263,1630
246,1630
235,1630
221,1630
215,1630
173,1630
165,1630
928,1630
904,1630
617,1630
79,1630
54,1630
847,1630
840,1630
16,1630
12,1630
11,1630
0,1630
1310,1631
1296,1631
1121,1631
1116,1631
928,1631
869,1631
866,1631
862,1631
861,1631
825,1631
754,1631
475,1631
464,1631
441,1631
440,1631
308,1631
258,1631
255,1631
247,1631
244,1631
218,1631
212,1631
206,1631
205,1631
201,1631
200,1631
197,1631
193,1631
153,1631
137,1631
110,1631
107,1631
70,1631
11,1631
7,1631
1284,1632
1267,1632
1265,1632
1251,1632
1236,1632
1159,1632
1148,1632
1098,1632
1067,1632
1061,1632
1053,1632
1013,1632
1010,1632
992,1632
963,1632
938,1632
909,1632
846,1632
839,1632
838,1632
817,1632
788,1632
744,1632
719,1632
717,1632
696,1632
675,1632
658,1632
644,1632
507,1632
479,1632
352,1632
285,1632
268,1632
13,1632
1342,1633
1340,1633
1325,1633
1273,1633
1264,1633
1134,1633
1124,1633
1118,1633
979,1633
958,1633
914,1633
889,1633
875,1633
868,1633
857,1633
765,1633
729,1633
586,1633
551,1633
521,1633
501,1633
450,1633
380,1633
370,1633
360,1633
333,1633
282,1633
272,1633
267,1633
250,1633
216,1633
168,1633
54,1633
30,1633
6,1633
1334,1634
1242,1634
1226,1634
1222,1634
1176,1634
1150,1634
1126,1634
1121,1634
1116,1634
1085,1634
1072,1634
945,1634
836,1634
834,1634
833,1634
736,1634
654,1634
610,1634
557,1634
543,1634
505,1634
376,1634
333,1634
312,1634
250,1634
243,1634
202,1634
187,1634
143,1634
136,1634
76,1634
34,1634
12,1634
6,1634
3,1634
769,1635
740,1635
735,1635
704,1635
683,1635
679,1635
673,1635
664,1635
1330,1635
521,1635
1288,1635
1287,1635
485,1635
1267,1635
430,1635
1214,1635
126,1635
405,1635
1195,1635
1161,1635
353,1635
1149,1635
344,1635
1140,1635
338,1635
1265,1635
1092,1635
1091,1635
1081,1635
980,1635
177,1635
957,1635
918,1635
84,1635
46,1635
1340,1636
1325,1636
1321,1636
1313,1636
1284,1636
1255,1636
1186,1636
1177,1636
1121,1636
1109,1636
1101,1636
1057,1636
1048,1636
981,1636
939,1636
902,1636
797,1636
662,1636
608,1636
596,1636
591,1636
582,1636
513,1636
463,1636
456,1636
447,1636
360,1636
350,1636
269,1636
268,1636
250,1636
139,1636
88,1636
76,1636
23,1636
1339,1637
1152,1637
1061,1637
1033,1637
975,1637
869,1637
720,1637
657,1637
563,1637
464,1637
391,1637
310,1637
269,1637
255,1637
249,1637
247,1637
235,1637
231,1637
212,1637
198,1637
180,1637
160,1637
156,1637
153,1637
152,1637
141,1637
137,1637
127,1637
122,1637
106,1637
100,1637
87,1637
85,1637
52,1637
11,1637
1299,1638
1269,1638
1262,1638
1217,1638
1199,1638
1196,1638
1167,1638
1125,1638
1027,1638
967,1638
956,1638
896,1638
878,1638
847,1638
833,1638
773,1638
763,1638
680,1638
677,1638
480,1638
431,1638
428,1638
426,1638
409,1638
400,1638
388,1638
357,1638
347,1638
288,1638
287,1638
232,1638
191,1638
183,1638
99,1638
42,1638
1232,1639
1114,1639
1087,1639
910,1639
904,1639
747,1639
643,1639
642,1639
623,1639
578,1639
527,1639
502,1639
496,1639
449,1639
429,1639
426,1639
422,1639
386,1639
375,1639
346,1639
311,1639
260,1639
246,1639
223,1639
221,1639
215,1639
204,1639
191,1639
184,1639
173,1639
154,1639
145,1639
79,1639
56,1639
34,1639
1337,1640
1335,1640
1305,1640
1246,1640
1191,1640
1158,1640
1036,1640
1030,1640
924,1640
919,1640
913,1640
906,1640
890,1640
803,1640
791,1640
786,1640
773,1640
771,1640
769,1640
768,1640
590,1640
549,1640
540,1640
427,1640
397,1640
337,1640
328,1640
315,1640
298,1640
280,1640
103,1640
98,1640
84,1640
66,1640
48,1640
1342,1641
1341,1641
1335,1641
1301,1641
1180,1641
1094,1641
1079,1641
987,1641
929,1641
887,1641
856,1641
840,1641
824,1641
781,1641
746,1641
716,1641
688,1641
670,1641
665,1641
629,1641
603,1641
588,1641
534,1641
461,1641
384,1641
376,1641
348,1641
309,1641
289,1641
186,1641
88,1641
80,1641
77,1641
38,1641
7,1641
1281,1642
1255,1642
1203,1642
1187,1642
1160,1642
1150,1642
1118,1642
1085,1642
1065,1642
1043,1642
1007,1642
998,1642
938,1642
901,1642
882,1642
853,1642
766,1642
706,1642
672,1642
530,1642
457,1642
428,1642
411,1642
388,1642
349,1642
342,1642
309,1642
302,1642
282,1642
243,1642
233,1642
115,1642
49,1642
45,1642
21,1642
1168,1643
1156,1643
1136,1643
1123,1643
1122,1643
1061,1643
1050,1643
880,1643
850,1643
841,1643
816,1643
774,1643
766,1643
760,1643
737,1643
732,1643
716,1643
637,1643
599,1643
598,1643
536,1643
489,1643
421,1643
369,1643
271,1643
236,1643
225,1643
180,1643
171,1643
160,1643
159,1643
145,1643
100,1643
34,1643
12,1643
1283,1644
1271,1644
1206,1644
1170,1644
880,1644
816,1644
766,1644
746,1644
670,1644
598,1644
544,1644
518,1644
498,1644
493,1644
489,1644
473,1644
467,1644
441,1644
348,1644
269,1644
248,1644
246,1644
230,1644
228,1644
225,1644
218,1644
186,1644
155,1644
131,1644
130,1644
121,1644
113,1644
93,1644
87,1644
68,1644
1217,1645
1110,1645
1033,1645
1014,1645
1008,1645
988,1645
986,1645
966,1645
957,1645
946,1645
862,1645
830,1645
766,1645
667,1645
548,1645
528,1645
474,1645
458,1645
447,1645
441,1645
424,1645
414,1645
413,1645
391,1645
368,1645
308,1645
247,1645
228,1645
197,1645
165,1645
137,1645
128,1645
121,1645
113,1645
20,1645
1346,1646
1342,1646
1329,1646
1258,1646
1249,1646
1236,1646
1195,1646
1192,1646
1160,1646
1111,1646
1095,1646
1046,1646
1011,1646
998,1646
936,1646
828,1646
707,1646
700,1646
696,1646
626,1646
570,1646
417,1646
393,1646
384,1646
381,1646
364,1646
353,1646
323,1646
319,1646
285,1646
268,1646
112,1646
74,1646
58,1646
19,1646
12,1647
78,1647
623,1647
1329,1647
1281,1647
1274,1647
460,1647
437,1647
405,1647
370,1647
356,1647
1124,1647
324,1647
1097,1647
1054,1647
1050,1647
1045,1647
242,1647
1019,1647
218,1647
209,1647
199,1647
952,1647
141,1647
937,1647
127,1647
113,1647
901,1647
103,1647
96,1647
90,1647
870,1647
70,1647
5,1647
0,1647
1344,1648
1332,1648
1312,1648
1311,1648
1201,1648
1008,1648
1007,1648
980,1648
962,1648
916,1648
882,1648
727,1648
657,1648
639,1648
614,1648
593,1648
552,1648
550,1648
548,1648
544,1648
512,1648
465,1648
446,1648
412,1648
387,1648
348,1648
278,1648
274,1648
176,1648
111,1648
105,1648
52,1648
47,1648
31,1648
25,1648
1265,1649
1159,1649
1087,1649
1062,1649
1022,1649
992,1649
979,1649
966,1649
963,1649
846,1649
817,1649
802,1649
792,1649
788,1649
696,1649
675,1649
658,1649
492,1649
469,1649
458,1649
352,1649
268,1649
262,1649
261,1649
260,1649
231,1649
211,1649
206,1649
204,1649
194,1649
165,1649
154,1649
145,1649
144,1649
128,1649
110,1649
1333,1650
1110,1650
1071,1650
1051,1650
986,1650
966,1650
904,1650
876,1650
867,1650
830,1650
792,1650
728,1650
655,1650
563,1650
545,1650
539,1650
506,1650
462,1650
447,1650
391,1650
293,1650
246,1650
237,1650
210,1650
193,1650
191,1650
187,1650
160,1650
149,1650
145,1650
143,1650
138,1650
93,1650
54,1650
17,1650
11,1650
1337,1651
1336,1651
1108,1651
1093,1651
1058,1651
1042,1651
959,1651
955,1651
823,1651
757,1651
620,1651
606,1651
579,1651
570,1651
549,1651
442,1651
423,1651
413,1651
392,1651
390,1651
367,1651
365,1651
341,1651
327,1651
317,1651
303,1651
294,1651
289,1651
183,1651
124,1651
108,1651
66,1651
58,1651
57,1651
56,1651
1321,1652
1263,1652
1243,1652
1226,1652
1222,1652
1059,1652
993,1652
926,1652
867,1652
848,1652
845,1652
840,1652
833,1652
826,1652
776,1652
546,1652
513,1652
501,1652
490,1652
481,1652
445,1652
380,1652
363,1652
306,1652
272,1652
267,1652
237,1652
233,1652
215,1652
173,1652
158,1652
157,1652
107,1652
76,1652
45,1652
171,1653
387,1653
1274,1653
141,1653
231,1653
223,1653
210,1653
207,1653
198,1653
187,1653
976,1653
569,1653
159,1653
1348,1653
1344,1653
147,1653
935,1653
133,1653
917,1653
1310,1653
515,1653
93,1653
489,1653
486,1653
877,1653
862,1653
457,1653
1247,1653
762,1653
848,1653
447,1653
1239,1653
841,1653
1216,1653
1199,1653
1349,1654
1310,1654
1283,1654
957,1654
643,1654
641,1654
589,1654
563,1654
545,1654
527,1654
518,1654
475,1654
468,1654
440,1654
437,1654
432,1654
429,1654
391,1654
354,1654
248,1654
246,1654
228,1654
223,1654
205,1654
201,1654
197,1654
172,1654
165,1654
154,1654
138,1654
136,1654
122,1654
113,1654
106,1654
87,1654
1342,1655
1258,1655
1246,1655
1158,1655
1145,1655
1111,1655
918,1655
878,1655
826,1655
802,1655
798,1655
781,1655
780,1655
673,1655
664,1655
660,1655
653,1655
643,1655
638,1655
575,1655
447,1655
444,1655
435,1655
394,1655
389,1655
343,1655
318,1655
293,1655
220,1655
182,1655
160,1655
146,1655
93,1655
51,1655
14,1655
1284,1657
1207,1657
1150,1657
1057,1657
1029,1657
1010,1657
941,1657
894,1657
861,1657
858,1657
681,1657
670,1657
617,1657
611,1657
592,1657
545,1657
501,1657
475,1657
333,1657
272,1657
250,1657
247,1657
206,1657
197,1657
179,1657
165,1657
160,1657
151,1657
137,1657
135,1657
118,1657
90,1657
27,1657
15,1657
12,1657
1162,1658
1152,1658
1144,1658
1022,1658
792,1658
788,1658
750,1658
747,1658
658,1658
592,1658
580,1658
515,1658
496,1658
424,1658
420,1658
419,1658
257,1658
255,1658
242,1658
238,1658
230,1658
219,1658
212,1658
210,1658
209,1658
205,1658
172,1658
170,1658
148,1658
142,1658
138,1658
106,1658
74,1658
17,1658
1,1658
1292,1659
1274,1659
1243,1659
1231,1659
1163,1659
1150,1659
1097,1659
841,1659
754,1659
720,1659
715,1659
655,1659
580,1659
491,1659
483,1659
468,1659
384,1659
311,1659
297,1659
255,1659
242,1659
237,1659
231,1659
215,1659
212,1659
210,1659
209,1659
173,1659
170,1659
159,1659
152,1659
135,1659
133,1659
122,1659
106,1659
1322,1660
1316,1660
1310,1660
1274,1660
1232,1660
1210,1660
1199,1660
1196,1660
1163,1660
1162,1660
1129,1660
1114,1660
1001,1660
963,1660
674,1660
632,1660
554,1660
546,1660
494,1660
490,1660
362,1660
284,1660
279,1660
233,1660
231,1660
211,1660
205,1660
197,1660
192,1660
165,1660
150,1660
142,1660
137,1660
33,1660
32,1660
1321,1661
1242,1661
1065,1661
921,1661
839,1661
767,1661
736,1661
647,1661
608,1661
601,1661
596,1661
543,1661
513,1661
505,1661
501,1661
475,1661
456,1661
421,1661
270,1661
250,1661
249,1661
247,1661
235,1661
231,1661
218,1661
197,1661
187,1661
171,1661
165,1661
157,1661
153,1661
143,1661
137,1661
110,1661
76,1661
1263,1662
1207,1662
1150,1662
1131,1662
1085,1662
935,1662
928,1662
742,1662
655,1662
637,1662
563,1662
545,1662
457,1662
257,1662
238,1662
231,1662
223,1662
215,1662
204,1662
201,1662
198,1662
193,1662
173,1662
165,1662
154,1662
138,1662
137,1662
133,1662
123,1662
106,1662
74,1662
34,1662
23,1662
12,1662
7,1662
1333,1663
1320,1663
1271,1663
1239,1663
1180,1663
1136,1663
985,1663
963,1663
928,1663
880,1663
766,1663
746,1663
717,1663
637,1663
605,1663
588,1663
564,1663
563,1663
503,1663
489,1663
482,1663
377,1663
348,1663
271,1663
248,1663
237,1663
211,1663
208,1663
204,1663
186,1663
154,1663
130,1663
87,1663
44,1663
7,1663
1310,1664
1207,1664
1163,1664
928,1664
742,1664
721,1664
692,1664
655,1664
643,1664
554,1664
545,1664
527,1664
518,1664
506,1664
499,1664
496,1664
483,1664
429,1664
422,1664
237,1664
223,1664
221,1664
210,1664
201,1664
193,1664
187,1664
179,1664
170,1664
138,1664
133,1664
122,1664
74,1664
24,1664
17,1664
12,1664
1310,1665
1301,1665
1271,1665
1207,1665
979,1665
935,1665
928,1665
860,1665
788,1665
692,1665
554,1665
545,1665
531,1665
527,1665
518,1665
515,1665
462,1665
429,1665
424,1665
420,1665
257,1665
238,1665
230,1665
219,1665
201,1665
193,1665
179,1665
172,1665
165,1665
149,1665
148,1665
142,1665
54,1665
24,1665
1,1665
1283,1666
1086,1666
1041,1666
966,1666
928,1666
869,1666
861,1666
842,1666
742,1666
738,1666
655,1666
563,1666
499,1666
491,1666
464,1666
441,1666
440,1666
251,1666
248,1666
247,1666
223,1666
218,1666
204,1666
201,1666
200,1666
194,1666
184,1666
171,1666
149,1666
138,1666
137,1666
136,1666
135,1666
102,1666
12,1666
1243,1667
1163,1667
1150,1667
1116,1667
1094,1667
928,1667
867,1667
826,1667
817,1667
744,1667
691,1667
658,1667
643,1667
610,1667
580,1667
518,1667
496,1667
487,1667
483,1667
447,1667
411,1667
352,1667
312,1667
260,1667
258,1667
237,1667
231,1667
209,1667
204,1667
202,1667
193,1667
138,1667
133,1667
17,1667
12,1667
966,1668
957,1668
942,1668
867,1668
861,1668
830,1668
637,1668
563,1668
518,1668
464,1668
456,1668
325,1668
257,1668
255,1668
247,1668
238,1668
231,1668
212,1668
211,1668
204,1668
201,1668
197,1668
165,1668
154,1668
149,1668
147,1668
138,1668
137,1668
133,1668
118,1668
110,1668
106,1668
51,1668
17,1668
12,1668
1321,1669
1284,1669
1243,1669
1226,1669
1150,1669
1146,1669
1137,1669
1132,1669
1094,1669
1057,1669
1010,1669
993,1669
894,1669
858,1669
848,1669
822,1669
763,1669
681,1669
669,1669
599,1669
592,1669
513,1669
333,1669
306,1669
269,1669
267,1669
250,1669
209,1669
159,1669
158,1669
157,1669
143,1669
76,1669
23,1669
12,1669
1310,1670
1233,1670
1163,1670
1144,1670
1128,1670
1048,1670
979,1670
935,1670
928,1670
867,1670
841,1670
721,1670
655,1670
588,1670
554,1670
545,1670
496,1670
491,1670
483,1670
468,1670
392,1670
311,1670
270,1670
260,1670
255,1670
246,1670
212,1670
197,1670
159,1670
149,1670
134,1670
133,1670
110,1670
106,1670
74,1670
1284,1671
1283,1671
1097,1671
754,1671
746,1671
670,1671
655,1671
638,1671
564,1671
527,1671
518,1671
506,1671
493,1671
491,1671
441,1671
440,1671
429,1671
411,1671
377,1671
324,1671
260,1671
258,1671
251,1671
248,1671
246,1671
218,1671
204,1671
200,1671
168,1671
135,1671
130,1671
93,1671
87,1671
12,1671
11,1671
1242,1672
1232,1672
1085,1672
862,1672
861,1672
841,1672
836,1672
792,1672
767,1672
721,1672
647,1672
580,1672
563,1672
515,1672
505,1672
472,1672
237,1672
218,1672
215,1672
210,1672
208,1672
204,1672
184,1672
173,1672
160,1672
159,1672
154,1672
153,1672
149,1672
141,1672
70,1672
34,1672
23,1672
12,1672
11,1672
1349,1673
1284,1673
1274,1673
1158,1673
1097,1673
1057,1673
1012,1673
1010,1673
995,1673
977,1673
975,1673
963,1673
942,1673
894,1673
877,1673
858,1673
848,1673
836,1673
746,1673
717,1673
589,1673
588,1673
513,1673
324,1673
306,1673
258,1673
250,1673
235,1673
231,1673
227,1673
210,1673
204,1673
191,1673
90,1673
15,1673
1263,1674
904,1674
867,1674
687,1674
638,1674
564,1674
527,1674
468,1674
429,1674
419,1674
260,1674
255,1674
237,1674
231,1674
217,1674
215,1674
212,1674
208,1674
204,1674
201,1674
198,1674
173,1674
170,1674
160,1674
157,1674
154,1674
149,1674
145,1674
138,1674
106,1674
74,1674
59,1674
17,1674
12,1674
11,1674
1283,1675
1206,1675
1163,1675
880,1675
766,1675
655,1675
580,1675
527,1675
517,1675
506,1675
504,1675
498,1675
493,1675
489,1675
441,1675
440,1675
429,1675
421,1675
271,1675
269,1675
251,1675
248,1675
228,1675
218,1675
211,1675
197,1675
186,1675
171,1675
135,1675
130,1675
113,1675
106,1675
87,1675
34,1675
12,1675
1284,1676
1267,1676
1265,1676
1251,1676
1236,1676
1159,1676
1105,1676
1098,1676
1067,1676
1053,1676
1010,1676
938,1676
909,1676
846,1676
839,1676
838,1676
821,1676
817,1676
806,1676
707,1676
696,1676
690,1676
675,1676
658,1676
644,1676
479,1676
469,1676
352,1676
268,1676
144,1676
130,1676
128,1676
87,1676
19,1676
13,1676
1284,1677
1281,1677
1255,1677
1249,1677
1158,1677
1114,1677
1065,1677
1057,1677
1012,1677
1010,1677
978,1677
935,1677
858,1677
843,1677
842,1677
797,1677
794,1677
717,1677
680,1677
628,1677
592,1677
564,1677
513,1677
457,1677
446,1677
418,1677
411,1677
324,1677
229,1677
208,1677
168,1677
157,1677
118,1677
90,1677
12,1677
1302,1678
1301,1678
1292,1678
1183,1678
1088,1678
990,1678
925,1678
843,1678
840,1678
794,1678
753,1678
643,1678
642,1678
641,1678
610,1678
539,1678
531,1678
502,1678
483,1678
449,1678
437,1678
426,1678
386,1678
375,1678
346,1678
312,1678
263,1678
246,1678
223,1678
208,1678
138,1678
79,1678
74,1678
42,1678
17,1678
1302,1679
1232,1679
747,1679
638,1679
563,1679
545,1679
527,1679
520,1679
511,1679
506,1679
502,1679
493,1679
468,1679
429,1679
426,1679
419,1679
223,1679
215,1679
204,1679
200,1679
187,1679
179,1679
173,1679
154,1679
149,1679
135,1679
133,1679
122,1679
106,1679
79,1679
34,1679
24,1679
12,1679
11,1679
3,1679
1315,1680
1250,1680
1106,1680
1071,1680
1067,1680
1059,1680
1057,1680
1048,1680
1045,1680
1031,1680
1029,1680
1014,1680
963,1680
937,1680
922,1680
909,1680
731,1680
663,1680
662,1680
583,1680
526,1680
523,1680
495,1680
434,1680
406,1680
301,1680
233,1680
208,1680
204,1680
198,1680
165,1680
157,1680
137,1680
107,1680
29,1680
1270,1681
1237,1681
1235,1681
1207,1681
1189,1681
1173,1681
1061,1681
975,1681
950,1681
876,1681
865,1681
847,1681
792,1681
777,1681
755,1681
721,1681
617,1681
574,1681
542,1681
455,1681
422,1681
332,1681
320,1681
221,1681
220,1681
208,1681
202,1681
190,1681
175,1681
160,1681
156,1681
54,1681
34,1681
24,1681
12,1681
774,1682
766,1682
746,1682
68,1682
670,1682
131,1682
598,1682
544,1682
515,1682
498,1682
493,1682
489,1682
1283,1682
1271,1682
473,1682
471,1682
467,1682
441,1682
1206,1682
1170,1682
369,1682
348,1682
248,1682
228,1682
225,1682
218,1682
186,1682
155,1682
130,1682
121,1682
113,1682
93,1682
87,1682
880,1682
816,1682
1163,1683
1131,1683
963,1683
932,1683
928,1683
867,1683
861,1683
655,1683
554,1683
545,1683
539,1683
527,1683
518,1683
506,1683
496,1683
483,1683
472,1683
429,1683
321,1683
255,1683
251,1683
248,1683
246,1683
237,1683
212,1683
201,1683
193,1683
165,1683
145,1683
143,1683
137,1683
132,1683
110,1683
54,1683
12,1683
1224,1684
1131,1684
1022,1684
928,1684
841,1684
792,1684
643,1684
610,1684
563,1684
545,1684
544,1684
527,1684
506,1684
502,1684
499,1684
496,1684
437,1684
345,1684
312,1684
263,1684
242,1684
231,1684
223,1684
215,1684
209,1684
204,1684
201,1684
191,1684
173,1684
165,1684
159,1684
154,1684
149,1684
138,1684
17,1684
1310,1685
1302,1685
1292,1685
1286,1685
1166,1685
1162,1685
1151,1685
999,1685
935,1685
680,1685
643,1685
642,1685
623,1685
563,1685
554,1685
475,1685
457,1685
351,1685
346,1685
312,1685
263,1685
246,1685
231,1685
223,1685
201,1685
197,1685
187,1685
165,1685
149,1685
138,1685
137,1685
96,1685
79,1685
74,1685
17,1685
1327,1686
1299,1686
1233,1686
1206,1686
1204,1686
774,1686
766,1686
746,1686
716,1686
621,1686
607,1686
598,1686
568,1686
541,1686
498,1686
494,1686
489,1686
421,1686
391,1686
369,1686
271,1686
260,1686
243,1686
218,1686
211,1686
186,1686
171,1686
146,1686
145,1686
135,1686
130,1686
93,1686
87,1686
32,1686
3,1686
1321,1687
1284,1687
1243,1687
1226,1687
1220,1687
1116,1687
1031,1687
1010,1687
993,1687
860,1687
839,1687
838,1687
817,1687
813,1687
730,1687
675,1687
662,1687
658,1687
644,1687
566,1687
556,1687
553,1687
546,1687
513,1687
470,1687
447,1687
314,1687
267,1687
250,1687
242,1687
209,1687
157,1687
107,1687
30,1687
6,1687
1281,1688
1278,1688
1275,1688
1266,1688
1263,1688
1260,1688
1255,1688
1249,1688
1248,1688
1186,1688
1181,1688
1176,1688
1106,1688
1096,1688
1069,1688
1057,1688
1015,1688
859,1688
843,1688
825,1688
801,1688
781,1688
772,1688
698,1688
646,1688
478,1688
447,1688
231,1688
211,1688
208,1688
204,1688
157,1688
107,1688
52,1688
32,1688
1302,1689
1301,1689
1286,1689
1284,1689
1255,1689
1183,1689
1162,1689
1097,1689
1006,1689
999,1689
858,1689
855,1689
797,1689
767,1689
753,1689
719,1689
717,1689
611,1689
599,1689
588,1689
491,1689
446,1689
426,1689
424,1689
418,1689
375,1689
270,1689
229,1689
175,1689
90,1689
79,1689
42,1689
24,1689
15,1689
12,1689
1320,1690
1294,1690
1199,1690
1173,1690
1152,1690
873,1690
843,1690
842,1690
792,1690
774,1690
693,1690
673,1690
602,1690
600,1690
583,1690
577,1690
555,1690
515,1690
481,1690
455,1690
430,1690
355,1690
233,1690
229,1690
211,1690
209,1690
208,1690
190,1690
182,1690
165,1690
157,1690
117,1690
107,1690
62,1690
34,1690
1297,1691
1216,1691
1157,1691
1112,1691
1075,1691
975,1691
942,1691
928,1691
881,1691
857,1691
797,1691
745,1691
655,1691
599,1691
563,1691
527,1691
518,1691
506,1691
499,1691
493,1691
440,1691
429,1691
421,1691
391,1691
272,1691
261,1691
227,1691
201,1691
193,1691
179,1691
149,1691
133,1691
123,1691
118,1691
106,1691
1334,1692
1324,1692
1214,1692
1072,1692
973,1692
928,1692
869,1692
841,1692
655,1692
643,1692
625,1692
617,1692
527,1692
509,1692
496,1692
491,1692
483,1692
464,1692
440,1692
430,1692
429,1692
377,1692
312,1692
293,1692
273,1692
263,1692
202,1692
201,1692
198,1692
193,1692
175,1692
159,1692
110,1692
24,1692
11,1692
1250,1693
1242,1693
1222,1693
1214,1693
1059,1693
1033,1693
935,1693
928,1693
867,1693
839,1693
812,1693
801,1693
800,1693
792,1693
767,1693
766,1693
647,1693
543,1693
513,1693
505,1693
270,1693
250,1693
235,1693
208,1693
205,1693
204,1693
198,1693
197,1693
187,1693
165,1693
157,1693
143,1693
110,1693
76,1693
53,1693
1284,1694
1128,1694
1092,1694
1085,1694
935,1694
895,1694
894,1694
886,1694
861,1694
858,1694
841,1694
836,1694
655,1694
545,1694
271,1694
261,1694
255,1694
247,1694
227,1694
212,1694
211,1694
209,1694
194,1694
165,1694
159,1694
150,1694
137,1694
110,1694
76,1694
51,1694
41,1694
27,1694
23,1694
15,1694
12,1694
1346,1695
1283,1695
1279,1695
1261,1695
1244,1695
992,1695
988,1695
987,1695
867,1695
856,1695
742,1695
662,1695
655,1695
504,1695
499,1695
492,1695
486,1695
441,1695
432,1695
377,1695
374,1695
344,1695
306,1695
301,1695
277,1695
249,1695
248,1695
218,1695
179,1695
167,1695
142,1695
136,1695
132,1695
123,1695
87,1695
1349,1696
1333,1696
1310,1696
1207,1696
1163,1696
1110,1696
1097,1696
1085,1696
986,1696
910,1696
841,1696
655,1696
589,1696
575,1696
554,1696
527,1696
447,1696
429,1696
341,1696
293,1696
255,1696
237,1696
231,1696
215,1696
212,1696
211,1696
204,1696
193,1696
173,1696
159,1696
154,1696
133,1696
24,1696
12,1696
11,1696
1310,1697
1284,1697
1163,1697
1133,1697
1132,1697
1010,1697
966,1697
910,1697
867,1697
861,1697
858,1697
830,1697
794,1697
744,1697
638,1697
462,1697
411,1697
391,1697
260,1697
255,1697
231,1697
212,1697
211,1697
204,1697
198,1697
197,1697
170,1697
165,1697
160,1697
154,1697
147,1697
135,1697
107,1697
12,1697
7,1697
680,1698
312,1698
643,1698
641,1698
623,1698
202,1698
1013,1698
1310,1698
502,1698
483,1698
1277,1698
475,1698
464,1698
354,1698
437,1698
422,1698
1163,1698
269,1698
263,1698
246,1698
235,1698
221,1698
215,1698
173,1698
165,1698
928,1698
110,1698
904,1698
617,1698
79,1698
54,1698
847,1698
840,1698
16,1698
11,1698
1154,1699
935,1699
904,1699
687,1699
638,1699
564,1699
539,1699
527,1699
468,1699
429,1699
419,1699
260,1699
255,1699
237,1699
217,1699
215,1699
212,1699
208,1699
204,1699
201,1699
198,1699
173,1699
160,1699
157,1699
154,1699
149,1699
147,1699
145,1699
138,1699
106,1699
74,1699
59,1699
17,1699
12,1699
11,1699
1338,1700
1301,1700
966,1700
860,1700
842,1700
830,1700
822,1700
769,1700
742,1700
698,1700
655,1700
424,1700
420,1700
418,1700
368,1700
326,1700
257,1700
238,1700
230,1700
219,1700
215,1700
211,1700
208,1700
204,1700
198,1700
193,1700
189,1700
173,1700
172,1700
160,1700
149,1700
148,1700
142,1700
83,1700
79,1700
1,1700
1333,1701
1295,1701
1293,1701
1280,1701
1173,1701
1159,1701
1140,1701
1124,1701
1100,1701
1099,1701
1065,1701
1048,1701
908,1701
842,1701
821,1701
769,1701
716,1701
702,1701
696,1701
686,1701
658,1701
628,1701
598,1701
462,1701
289,1701
268,1701
227,1701
204,1701
178,1701
154,1701
145,1701
63,1701
46,1701
36,1701
24,1701
1283,1702
1242,1702
1204,1702
880,1702
766,1702
716,1702
647,1702
580,1702
574,1702
568,1702
563,1702
542,1702
518,1702
498,1702
494,1702
491,1702
489,1702
473,1702
440,1702
435,1702
421,1702
271,1702
269,1702
251,1702
248,1702
246,1702
218,1702
211,1702
191,1702
171,1702
146,1702
145,1702
135,1702
130,1702
87,1702
1321,1703
1310,1703
1214,1703
1033,1703
867,1703
862,1703
861,1703
824,1703
821,1703
750,1703
688,1703
643,1703
539,1703
529,1703
503,1703
496,1703
440,1703
255,1703
247,1703
246,1703
237,1703
221,1703
218,1703
215,1703
212,1703
210,1703
173,1703
170,1703
156,1703
149,1703
145,1703
137,1703
135,1703
110,1703
45,1703
1351,1704
1328,1704
1326,1704
1084,1704
1082,1704
943,1704
942,1704
880,1704
869,1704
825,1704
783,1704
762,1704
720,1704
640,1704
637,1704
563,1704
523,1704
464,1704
394,1704
249,1704
235,1704
231,1704
224,1704
213,1704
198,1704
180,1704
153,1704
152,1704
149,1704
146,1704
141,1704
122,1704
100,1704
11,1704
7,1704
1333,1705
1302,1705
1301,1705
1292,1705
1286,1705
1183,1705
925,1705
869,1705
680,1705
643,1705
642,1705
610,1705
531,1705
475,1705
464,1705
426,1705
378,1705
375,1705
372,1705
346,1705
312,1705
246,1705
229,1705
214,1705
211,1705
197,1705
166,1705
147,1705
138,1705
137,1705
130,1705
96,1705
79,1705
60,1705
17,1705
1321,1706
1310,1706
1048,1706
867,1706
862,1706
861,1706
822,1706
821,1706
643,1706
580,1706
539,1706
529,1706
527,1706
503,1706
496,1706
440,1706
293,1706
255,1706
247,1706
246,1706
237,1706
221,1706
220,1706
218,1706
215,1706
212,1706
210,1706
173,1706
149,1706
145,1706
137,1706
135,1706
110,1706
49,1706
45,1706
1302,1707
1301,1707
1286,1707
1090,1707
1088,1707
999,1707
990,1707
932,1707
925,1707
840,1707
753,1707
643,1707
623,1707
610,1707
592,1707
539,1707
502,1707
475,1707
449,1707
422,1707
378,1707
375,1707
372,1707
312,1707
254,1707
246,1707
223,1707
221,1707
214,1707
200,1707
191,1707
142,1707
138,1707
122,1707
17,1707
1324,1708
1310,1708
947,1708
941,1708
928,1708
867,1708
515,1708
503,1708
499,1708
494,1708
490,1708
483,1708
475,1708
474,1708
395,1708
259,1708
247,1708
237,1708
231,1708
221,1708
218,1708
206,1708
201,1708
198,1708
193,1708
189,1708
165,1708
147,1708
142,1708
138,1708
137,1708
136,1708
132,1708
123,1708
110,1708
1318,1709
1305,1709
1238,1709
1214,1709
1204,1709
1133,1709
1128,1709
1099,1709
1058,1709
1041,1709
934,1709
901,1709
828,1709
819,1709
782,1709
777,1709
773,1709
757,1709
745,1709
725,1709
699,1709
676,1709
620,1709
606,1709
442,1709
428,1709
423,1709
243,1709
214,1709
135,1709
120,1709
84,1709
49,1709
44,1709
20,1709
1310,1710
1163,1710
1150,1710
1116,1710
867,1710
841,1710
839,1710
744,1710
721,1710
580,1710
496,1710
491,1710
468,1710
422,1710
260,1710
247,1710
231,1710
221,1710
217,1710
210,1710
204,1710
202,1710
198,1710
194,1710
165,1710
159,1710
154,1710
138,1710
137,1710
135,1710
133,1710
122,1710
106,1710
17,1710
12,1710
1352,1711
1286,1711
1223,1711
1163,1711
1127,1711
1071,1711
935,1711
928,1711
750,1711
742,1711
724,1711
655,1711
643,1711
554,1711
545,1711
527,1711
518,1711
501,1711
499,1711
496,1711
493,1711
483,1711
429,1711
345,1711
272,1711
223,1711
204,1711
201,1711
193,1711
179,1711
165,1711
145,1711
144,1711
110,1711
36,1711
1296,1712
1207,1712
1180,1712
1127,1712
928,1712
825,1712
692,1712
655,1712
643,1712
638,1712
554,1712
545,1712
539,1712
527,1712
518,1712
506,1712
499,1712
496,1712
493,1712
487,1712
483,1712
468,1712
429,1712
409,1712
400,1712
321,1712
263,1712
223,1712
201,1712
193,1712
144,1712
143,1712
132,1712
90,1712
24,1712
1326,1713
1222,1713
1183,1713
1054,1713
941,1713
880,1713
861,1713
656,1713
563,1713
529,1713
496,1713
483,1713
421,1713
260,1713
255,1713
251,1713
247,1713
242,1713
237,1713
231,1713
218,1713
212,1713
201,1713
189,1713
175,1713
170,1713
165,1713
154,1713
137,1713
135,1713
107,1713
70,1713
44,1713
12,1713
7,1713
1353,1714
1312,1714
1205,1714
1157,1714
1130,1714
1079,1714
972,1714
962,1714
955,1714
824,1714
821,1714
741,1714
702,1714
688,1714
671,1714
639,1714
552,1714
489,1714
408,1714
368,1714
365,1714
344,1714
341,1714
338,1714
313,1714
303,1714
282,1714
274,1714
259,1714
245,1714
176,1714
117,1714
109,1714
105,1714
24,1714
2,1714
1283,1715
1206,1715
1180,1715
880,1715
774,1715
766,1715
746,1715
655,1715
541,1715
518,1715
515,1715
506,1715
498,1715
494,1715
493,1715
489,1715
473,1715
441,1715
440,1715
435,1715
429,1715
348,1715
271,1715
248,1715
246,1715
228,1715
218,1715
211,1715
150,1715
136,1715
130,1715
113,1715
87,1715
74,1715
12,1715
1349,1716
1302,1716
1286,1716
1183,1716
1168,1716
869,1716
747,1716
742,1716
719,1716
623,1716
589,1716
563,1716
475,1716
464,1716
426,1716
375,1716
372,1716
312,1716
263,1716
248,1716
246,1716
223,1716
218,1716
197,1716
165,1716
138,1716
137,1716
133,1716
122,1716
110,1716
106,1716
96,1716
79,1716
74,1716
17,1716
1302,1717
1301,1717
1292,1717
1286,1717
1183,1717
1013,1717
999,1717
990,1717
925,1717
840,1717
753,1717
747,1717
680,1717
643,1717
642,1717
641,1717
623,1717
610,1717
531,1717
502,1717
449,1717
437,1717
428,1717
426,1717
386,1717
375,1717
372,1717
354,1717
346,1717
312,1717
263,1717
246,1717
223,1717
174,1717
79,1717
1340,1718
1325,1718
1313,1718
1250,1718
1236,1718
1177,1718
1121,1718
1101,1718
1057,1718
1050,1718
1048,1718
1029,1718
981,1718
939,1718
861,1718
853,1718
696,1718
654,1718
608,1718
601,1718
596,1718
591,1718
529,1718
513,1718
463,1718
456,1718
447,1718
360,1718
310,1718
301,1718
279,1718
268,1718
157,1718
139,1718
88,1718
791,1719
751,1719
832,1719
692,1719
688,1719
680,1719
124,1719
612,1719
602,1719
555,1719
1334,1719
1321,1719
1290,1719
470,1719
430,1719
378,1719
1164,1719
1150,1719
1147,1719
338,1719
1116,1719
1086,1719
1050,1719
1033,1719
185,1719
980,1719
960,1719
956,1719
955,1719
127,1719
887,1719
853,1719
824,1719
21,1719
3,1719
1349,1720
1302,1720
1286,1720
1283,1720
1183,1720
1168,1720
869,1720
747,1720
742,1720
719,1720
623,1720
589,1720
563,1720
475,1720
464,1720
426,1720
375,1720
372,1720
312,1720
263,1720
248,1720
246,1720
223,1720
218,1720
197,1720
165,1720
138,1720
137,1720
133,1720
122,1720
106,1720
96,1720
79,1720
74,1720
17,1720
1335,1721
1236,1721
1228,1721
1222,1721
1160,1721
1135,1721
1029,1721
1003,1721
996,1721
976,1721
973,1721
936,1721
918,1721
900,1721
857,1721
828,1721
823,1721
769,1721
756,1721
696,1721
663,1721
531,1721
487,1721
403,1721
393,1721
381,1721
364,1721
353,1721
297,1721
285,1721
269,1721
268,1721
112,1721
34,1721
23,1721
1296,1722
1263,1722
1206,1722
928,1722
880,1722
867,1722
833,1722
809,1722
754,1722
687,1722
568,1722
563,1722
518,1722
498,1722
489,1722
487,1722
440,1722
438,1722
421,1722
419,1722
391,1722
258,1722
255,1722
251,1722
244,1722
212,1722
211,1722
204,1722
193,1722
186,1722
146,1722
145,1722
130,1722
87,1722
12,1722
774,1723
766,1723
746,1723
68,1723
131,1723
473,1723
598,1723
544,1723
503,1723
498,1723
493,1723
489,1723
1283,1723
1271,1723
471,1723
467,1723
441,1723
424,1723
1206,1723
1170,1723
369,1723
348,1723
248,1723
228,1723
225,1723
218,1723
186,1723
167,1723
155,1723
130,1723
121,1723
113,1723
87,1723
880,1723
816,1723
1301,1724
1268,1724
1207,1724
928,1724
867,1724
861,1724
860,1724
788,1724
750,1724
715,1724
545,1724
518,1724
424,1724
420,1724
257,1724
238,1724
231,1724
230,1724
219,1724
201,1724
198,1724
193,1724
189,1724
179,1724
172,1724
149,1724
148,1724
142,1724
133,1724
118,1724
116,1724
74,1724
24,1724
12,1724
1,1724
1338,1725
1315,1725
1280,1725
1250,1725
1214,1725
1187,1725
1159,1725
1077,1725
1074,1725
1059,1725
1045,1725
1035,1725
962,1725
938,1725
937,1725
800,1725
752,1725
672,1725
658,1725
629,1725
564,1725
500,1725
495,1725
476,1725
456,1725
406,1725
256,1725
227,1725
211,1725
208,1725
204,1725
163,1725
157,1725
134,1725
119,1725
1351,1726
1299,1726
1152,1726
1134,1726
867,1726
861,1726
836,1726
774,1726
753,1726
721,1726
714,1726
580,1726
571,1726
515,1726
501,1726
493,1726
484,1726
480,1726
428,1726
330,1726
301,1726
271,1726
237,1726
215,1726
207,1726
184,1726
173,1726
160,1726
156,1726
150,1726
149,1726
118,1726
76,1726
34,1726
29,1726
1333,1727
1315,1727
1071,1727
979,1727
935,1727
860,1727
846,1727
841,1727
837,1727
822,1727
687,1727
655,1727
646,1727
411,1727
391,1727
255,1727
246,1727
237,1727
231,1727
215,1727
212,1727
208,1727
204,1727
201,1727
193,1727
189,1727
175,1727
173,1727
170,1727
159,1727
157,1727
154,1727
149,1727
107,1727
12,1727
1349,1728
1283,1728
1013,1728
881,1728
880,1728
643,1728
641,1728
638,1728
589,1728
563,1728
527,1728
518,1728
506,1728
502,1728
468,1728
440,1728
429,1728
391,1728
375,1728
354,1728
248,1728
246,1728
237,1728
218,1728
174,1728
149,1728
138,1728
122,1728
113,1728
87,1728
79,1728
74,1728
54,1728
17,1728
12,1728
1339,1729
1330,1729
1311,1729
1288,1729
1240,1729
1178,1729
1105,1729
1054,1729
1022,1729
1014,1729
1013,1729
932,1729
893,1729
815,1729
812,1729
800,1729
764,1729
707,1729
657,1729
641,1729
523,1729
500,1729
479,1729
438,1729
434,1729
373,1729
310,1729
256,1729
199,1729
186,1729
119,1729
86,1729
85,1729
72,1729
52,1729
1310,1730
1059,1730
950,1730
935,1730
824,1730
822,1730
792,1730
747,1730
724,1730
714,1730
688,1730
683,1730
580,1730
563,1730
527,1730
506,1730
468,1730
457,1730
429,1730
418,1730
237,1730
223,1730
215,1730
211,1730
208,1730
187,1730
179,1730
178,1730
173,1730
143,1730
138,1730
73,1730
42,1730
17,1730
12,1730
1283,1731
1163,1731
1131,1731
869,1731
861,1731
742,1731
721,1731
643,1731
641,1731
563,1731
527,1731
502,1731
499,1731
493,1731
483,1731
475,1731
464,1731
441,1731
437,1731
427,1731
345,1731
312,1731
263,1731
248,1731
246,1731
231,1731
223,1731
218,1731
197,1731
154,1731
149,1731
138,1731
133,1731
54,1731
17,1731
1349,1732
1085,1732
1048,1732
904,1732
878,1732
862,1732
842,1732
655,1732
617,1732
589,1732
455,1732
422,1732
386,1732
377,1732
325,1732
260,1732
254,1732
223,1732
221,1732
215,1732
214,1732
208,1732
204,1732
201,1732
200,1732
191,1732
175,1732
173,1732
157,1732
154,1732
122,1732
74,1732
42,1732
12,1732
11,1732
1346,1733
1329,1733
1309,1733
1108,1733
1088,1733
1052,1733
1043,1733
1042,1733
989,1733
987,1733
856,1733
814,1733
785,1733
728,1733
702,1733
685,1733
620,1733
612,1733
507,1733
480,1733
477,1733
451,1733
442,1733
413,1733
340,1733
328,1733
324,1733
298,1733
285,1733
219,1733
178,1733
124,1733
120,1733
66,1733
9,1733
1333,1734
1284,1734
1255,1734
1161,1734
1150,1734
1140,1734
1132,1734
1128,1734
1122,1734
1065,1734
1010,1734
975,1734
900,1734
894,1734
867,1734
858,1734
841,1734
717,1734
588,1734
411,1734
312,1734
255,1734
250,1734
235,1734
231,1734
227,1734
212,1734
168,1734
159,1734
150,1734
93,1734
27,1734
23,1734
15,1734
7,1734
1136,1735
1056,1735
952,1735
901,1735
805,1735
774,1735
732,1735
730,1735
715,1735
691,1735
672,1735
655,1735
653,1735
599,1735
540,1735
527,1735
519,1735
518,1735
503,1735
489,1735
473,1735
467,1735
429,1735
421,1735
371,1735
359,1735
269,1735
260,1735
237,1735
236,1735
232,1735
207,1735
180,1735
171,1735
100,1735
1306,1736
1238,1736
1197,1736
1136,1736
1085,1736
1012,1736
973,1736
900,1736
843,1736
842,1736
797,1736
655,1736
601,1736
559,1736
493,1736
481,1736
428,1736
410,1736
409,1736
317,1736
253,1736
233,1736
211,1736
208,1736
198,1736
189,1736
187,1736
180,1736
166,1736
165,1736
157,1736
107,1736
100,1736
34,1736
12,1736
1284,1737
1265,1737
1251,1737
1159,1737
1033,1737
1013,1737
1010,1737
938,1737
909,1737
846,1737
839,1737
838,1737
696,1737
675,1737
658,1737
644,1737
641,1737
479,1737
475,1737
437,1737
354,1737
268,1737
263,1737
248,1737
246,1737
205,1737
197,1737
191,1737
165,1737
130,1737
128,1737
110,1737
87,1737
79,1737
13,1737
1310,1738
1259,1738
1231,1738
1222,1738
1116,1738
1104,1738
1050,1738
974,1738
970,1738
947,1738
941,1738
928,1738
861,1738
825,1738
769,1738
754,1738
715,1738
643,1738
637,1738
563,1738
530,1738
501,1738
490,1738
440,1738
272,1738
255,1738
235,1738
215,1738
212,1738
210,1738
200,1738
198,1738
173,1738
147,1738
11,1738
1347,1739
1278,1739
1275,1739
1228,1739
1193,1739
1123,1739
1111,1739
1091,1739
1009,1739
978,1739
974,1739
873,1739
869,1739
814,1739
803,1739
725,1739
710,1739
706,1739
694,1739
616,1739
600,1739
598,1739
464,1739
421,1739
341,1739
331,1739
236,1739
180,1739
171,1739
154,1739
150,1739
129,1739
124,1739
116,1739
10,1739
1349,1740
1310,1740
928,1740
742,1740
692,1740
655,1740
589,1740
564,1740
563,1740
554,1740
545,1740
527,1740
518,1740
506,1740
499,1740
493,1740
483,1740
464,1740
441,1740
429,1740
321,1740
263,1740
251,1740
248,1740
223,1740
218,1740
211,1740
208,1740
204,1740
201,1740
193,1740
157,1740
154,1740
144,1740
132,1740
12,1740
1173,1741
1167,1741
1154,1741
1144,1741
1136,1741
1051,1741
950,1741
935,1741
923,1741
900,1741
842,1741
792,1741
769,1741
766,1741
680,1741
670,1741
638,1741
564,1741
531,1741
506,1741
493,1741
462,1741
457,1741
395,1741
378,1741
252,1741
251,1741
229,1741
211,1741
208,1741
190,1741
175,1741
165,1741
157,1741
54,1741
1294,1742
1178,1742
1164,1742
1078,1742
1067,1742
1065,1742
1060,1742
1045,1742
1039,1742
1035,1742
1028,1742
1027,1742
1014,1742
909,1742
906,1742
900,1742
881,1742
802,1742
787,1742
781,1742
780,1742
771,1742
726,1742
682,1742
664,1742
660,1742
628,1742
575,1742
453,1742
423,1742
376,1742
211,1742
208,1742
157,1742
29,1742
1242,1743
1241,1743
1206,1743
948,1743
928,1743
880,1743
774,1743
766,1743
716,1743
647,1743
607,1743
541,1743
530,1743
516,1743
498,1743
489,1743
471,1743
441,1743
271,1743
269,1743
251,1743
246,1743
243,1743
225,1743
218,1743
211,1743
186,1743
145,1743
135,1743
107,1743
87,1743
44,1743
41,1743
37,1743
28,1743
1163,1744
1110,1744
1087,1744
986,1744
979,1744
839,1744
655,1744
617,1744
563,1744
545,1744
539,1744
496,1744
440,1744
421,1744
391,1744
386,1744
255,1744
246,1744
223,1744
215,1744
212,1744
210,1744
204,1744
201,1744
197,1744
193,1744
173,1744
171,1744
170,1744
154,1744
149,1744
128,1744
110,1744
67,1744
11,1744
1347,1745
1213,1745
1138,1745
1078,1745
1071,1745
1065,1745
1055,1745
1020,1745
998,1745
971,1745
888,1745
881,1745
814,1745
813,1745
777,1745
768,1745
764,1745
758,1745
749,1745
722,1745
706,1745
682,1745
679,1745
664,1745
636,1745
616,1745
403,1745
366,1745
358,1745
337,1745
245,1745
195,1745
188,1745
117,1745
57,1745
1283,1746
1250,1746
1204,1746
928,1746
880,1746
867,1746
792,1746
774,1746
721,1746
598,1746
580,1746
568,1746
563,1746
527,1746
518,1746
499,1746
498,1746
494,1746
493,1746
441,1746
440,1746
391,1746
271,1746
251,1746
248,1746
246,1746
218,1746
211,1746
146,1746
145,1746
137,1746
135,1746
130,1746
87,1746
12,1746
1249,1747
1214,1747
1165,1747
1121,1747
1050,1747
1048,1747
867,1747
861,1747
841,1747
839,1747
772,1747
654,1747
608,1747
601,1747
596,1747
587,1747
582,1747
547,1747
529,1747
513,1747
507,1747
489,1747
463,1747
462,1747
442,1747
350,1747
324,1747
265,1747
247,1747
216,1747
159,1747
157,1747
143,1747
88,1747
76,1747
904,1748
867,1748
687,1748
638,1748
564,1748
527,1748
468,1748
429,1748
419,1748
260,1748
255,1748
237,1748
231,1748
217,1748
215,1748
212,1748
208,1748
204,1748
201,1748
198,1748
173,1748
170,1748
160,1748
157,1748
154,1748
149,1748
145,1748
138,1748
106,1748
74,1748
67,1748
59,1748
17,1748
12,1748
11,1748
145,1749
774,1749
766,1749
746,1749
670,1749
131,1749
598,1749
544,1749
518,1749
498,1749
493,1749
489,1749
1283,1749
1271,1749
471,1749
467,1749
441,1749
1206,1749
1170,1749
369,1749
348,1749
473,1749
248,1749
228,1749
225,1749
218,1749
186,1749
167,1749
146,1749
130,1749
121,1749
113,1749
87,1749
880,1749
816,1749
1352,1750
1349,1750
1310,1750
1275,1750
1207,1750
1154,1750
1150,1750
1079,1750
1061,1750
966,1750
935,1750
928,1750
830,1750
655,1750
589,1750
545,1750
527,1750
491,1750
448,1750
421,1750
409,1750
345,1750
251,1750
248,1750
231,1750
201,1750
193,1750
179,1750
165,1750
160,1750
145,1750
133,1750
106,1750
36,1750
12,1750
1263,1751
1154,1751
904,1751
867,1751
687,1751
638,1751
564,1751
527,1751
468,1751
429,1751
419,1751
260,1751
255,1751
237,1751
217,1751
215,1751
212,1751
208,1751
204,1751
201,1751
198,1751
173,1751
160,1751
157,1751
154,1751
149,1751
145,1751
138,1751
106,1751
74,1751
67,1751
59,1751
17,1751
12,1751
11,1751
904,1752
867,1752
687,1752
638,1752
564,1752
527,1752
468,1752
429,1752
419,1752
260,1752
255,1752
237,1752
231,1752
217,1752
215,1752
212,1752
208,1752
204,1752
201,1752
198,1752
173,1752
170,1752
160,1752
157,1752
154,1752
149,1752
145,1752
138,1752
106,1752
74,1752
67,1752
59,1752
17,1752
12,1752
11,1752
1299,1753
1280,1753
1266,1753
1207,1753
1152,1753
1085,1753
1045,1753
973,1753
843,1753
792,1753
774,1753
766,1753
742,1753
602,1753
580,1753
575,1753
571,1753
563,1753
555,1753
407,1753
273,1753
249,1753
223,1753
211,1753
208,1753
204,1753
198,1753
157,1753
156,1753
154,1753
134,1753
110,1753
107,1753
34,1753
29,1753
1163,1754
1156,1754
1152,1754
862,1754
841,1754
763,1754
655,1754
491,1754
476,1754
475,1754
474,1754
472,1754
421,1754
249,1754
247,1754
246,1754
237,1754
231,1754
221,1754
218,1754
215,1754
210,1754
209,1754
199,1754
197,1754
173,1754
165,1754
159,1754
153,1754
149,1754
138,1754
137,1754
110,1754
106,1754
17,1754
1349,1755
1283,1755
1148,1755
1013,1755
966,1755
880,1755
830,1755
643,1755
641,1755
638,1755
589,1755
563,1755
527,1755
506,1755
502,1755
498,1755
468,1755
440,1755
429,1755
421,1755
391,1755
375,1755
354,1755
248,1755
246,1755
237,1755
228,1755
218,1755
174,1755
145,1755
138,1755
130,1755
113,1755
87,1755
54,1755
1334,1756
1277,1756
1194,1756
1110,1756
986,1756
952,1756
862,1756
855,1756
827,1756
754,1756
715,1756
714,1756
655,1756
527,1756
521,1756
501,1756
480,1756
475,1756
447,1756
434,1756
429,1756
391,1756
378,1756
272,1756
251,1756
235,1756
231,1756
220,1756
197,1756
165,1756
149,1756
135,1756
128,1756
106,1756
42,1756
1314,1757
1232,1757
1214,1757
1168,1757
1166,1757
1150,1757
1129,1757
1087,1757
1059,1757
984,1757
973,1757
918,1757
873,1757
836,1757
600,1757
580,1757
576,1757
574,1757
541,1757
447,1757
430,1757
413,1757
328,1757
320,1757
298,1757
271,1757
253,1757
247,1757
165,1757
157,1757
156,1757
147,1757
91,1757
81,1757
78,1757
1338,1758
1236,1758
1233,1758
1163,1758
1162,1758
1048,1758
1033,1758
957,1758
841,1758
721,1758
696,1758
655,1758
588,1758
530,1758
527,1758
447,1758
434,1758
429,1758
421,1758
301,1758
268,1758
260,1758
255,1758
231,1758
212,1758
198,1758
197,1758
171,1758
165,1758
160,1758
159,1758
154,1758
135,1758
128,1758
110,1758
1250,1759
928,1759
925,1759
817,1759
767,1759
742,1759
647,1759
643,1759
545,1759
499,1759
493,1759
460,1759
441,1759
352,1759
345,1759
251,1759
248,1759
247,1759
231,1759
218,1759
204,1759
198,1759
154,1759
149,1759
147,1759
140,1759
138,1759
137,1759
135,1759
133,1759
132,1759
90,1759
17,1759
12,1759
5,1759
1250,1760
1242,1760
1194,1760
1137,1760
1136,1760
1101,1760
886,1760
880,1760
816,1760
774,1760
767,1760
766,1760
746,1760
731,1760
647,1760
645,1760
637,1760
599,1760
592,1760
565,1760
515,1760
508,1760
503,1760
473,1760
471,1760
377,1760
369,1760
348,1760
271,1760
269,1760
218,1760
145,1760
93,1760
70,1760
23,1760
774,1761
766,1761
746,1761
670,1761
131,1761
598,1761
544,1761
498,1761
493,1761
489,1761
1283,1761
1271,1761
473,1761
471,1761
441,1761
1206,1761
1170,1761
369,1761
348,1761
467,1761
248,1761
228,1761
225,1761
218,1761
186,1761
167,1761
155,1761
144,1761
130,1761
121,1761
113,1761
87,1761
880,1761
68,1761
816,1761
1283,1762
1050,1762
1045,1762
1004,1762
976,1762
957,1762
935,1762
861,1762
837,1762
771,1762
761,1762
716,1762
679,1762
643,1762
598,1762
563,1762
475,1762
421,1762
366,1762
248,1762
218,1762
211,1762
197,1762
171,1762
165,1762
154,1762
153,1762
141,1762
122,1762
110,1762
107,1762
106,1762
87,1762
44,1762
11,1762
1349,1763
1136,1763
935,1763
928,1763
880,1763
867,1763
809,1763
774,1763
766,1763
589,1763
572,1763
563,1763
527,1763
518,1763
515,1763
491,1763
489,1763
429,1763
421,1763
255,1763
244,1763
212,1763
211,1763
193,1763
189,1763
180,1763
171,1763
159,1763
156,1763
146,1763
135,1763
134,1763
100,1763
93,1763
12,1763
1301,1764
1227,1764
1207,1764
1162,1764
1124,1764
979,1764
928,1764
925,1764
913,1764
867,1764
860,1764
788,1764
491,1764
426,1764
424,1764
420,1764
259,1764
257,1764
238,1764
230,1764
219,1764
201,1764
193,1764
187,1764
179,1764
172,1764
168,1764
148,1764
143,1764
142,1764
125,1764
79,1764
30,1764
24,1764
1,1764
1351,1765
1262,1765
1250,1765
1214,1765
1189,1765
1171,1765
1136,1765
1118,1765
1110,1765
1075,1765
1065,1765
1006,1765
986,1765
948,1765
861,1765
845,1765
766,1765
721,1765
666,1765
599,1765
598,1765
456,1765
370,1765
345,1765
271,1765
256,1765
235,1765
184,1765
180,1765
118,1765
102,1765
100,1765
54,1765
34,1765
7,1765
1163,1766
1051,1766
1041,1766
1011,1766
950,1766
928,1766
869,1766
867,1766
676,1766
643,1766
617,1766
588,1766
563,1766
502,1766
487,1766
483,1766
475,1766
464,1766
440,1766
437,1766
354,1766
271,1766
263,1766
242,1766
231,1766
223,1766
209,1766
170,1766
149,1766
138,1766
122,1766
118,1766
74,1766
32,1766
17,1766
1302,1767
1222,1767
979,1767
867,1767
841,1767
769,1767
753,1767
687,1767
643,1767
563,1767
539,1767
531,1767
518,1767
502,1767
496,1767
483,1767
457,1767
426,1767
411,1767
372,1767
246,1767
237,1767
204,1767
159,1767
154,1767
149,1767
138,1767
133,1767
74,1767
42,1767
23,1767
18,1767
17,1767
12,1767
11,1767
1274,1768
1263,1768
1243,1768
1233,1768
1161,1768
1110,1768
1020,1768
986,1768
973,1768
900,1768
867,1768
843,1768
822,1768
792,1768
484,1768
293,1768
279,1768
261,1768
260,1768
237,1768
231,1768
215,1768
211,1768
208,1768
204,1768
194,1768
173,1768
170,1768
157,1768
147,1768
135,1768
118,1768
74,1768
61,1768
53,1768
1334,1769
1307,1769
1234,1769
1233,1769
1169,1769
1156,1769
1143,1769
1061,1769
1030,1769
1012,1769
972,1769
953,1769
927,1769
844,1769
787,1769
760,1769
671,1769
648,1769
557,1769
534,1769
491,1769
394,1769
370,1769
357,1769
328,1769
299,1769
298,1769
286,1769
237,1769
192,1769
160,1769
126,1769
64,1769
59,1769
37,1769
1310,1770
1242,1770
1116,1770
988,1770
867,1770
839,1770
792,1770
767,1770
742,1770
736,1770
647,1770
564,1770
543,1770
505,1770
499,1770
432,1770
333,1770
270,1770
250,1770
242,1770
209,1770
208,1770
204,1770
193,1770
187,1770
165,1770
157,1770
143,1770
136,1770
132,1770
128,1770
123,1770
76,1770
12,1770
11,1770
1301,1771
1278,1771
1275,1771
1266,1771
1260,1771
1214,1771
1210,1771
1196,1771
1181,1771
1170,1771
1096,1771
1087,1771
1015,1771
1004,1771
869,1771
859,1771
843,1771
801,1771
794,1771
793,1771
766,1771
746,1771
743,1771
698,1771
646,1771
638,1771
637,1771
580,1771
541,1771
539,1771
464,1771
308,1771
256,1771
145,1771
131,1771
1310,1772
1183,1772
1163,1772
1162,1772
1154,1772
1150,1772
935,1772
928,1772
769,1772
742,1772
563,1772
554,1772
545,1772
506,1772
499,1772
469,1772
351,1772
312,1772
263,1772
257,1772
255,1772
238,1772
223,1772
219,1772
212,1772
204,1772
201,1772
193,1772
187,1772
154,1772
144,1772
142,1772
74,1772
24,1772
11,1772
1334,1773
1233,1773
1194,1773
1184,1773
1145,1773
1140,1773
1116,1773
1110,1773
988,1773
986,1773
949,1773
948,1773
839,1773
788,1773
732,1773
700,1773
675,1773
624,1773
573,1773
561,1773
558,1773
519,1773
447,1773
434,1773
428,1773
261,1773
251,1773
248,1773
236,1773
231,1773
194,1773
128,1773
106,1773
53,1773
7,1773
1333,1774
1295,1774
979,1774
920,1774
867,1774
864,1774
861,1774
750,1774
742,1774
643,1774
580,1774
568,1774
529,1774
527,1774
523,1774
515,1774
493,1774
475,1774
442,1774
440,1774
429,1774
418,1774
385,1774
210,1774
197,1774
189,1774
166,1774
149,1774
146,1774
143,1774
138,1774
135,1774
96,1774
17,1774
12,1774
1337,1775
1333,1775
1320,1775
1274,1775
1221,1775
1151,1775
1145,1775
1123,1775
1031,1775
1011,1775
982,1775
960,1775
950,1775
907,1775
901,1775
890,1775
827,1775
794,1775
737,1775
724,1775
697,1775
645,1775
527,1775
516,1775
512,1775
482,1775
455,1775
411,1775
406,1775
390,1775
156,1775
129,1775
126,1775
20,1775
7,1775
1280,1776
1250,1776
1246,1776
1173,1776
1160,1776
1101,1776
1067,1776
1059,1776
1057,1776
1048,1776
1047,1776
1045,1776
1029,1776
1010,1776
937,1776
900,1776
873,1776
731,1776
629,1776
600,1776
580,1776
502,1776
301,1776
279,1776
269,1776
235,1776
233,1776
168,1776
157,1776
102,1776
93,1776
40,1776
35,1776
34,1776
23,1776
1301,1777
1299,1777
1294,1777
1232,1777
1204,1777
1202,1777
1196,1777
1180,1777
1173,1777
1166,1777
1151,1777
1129,1777
918,1777
753,1777
745,1777
719,1777
607,1777
602,1777
576,1777
564,1777
555,1777
531,1777
395,1777
385,1777
332,1777
328,1777
298,1777
243,1777
229,1777
211,1777
208,1777
175,1777
157,1777
54,1777
42,1777
1334,1778
1270,1778
1263,1778
1233,1778
1223,1778
1136,1778
948,1778
876,1778
871,1778
866,1778
777,1778
721,1778
663,1778
604,1778
602,1778
588,1778
583,1778
580,1778
574,1778
555,1778
542,1778
534,1778
528,1778
524,1778
523,1778
518,1778
517,1778
394,1778
208,1778
165,1778
157,1778
107,1778
34,1778
12,1778
3,1778
1349,1779
1296,1779
1163,1779
928,1779
867,1779
809,1779
655,1779
589,1779
563,1779
545,1779
527,1779
518,1779
499,1779
496,1779
491,1779
487,1779
468,1779
440,1779
429,1779
391,1779
258,1779
246,1779
244,1779
240,1779
231,1779
187,1779
184,1779
149,1779
143,1779
138,1779
135,1779
133,1779
74,1779
17,1779
12,1779
1329,1780
1326,1780
1260,1780
1250,1780
1187,1780
1171,1780
1122,1780
1101,1780
1096,1780
1023,1780
1021,1780
1015,1780
975,1780
797,1780
763,1780
731,1780
720,1780
673,1780
605,1780
592,1780
559,1780
271,1780
259,1780
249,1780
180,1780
156,1780
153,1780
152,1780
141,1780
127,1780
100,1780
40,1780
35,1780
34,1780
23,1780
1259,1781
1223,1781
1214,1781
1085,1781
975,1781
928,1781
859,1781
857,1781
836,1781
792,1781
742,1781
541,1781
527,1781
515,1781
506,1781
491,1781
429,1781
385,1781
273,1781
251,1781
237,1781
215,1781
201,1781
184,1781
173,1781
154,1781
149,1781
147,1781
145,1781
143,1781
135,1781
34,1781
23,1781
12,1781
7,1781
1249,1782
1144,1782
1131,1782
1102,1782
1002,1782
893,1782
867,1782
861,1782
841,1782
809,1782
754,1782
631,1782
618,1782
609,1782
594,1782
592,1782
529,1782
527,1782
511,1782
429,1782
421,1782
289,1782
260,1782
255,1782
247,1782
237,1782
221,1782
212,1782
189,1782
171,1782
159,1782
149,1782
137,1782
135,1782
12,1782
1283,1783
1250,1783
1187,1783
1131,1783
928,1783
880,1783
816,1783
746,1783
721,1783
670,1783
655,1783
568,1783
563,1783
544,1783
518,1783
515,1783
499,1783
493,1783
489,1783
441,1783
440,1783
429,1783
348,1783
271,1783
251,1783
248,1783
228,1783
218,1783
211,1783
146,1783
145,1783
135,1783
121,1783
113,1783
87,1783
1310,1784
1302,1784
1233,1784
1144,1784
1097,1784
876,1784
867,1784
840,1784
792,1784
655,1784
588,1784
541,1784
539,1784
527,1784
496,1784
491,1784
483,1784
475,1784
429,1784
375,1784
271,1784
261,1784
221,1784
204,1784
154,1784
150,1784
149,1784
138,1784
133,1784
122,1784
106,1784
74,1784
17,1784
12,1784
11,1784
767,1785
765,1785
736,1785
734,1785
654,1785
647,1785
608,1785
596,1785
582,1785
557,1785
1325,1785
1321,1785
505,1785
1242,1785
1226,1785
1190,1785
350,1785
333,1785
1121,1785
1116,1785
270,1785
543,1785
250,1785
235,1785
216,1785
187,1785
945,1785
143,1785
136,1785
133,1785
921,1785
914,1785
88,1785
76,1785
764,1785
1302,1786
1292,1786
1286,1786
1183,1786
1166,1786
1162,1786
999,1786
966,1786
935,1786
680,1786
643,1786
642,1786
623,1786
563,1786
554,1786
475,1786
457,1786
426,1786
346,1786
312,1786
263,1786
246,1786
231,1786
223,1786
214,1786
201,1786
197,1786
187,1786
149,1786
138,1786
137,1786
96,1786
79,1786
74,1786
17,1786
1295,1787
1275,1787
1250,1787
1236,1787
1159,1787
1147,1787
1035,1787
1015,1787
1012,1787
944,1787
917,1787
911,1787
823,1787
813,1787
762,1787
707,1787
702,1787
696,1787
690,1787
681,1787
675,1787
658,1787
644,1787
627,1787
500,1787
498,1787
476,1787
446,1787
418,1787
417,1787
377,1787
269,1787
268,1787
110,1787
63,1787
22,1787
1161,1788
1150,1788
1107,1788
1097,1788
1065,1788
1054,1788
1048,1788
1014,1788
945,1788
938,1788
932,1788
900,1788
861,1788
838,1788
817,1788
715,1788
675,1788
667,1788
663,1788
658,1788
518,1788
438,1788
434,1788
394,1788
352,1788
246,1788
242,1788
231,1788
209,1788
207,1788
189,1788
165,1788
137,1788
135,1788
14,1788
1244,1789
1164,1789
1150,1789
1107,1789
1054,1789
1014,1789
918,1789
881,1789
813,1789
792,1789
764,1789
580,1789
563,1789
527,1789
523,1789
438,1789
373,1789
255,1789
251,1789
231,1789
215,1789
212,1789
208,1789
204,1789
199,1789
198,1789
191,1789
189,1789
173,1789
165,1789
157,1789
137,1789
135,1789
134,1789
29,1789
1013,1790
736,1790
70,1790
528,1790
1298,1790
465,1790
1232,1790
1201,1790
1188,1790
335,1790
320,1790
312,1790
1098,1790
1077,1790
1073,1790
1062,1790
1331,1790
1053,1790
255,1790
1049,1790
1022,1790
212,1790
1007,1790
208,1790
1002,1790
994,1790
189,1790
175,1790
174,1790
473,1790
153,1790
141,1790
925,1790
95,1790
866,1790
1310,1791
1284,1791
1233,1791
1172,1791
1150,1791
1106,1791
1057,1791
1048,1791
1029,1791
1010,1791
957,1791
928,1791
877,1791
861,1791
858,1791
841,1791
666,1791
655,1791
592,1791
580,1791
487,1791
333,1791
306,1791
271,1791
250,1791
198,1791
182,1791
159,1791
151,1791
150,1791
135,1791
110,1791
74,1791
51,1791
15,1791
1346,1792
1338,1792
1329,1792
1304,1792
1203,1792
1071,1792
1044,1792
1043,1792
1042,1792
909,1792
858,1792
824,1792
814,1792
728,1792
702,1792
688,1792
665,1792
593,1792
564,1792
550,1792
512,1792
507,1792
497,1792
466,1792
451,1792
418,1792
413,1792
349,1792
324,1792
183,1792
178,1792
124,1792
55,1792
9,1792
4,1792
1310,1793
1207,1793
1131,1793
935,1793
928,1793
841,1793
822,1793
792,1793
742,1793
670,1793
643,1793
610,1793
563,1793
554,1793
545,1793
506,1793
499,1793
320,1793
263,1793
257,1793
238,1793
237,1793
231,1793
223,1793
219,1793
201,1793
193,1793
175,1793
165,1793
159,1793
149,1793
144,1793
142,1793
137,1793
24,1793
1292,1794
1222,1794
1163,1794
1161,1794
1048,1794
928,1794
913,1794
867,1794
792,1794
754,1794
694,1794
655,1794
638,1794
588,1794
578,1794
527,1794
515,1794
506,1794
496,1794
491,1794
483,1794
429,1794
309,1794
260,1794
258,1794
204,1794
165,1794
154,1794
149,1794
145,1794
138,1794
133,1794
122,1794
67,1794
17,1794
1321,1795
1243,1795
1220,1795
1173,1795
1147,1795
993,1795
959,1795
949,1795
926,1795
894,1795
873,1795
845,1795
843,1795
805,1795
730,1795
691,1795
681,1795
658,1795
644,1795
607,1795
600,1795
579,1795
546,1795
526,1795
498,1795
490,1795
476,1795
355,1795
289,1795
267,1795
233,1795
145,1795
110,1795
107,1795
63,1795
1299,1796
1274,1796
1163,1796
1048,1796
975,1796
966,1796
839,1796
830,1796
720,1796
697,1796
644,1796
527,1796
475,1796
464,1796
429,1796
354,1796
330,1796
260,1796
249,1796
246,1796
215,1796
197,1796
173,1796
168,1796
165,1796
156,1796
153,1796
152,1796
141,1796
128,1796
122,1796
107,1796
74,1796
67,1796
12,1796
1284,1797
1255,1797
1186,1797
1181,1797
1172,1797
1114,1797
1059,1797
1057,1797
1051,1797
1048,1797
1033,1797
1010,1797
963,1797
894,1797
858,1797
839,1797
800,1797
717,1797
654,1797
529,1797
513,1797
456,1797
447,1797
333,1797
310,1797
301,1797
250,1797
157,1797
143,1797
118,1797
88,1797
76,1797
41,1797
15,1797
6,1797
1275,1798
1214,1798
1167,1798
1152,1798
1136,1798
1087,1798
843,1798
774,1798
755,1798
746,1798
655,1798
638,1798
628,1798
599,1798
539,1798
518,1798
498,1798
489,1798
487,1798
482,1798
435,1798
421,1798
407,1798
271,1798
269,1798
248,1798
246,1798
218,1798
211,1798
186,1798
160,1798
145,1798
130,1798
87,1798
11,1798
1328,1799
1301,1799
1274,1799
1250,1799
1173,1799
1150,1799
1106,1799
1087,1799
1065,1799
1035,1799
1029,1799
972,1799
943,1799
867,1799
843,1799
832,1799
822,1799
817,1799
774,1799
763,1799
724,1799
715,1799
671,1799
637,1799
588,1799
539,1799
455,1799
352,1799
208,1799
157,1799
145,1799
44,1799
34,1799
32,1799
12,1799
1284,1800
1267,1800
1265,1800
1251,1800
1236,1800
1159,1800
1105,1800
1098,1800
1073,1800
1067,1800
1057,1800
1049,1800
1033,1800
1022,1800
1013,1800
1010,1800
938,1800
925,1800
909,1800
846,1800
839,1800
838,1800
821,1800
817,1800
806,1800
696,1800
690,1800
675,1800
658,1800
644,1800
479,1800
352,1800
268,1800
19,1800
13,1800
1314,1801
1299,1801
1218,1801
1126,1801
974,1801
876,1801
867,1801
861,1801
837,1801
576,1801
565,1801
564,1801
519,1801
518,1801
472,1801
418,1801
328,1801
298,1801
237,1801
215,1801
208,1801
204,1801
173,1801
170,1801
157,1801
154,1801
153,1801
149,1801
141,1801
135,1801
133,1801
118,1801
111,1801
74,1801
53,1801
12,1801
1284,1802
1267,1802
1265,1802
1251,1802
1236,1802
1159,1802
1105,1802
1098,1802
1067,1802
1053,1802
1013,1802
1010,1802
938,1802
932,1802
925,1802
909,1802
846,1802
839,1802
838,1802
821,1802
817,1802
806,1802
707,1802
696,1802
690,1802
675,1802
658,1802
644,1802
479,1802
352,1802
268,1802
128,1802
54,1802
19,1802
13,1802
1154,1803
935,1803
904,1803
687,1803
638,1803
564,1803
539,1803
527,1803
468,1803
429,1803
419,1803
260,1803
255,1803
237,1803
217,1803
215,1803
212,1803
208,1803
204,1803
201,1803
198,1803
173,1803
160,1803
157,1803
154,1803
149,1803
147,1803
145,1803
138,1803
106,1803
74,1803
59,1803
17,1803
12,1803
11,1803
1349,1804
1296,1804
1275,1804
1163,1804
975,1804
928,1804
890,1804
867,1804
754,1804
651,1804
614,1804
590,1804
589,1804
588,1804
563,1804
487,1804
483,1804
460,1804
357,1804
297,1804
258,1804
244,1804
242,1804
237,1804
231,1804
203,1804
171,1804
170,1804
138,1804
135,1804
125,1804
74,1804
17,1804
12,1804
5,1804
1333,1805
1207,1805
1183,1805
1162,1805
964,1805
961,1805
948,1805
935,1805
928,1805
867,1805
847,1805
742,1805
642,1805
554,1805
545,1805
532,1805
531,1805
515,1805
491,1805
468,1805
409,1805
346,1805
214,1805
201,1805
193,1805
187,1805
179,1805
142,1805
138,1805
106,1805
93,1805
92,1805
39,1805
24,1805
17,1805
1333,1806
1214,1806
1142,1806
1140,1806
1087,1806
992,1806
963,1806
938,1806
935,1806
910,1806
909,1806
846,1806
838,1806
837,1806
817,1806
800,1806
792,1806
790,1806
788,1806
769,1806
744,1806
737,1806
675,1806
663,1806
658,1806
629,1806
398,1806
373,1806
352,1806
260,1806
204,1806
154,1806
143,1806
104,1806
63,1806
1349,1807
1296,1807
928,1807
880,1807
867,1807
809,1807
687,1807
638,1807
589,1807
563,1807
527,1807
518,1807
506,1807
487,1807
471,1807
468,1807
429,1807
391,1807
377,1807
258,1807
244,1807
237,1807
211,1807
204,1807
201,1807
193,1807
154,1807
149,1807
145,1807
135,1807
130,1807
87,1807
12,1807
11,1807
7,1807
1284,1808
1281,1808
1255,1808
1186,1808
1181,1808
1172,1808
1114,1808
1059,1808
1057,1808
1051,1808
1048,1808
1033,1808
1010,1808
963,1808
894,1808
861,1808
858,1808
839,1808
800,1808
654,1808
529,1808
513,1808
475,1808
456,1808
333,1808
310,1808
301,1808
250,1808
197,1808
157,1808
88,1808
76,1808
41,1808
15,1808
6,1808
1339,1809
1284,1809
1267,1809
1265,1809
1251,1809
1236,1809
1159,1809
1105,1809
1098,1809
1067,1809
1013,1809
1010,1809
938,1809
925,1809
909,1809
846,1809
839,1809
838,1809
817,1809
806,1809
696,1809
690,1809
675,1809
658,1809
644,1809
518,1809
479,1809
352,1809
268,1809
260,1809
217,1809
202,1809
186,1809
19,1809
13,1809
1333,1810
1284,1810
1057,1810
1010,1810
964,1810
961,1810
895,1810
894,1810
886,1810
861,1810
858,1810
841,1810
836,1810
821,1810
588,1810
545,1810
341,1810
301,1810
271,1810
255,1810
250,1810
231,1810
227,1810
214,1810
212,1810
191,1810
159,1810
134,1810
92,1810
76,1810
41,1810
27,1810
23,1810
15,1810
12,1810
1294,1811
1252,1811
1234,1811
1225,1811
1214,1811
1145,1811
1124,1811
1112,1811
1104,1811
1103,1811
1102,1811
1100,1811
1087,1811
1084,1811
1048,1811
1034,1811
1023,1811
1019,1811
991,1811
985,1811
970,1811
916,1811
755,1811
745,1811
651,1811
594,1811
539,1811
521,1811
344,1811
340,1811
242,1811
239,1811
209,1811
182,1811
104,1811
1284,1812
1262,1812
1217,1812
1192,1812
1132,1812
1091,1812
1088,1812
932,1812
870,1812
839,1812
794,1812
764,1812
680,1812
475,1812
469,1812
428,1812
425,1812
418,1812
345,1812
333,1812
323,1812
319,1812
314,1812
255,1812
250,1812
237,1812
229,1812
227,1812
217,1812
212,1812
204,1812
197,1812
154,1812
54,1812
12,1812
1296,1813
1127,1813
928,1813
742,1813
692,1813
655,1813
643,1813
638,1813
554,1813
545,1813
531,1813
527,1813
506,1813
499,1813
496,1813
493,1813
483,1813
468,1813
464,1813
441,1813
429,1813
345,1813
321,1813
263,1813
251,1813
248,1813
223,1813
218,1813
201,1813
193,1813
144,1813
132,1813
106,1813
93,1813
54,1813
53,1814
701,1814
698,1814
518,1814
1310,1814
486,1814
472,1814
1260,1814
457,1814
447,1814
423,1814
1216,1814
1214,1814
1199,1814
1183,1814
1161,1814
1096,1814
1092,1814
1058,1814
1021,1814
223,1814
1018,1814
1015,1814
207,1814
198,1814
187,1814
976,1814
178,1814
159,1814
147,1814
141,1814
935,1814
862,1814
848,1814
823,1814
1206,1815
1136,1815
880,1815
840,1815
774,1815
766,1815
746,1815
599,1815
598,1815
568,1815
544,1815
498,1815
494,1815
489,1815
467,1815
435,1815
421,1815
348,1815
271,1815
251,1815
248,1815
225,1815
218,1815
211,1815
208,1815
186,1815
171,1815
160,1815
157,1815
146,1815
145,1815
135,1815
130,1815
87,1815
12,1815
774,1816
766,1816
746,1816
68,1816
670,1816
131,1816
598,1816
544,1816
518,1816
498,1816
493,1816
489,1816
1283,1816
1271,1816
473,1816
471,1816
467,1816
441,1816
1206,1816
377,1816
1170,1816
369,1816
348,1816
248,1816
228,1816
225,1816
218,1816
186,1816
155,1816
130,1816
121,1816
113,1816
87,1816
880,1816
816,1816
1305,1817
1250,1817
1241,1817
1205,1817
1203,1817
1150,1817
1106,1817
1083,1817
927,1817
900,1817
814,1817
794,1817
778,1817
773,1817
760,1817
758,1817
757,1817
750,1817
749,1817
728,1817
679,1817
664,1817
649,1817
570,1817
403,1817
303,1817
233,1817
225,1817
161,1817
158,1817
126,1817
89,1817
84,1817
58,1817
56,1817
1263,1818
904,1818
867,1818
687,1818
638,1818
564,1818
539,1818
527,1818
468,1818
429,1818
260,1818
255,1818
237,1818
231,1818
217,1818
215,1818
208,1818
204,1818
201,1818
198,1818
173,1818
170,1818
160,1818
157,1818
154,1818
149,1818
145,1818
138,1818
106,1818
74,1818
67,1818
59,1818
17,1818
12,1818
11,1818
1296,1819
1263,1819
1173,1819
1128,1819
1124,1819
1097,1819
979,1819
970,1819
965,1819
963,1819
928,1819
880,1819
867,1819
833,1819
824,1819
809,1819
754,1819
688,1819
687,1819
598,1819
518,1819
487,1819
438,1819
421,1819
391,1819
258,1819
251,1819
244,1819
225,1819
211,1819
204,1819
193,1819
189,1819
186,1819
12,1819
1340,1820
1325,1820
1274,1820
1266,1820
1233,1820
1214,1820
1177,1820
1171,1820
1152,1820
1133,1820
1085,1820
1048,1820
1029,1820
886,1820
843,1820
687,1820
635,1820
601,1820
559,1820
513,1820
463,1820
447,1820
410,1820
380,1820
360,1820
279,1820
260,1820
208,1820
204,1820
157,1820
143,1820
88,1820
34,1820
12,1820
11,1820
985,1821
847,1821
821,1821
722,1821
30,1821
1250,1822
1242,1822
928,1822
925,1822
910,1822
817,1822
767,1822
742,1822
647,1822
545,1822
518,1822
499,1822
493,1822
460,1822
441,1822
345,1822
251,1822
248,1822
247,1822
231,1822
218,1822
204,1822
154,1822
147,1822
140,1822
138,1822
137,1822
135,1822
133,1822
132,1822
128,1822
90,1822
17,1822
12,1822
5,1822
1321,1823
792,1823
34,1823
727,1823
70,1823
665,1823
469,1823
628,1823
1338,1823
534,1823
507,1823
504,1823
1277,1823
470,1823
406,1823
404,1823
403,1823
1203,1823
484,1823
269,1823
1062,1823
262,1823
261,1823
231,1823
206,1823
194,1823
987,1823
165,1823
159,1823
128,1823
125,1823
110,1823
82,1823
856,1823
841,1823
1284,1824
1255,1824
1207,1824
1169,1824
1139,1824
1116,1824
1057,1824
1010,1824
942,1824
861,1824
858,1824
836,1824
825,1824
808,1824
794,1824
717,1824
611,1824
603,1824
599,1824
439,1824
402,1824
333,1824
278,1824
250,1824
243,1824
237,1824
235,1824
229,1824
175,1824
151,1824
118,1824
102,1824
90,1824
15,1824
7,1824
1338,1825
1159,1825
1105,1825
1090,1825
1088,1825
1067,1825
1053,1825
1035,1825
1029,1825
990,1825
938,1825
932,1825
925,1825
909,1825
846,1825
840,1825
839,1825
794,1825
690,1825
675,1825
658,1825
610,1825
564,1825
482,1825
479,1825
332,1825
223,1825
211,1825
208,1825
204,1825
178,1825
157,1825
110,1825
53,1825
22,1825
13,1825
1333,1826
1302,1826
1292,1826
1286,1826
1183,1826
1097,1826
999,1826
990,1826
643,1826
642,1826
527,1826
429,1826
422,1826
378,1826
375,1826
372,1826
346,1826
312,1826
254,1826
246,1826
223,1826
221,1826
215,1826
214,1826
200,1826
191,1826
173,1826
154,1826
149,1826
138,1826
122,1826
106,1826
74,1826
17,1826
11,1826
1284,1827
1267,1827
1265,1827
1251,1827
1236,1827
1178,1827
1159,1827
1105,1827
1098,1827
1067,1827
1040,1827
1013,1827
1010,1827
938,1827
909,1827
846,1827
839,1827
838,1827
817,1827
806,1827
788,1827
726,1827
696,1827
690,1827
675,1827
658,1827
644,1827
498,1827
479,1827
352,1827
268,1827
248,1827
128,1827
19,1827
13,1827
1283,1828
1250,1828
1242,1828
1206,1828
1204,1828
1126,1828
1040,1828
928,1828
880,1828
721,1828
580,1828
568,1828
563,1828
544,1828
518,1828
499,1828
498,1828
494,1828
493,1828
489,1828
441,1828
440,1828
421,1828
271,1828
251,1828
248,1828
225,1828
218,1828
211,1828
186,1828
146,1828
145,1828
135,1828
130,1828
87,1828
1310,1829
1233,1829
1163,1829
1144,1829
966,1829
867,1829
861,1829
841,1829
830,1829
655,1829
643,1829
563,1829
539,1829
527,1829
496,1829
491,1829
483,1829
468,1829
429,1829
422,1829
372,1829
255,1829
231,1829
221,1829
212,1829
159,1829
149,1829
138,1829
133,1829
122,1829
110,1829
106,1829
74,1829
17,1829
12,1829
1163,1830
1110,1830
1087,1830
1054,1830
986,1830
957,1830
867,1830
861,1830
809,1830
668,1830
655,1830
617,1830
580,1830
563,1830
545,1830
527,1830
518,1830
491,1830
429,1830
324,1830
258,1830
244,1830
237,1830
231,1830
204,1830
201,1830
154,1830
149,1830
138,1830
135,1830
133,1830
118,1830
106,1830
17,1830
12,1830
1303,1831
1277,1831
1090,1831
966,1831
964,1831
961,1831
928,1831
920,1831
830,1831
788,1831
742,1831
545,1831
499,1831
468,1831
424,1831
257,1831
238,1831
231,1831
230,1831
223,1831
219,1831
202,1831
201,1831
193,1831
189,1831
179,1831
172,1831
148,1831
144,1831
142,1831
140,1831
106,1831
92,1831
24,1831
1,1831
1331,1832
1013,1832
1002,1832
867,1832
861,1832
643,1832
642,1832
609,1832
568,1832
527,1832
502,1832
496,1832
475,1832
437,1832
429,1832
422,1832
386,1832
354,1832
249,1832
221,1832
210,1832
208,1832
206,1832
198,1832
189,1832
157,1832
153,1832
149,1832
146,1832
141,1832
79,1832
70,1832
12,1832
11,1832
3,1832
1280,1833
1184,1833
1122,1833
1101,1833
1096,1833
1092,1833
1065,1833
1050,1833
1029,1833
939,1833
873,1833
853,1833
794,1833
793,1833
780,1833
763,1833
703,1833
668,1833
637,1833
546,1833
530,1833
507,1833
447,1833
376,1833
356,1833
301,1833
256,1833
232,1833
215,1833
173,1833
56,1833
41,1833
40,1833
34,1833
0,1833
1334,1834
1301,1834
1237,1834
1235,1834
1233,1834
1204,1834
1127,1834
1126,1834
1120,1834
1068,1834
975,1834
948,1834
876,1834
866,1834
842,1834
836,1834
721,1834
716,1834
663,1834
607,1834
604,1834
580,1834
574,1834
542,1834
520,1834
517,1834
419,1834
394,1834
251,1834
243,1834
175,1834
157,1834
53,1834
38,1834
3,1834
1349,1835
1085,1835
948,1835
880,1835
850,1835
836,1835
774,1835
766,1835
746,1835
599,1835
589,1835
580,1835
541,1835
536,1835
517,1835
515,1835
493,1835
473,1835
411,1835
377,1835
375,1835
369,1835
348,1835
271,1835
269,1835
255,1835
253,1835
251,1835
246,1835
243,1835
237,1835
211,1835
184,1835
12,1835
7,1835
1334,1836
1312,1836
1294,1836
1200,1836
1111,1836
1050,1836
960,1836
955,1836
882,1836
861,1836
824,1836
733,1836
702,1836
688,1836
659,1836
614,1836
593,1836
552,1836
550,1836
512,1836
507,1836
489,1836
446,1836
422,1836
378,1836
365,1836
344,1836
341,1836
274,1836
221,1836
111,1836
109,1836
64,1836
22,1836
2,1836
1294,1837
1266,1837
1250,1837
1228,1837
1187,1837
1045,1837
1007,1837
935,1837
867,1837
807,1837
792,1837
731,1837
672,1837
629,1837
583,1837
574,1837
563,1837
542,1837
530,1837
502,1837
472,1837
436,1837
279,1837
247,1837
211,1837
208,1837
204,1837
194,1837
165,1837
157,1837
134,1837
102,1837
51,1837
47,1837
45,1837
1349,1838
1283,1838
1110,1838
1022,1838
986,1838
957,1838
904,1838
799,1838
655,1838
617,1838
605,1838
589,1838
563,1838
544,1838
527,1838
429,1838
421,1838
386,1838
260,1838
248,1838
246,1838
231,1838
228,1838
218,1838
205,1838
204,1838
201,1838
197,1838
165,1838
154,1838
138,1838
128,1838
121,1838
113,1838
87,1838
1085,1839
904,1839
867,1839
861,1839
753,1839
643,1839
568,1839
531,1839
527,1839
502,1839
496,1839
475,1839
429,1839
422,1839
386,1839
354,1839
280,1839
279,1839
221,1839
215,1839
210,1839
208,1839
204,1839
198,1839
189,1839
173,1839
165,1839
157,1839
153,1839
149,1839
146,1839
141,1839
74,1839
12,1839
11,1839
101,1840
575,1840
784,1840
781,1840
780,1840
771,1840
405,1840
342,1840
318,1840
1099,1840
690,1840
664,1840
1035,1840
1028,1840
1003,1840
1000,1840
978,1840
976,1840
169,1840
945,1840
925,1840
667,1840
906,1840
97,1840
887,1840
1256,1840
64,1840
1247,1840
55,1840
1244,1840
1200,1840
802,1840
1196,1840
798,1840
398,1840
1283,1841
1010,1841
928,1841
867,1841
841,1841
836,1841
774,1841
580,1841
568,1841
518,1841
498,1841
494,1841
493,1841
489,1841
441,1841
440,1841
391,1841
369,1841
271,1841
251,1841
248,1841
247,1841
218,1841
198,1841
160,1841
159,1841
146,1841
143,1841
137,1841
135,1841
130,1841
93,1841
87,1841
23,1841
12,1841
1310,1842
1302,1842
1292,1842
1286,1842
1166,1842
1162,1842
1151,1842
999,1842
935,1842
680,1842
643,1842
642,1842
623,1842
563,1842
554,1842
475,1842
457,1842
351,1842
346,1842
312,1842
263,1842
246,1842
231,1842
223,1842
201,1842
197,1842
187,1842
165,1842
149,1842
138,1842
137,1842
96,1842
79,1842
74,1842
17,1842
1285,1843
1274,1843
1154,1843
1116,1843
823,1843
763,1843
670,1843
648,1843
531,1843
515,1843
513,1843
475,1843
442,1843
432,1843
418,1843
342,1843
328,1843
298,1843
297,1843
290,1843
247,1843
218,1843
209,1843
208,1843
206,1843
204,1843
200,1843
197,1843
172,1843
165,1843
157,1843
137,1843
136,1843
96,1843
6,1843
1310,1844
1294,1844
1062,1844
928,1844
792,1844
742,1844
692,1844
670,1844
564,1844
563,1844
545,1844
483,1844
460,1844
441,1844
432,1844
321,1844
255,1844
248,1844
218,1844
212,1844
211,1844
208,1844
204,1844
201,1844
193,1844
165,1844
157,1844
144,1844
140,1844
137,1844
136,1844
132,1844
123,1844
90,1844
5,1844
1163,1845
963,1845
928,1845
876,1845
867,1845
862,1845
841,1845
655,1845
638,1845
545,1845
527,1845
487,1845
472,1845
468,1845
429,1845
378,1845
255,1845
247,1845
237,1845
231,1845
224,1845
221,1845
215,1845
213,1845
199,1845
173,1845
165,1845
160,1845
159,1845
137,1845
133,1845
110,1845
106,1845
12,1845
11,1845
1110,1846
986,1846
979,1846
904,1846
841,1846
797,1846
721,1846
687,1846
655,1846
506,1846
494,1846
484,1846
476,1846
468,1846
462,1846
419,1846
391,1846
311,1846
260,1846
246,1846
240,1846
231,1846
198,1846
170,1846
159,1846
156,1846
149,1846
145,1846
143,1846
138,1846
106,1846
100,1846
74,1846
17,1846
12,1846
1302,1847
867,1847
861,1847
841,1847
747,1847
588,1847
563,1847
527,1847
523,1847
496,1847
475,1847
468,1847
429,1847
422,1847
386,1847
375,1847
246,1847
223,1847
221,1847
204,1847
197,1847
165,1847
159,1847
154,1847
149,1847
138,1847
135,1847
133,1847
122,1847
106,1847
96,1847
74,1847
17,1847
12,1847
11,1847
1283,1848
880,1848
655,1848
541,1848
527,1848
518,1848
515,1848
498,1848
494,1848
489,1848
441,1848
440,1848
429,1848
391,1848
369,1848
251,1848
248,1848
247,1848
237,1848
231,1848
228,1848
225,1848
218,1848
210,1848
186,1848
165,1848
155,1848
146,1848
145,1848
135,1848
130,1848
121,1848
113,1848
87,1848
12,1848
1263,1849
1250,1849
1163,1849
1131,1849
1118,1849
1085,1849
1061,1849
1059,1849
900,1849
792,1849
742,1849
721,1849
681,1849
643,1849
632,1849
607,1849
574,1849
542,1849
476,1849
251,1849
248,1849
233,1849
220,1849
215,1849
208,1849
204,1849
198,1849
173,1849
168,1849
160,1849
157,1849
150,1849
53,1849
23,1849
3,1849
1301,1850
1266,1850
1187,1850
1180,1850
1057,1850
1007,1850
995,1850
938,1850
920,1850
880,1850
763,1850
629,1850
603,1850
599,1850
588,1850
583,1850
564,1850
515,1850
503,1850
388,1850
356,1850
302,1850
293,1850
282,1850
233,1850
222,1850
189,1850
160,1850
115,1850
72,1850
51,1850
49,1850
47,1850
45,1850
29,1850
1349,1851
1302,1851
904,1851
867,1851
687,1851
638,1851
589,1851
564,1851
539,1851
527,1851
468,1851
429,1851
260,1851
237,1851
231,1851
217,1851
215,1851
208,1851
204,1851
201,1851
198,1851
173,1851
170,1851
160,1851
157,1851
154,1851
149,1851
145,1851
138,1851
106,1851
74,1851
59,1851
17,1851
12,1851
11,1851
1321,1852
1242,1852
1222,1852
1033,1852
1001,1852
921,1852
839,1852
792,1852
767,1852
737,1852
736,1852
732,1852
691,1852
681,1852
647,1852
605,1852
543,1852
513,1852
505,1852
370,1852
357,1852
270,1852
236,1852
235,1852
198,1852
197,1852
187,1852
180,1852
157,1852
143,1852
110,1852
100,1852
76,1852
63,1852
61,1852
1318,1853
1315,1853
1266,1853
1260,1853
1160,1853
1143,1853
1123,1853
1060,1853
1056,1853
1032,1853
1015,1853
924,1853
822,1853
735,1853
687,1853
662,1853
646,1853
636,1853
634,1853
540,1853
526,1853
374,1853
337,1853
318,1853
279,1853
208,1853
204,1853
195,1853
161,1853
157,1853
120,1853
117,1853
89,1853
58,1853
34,1853
1349,1854
1283,1854
1107,1854
928,1854
880,1854
766,1854
746,1854
670,1854
655,1854
638,1854
589,1854
563,1854
527,1854
518,1854
498,1854
489,1854
441,1854
440,1854
429,1854
391,1854
377,1854
251,1854
248,1854
246,1854
237,1854
231,1854
218,1854
211,1854
186,1854
165,1854
145,1854
130,1854
93,1854
87,1854
12,1854
11,1854
1340,1855
1325,1855
1321,1855
1243,1855
1226,1855
1177,1855
1116,1855
1059,1855
993,1855
926,1855
867,1855
845,1855
730,1855
601,1855
559,1855
553,1855
543,1855
513,1855
501,1855
490,1855
481,1855
463,1855
410,1855
380,1855
360,1855
314,1855
272,1855
267,1855
208,1855
204,1855
187,1855
157,1855
143,1855
107,1855
0,1855
1349,1856
1329,1856
1259,1856
1241,1856
1214,1856
1197,1856
1163,1856
1154,1856
1152,1856
1133,1856
1048,1856
955,1856
715,1856
687,1856
589,1856
557,1856
487,1856
483,1856
418,1856
413,1856
411,1856
237,1856
215,1856
208,1856
189,1856
173,1856
157,1856
145,1856
143,1856
138,1856
107,1856
74,1856
17,1856
12,1856
11,1856
1283,1857
1033,1857
1002,1857
957,1857
861,1857
816,1857
767,1857
552,1857
544,1857
529,1857
503,1857
475,1857
474,1857
274,1857
249,1857
247,1857
242,1857
228,1857
221,1857
220,1857
219,1857
218,1857
206,1857
205,1857
197,1857
165,1857
140,1857
137,1857
128,1857
121,1857
113,1857
96,1857
87,1857
70,1857
6,1857
1351,1858
1274,1858
1255,1858
1242,1858
1133,1858
1128,1858
1114,1858
1012,1858
1006,1858
983,1858
900,1858
858,1858
849,1858
843,1858
792,1858
767,1858
647,1858
626,1858
611,1858
592,1858
588,1858
580,1858
505,1858
270,1858
235,1858
208,1858
198,1858
157,1858
143,1858
93,1858
90,1858
34,1858
15,1858
7,1858
6,1858
1327,1859
1110,1859
1085,1859
1029,1859
986,1859
973,1859
867,1859
862,1859
836,1859
792,1859
742,1859
721,1859
621,1859
602,1859
592,1859
555,1859
515,1859
455,1859
447,1859
376,1859
301,1859
211,1859
208,1859
204,1859
198,1859
166,1859
159,1859
157,1859
156,1859
45,1859
44,1859
34,1859
23,1859
12,1859
7,1859
1351,1860
1344,1860
1229,1860
1217,1860
1184,1860
1042,1860
956,1860
952,1860
930,1860
896,1860
895,1860
883,1860
849,1860
844,1860
833,1860
832,1860
813,1860
728,1860
714,1860
697,1860
677,1860
629,1860
534,1860
451,1860
431,1860
387,1860
293,1860
290,1860
288,1860
183,1860
164,1860
82,1860
80,1860
42,1860
4,1860
1310,1861
1284,1861
1128,1861
1085,1861
1010,1861
895,1861
894,1861
886,1861
861,1861
858,1861
841,1861
836,1861
670,1861
655,1861
580,1861
563,1861
545,1861
530,1861
507,1861
447,1861
271,1861
269,1861
255,1861
227,1861
212,1861
159,1861
150,1861
82,1861
76,1861
51,1861
41,1861
27,1861
23,1861
15,1861
12,1861
1302,1862
1301,1862
1207,1862
1183,1862
1013,1862
999,1862
990,1862
925,1862
904,1862
753,1862
747,1862
643,1862
642,1862
641,1862
539,1862
502,1862
480,1862
457,1862
449,1862
437,1862
428,1862
426,1862
375,1862
354,1862
346,1862
332,1862
330,1862
246,1862
223,1862
215,1862
208,1862
174,1862
173,1862
79,1862
42,1862
1344,1863
1284,1863
1186,1863
1132,1863
1057,1863
1010,1863
941,1863
858,1863
720,1863
717,1863
681,1863
670,1863
611,1863
603,1863
439,1863
402,1863
387,1863
364,1863
333,1863
319,1863
278,1863
250,1863
247,1863
235,1863
151,1863
137,1863
134,1863
129,1863
90,1863
76,1863
41,1863
23,1863
15,1863
7,1863
6,1863
1349,1864
1343,1864
1333,1864
1292,1864
1231,1864
1214,1864
1183,1864
841,1864
643,1864
642,1864
589,1864
580,1864
541,1864
489,1864
462,1864
457,1864
428,1864
422,1864
346,1864
325,1864
254,1864
247,1864
246,1864
220,1864
214,1864
208,1864
205,1864
200,1864
191,1864
159,1864
138,1864
137,1864
122,1864
17,1864
4,1864
1229,1865
1223,1865
1130,1865
1107,1865
1104,1865
1072,1865
970,1865
952,1865
941,1865
918,1865
871,1865
861,1865
821,1865
816,1865
789,1865
764,1865
715,1865
714,1865
515,1865
503,1865
483,1865
289,1865
251,1865
235,1865
218,1865
208,1865
204,1865
200,1865
145,1865
137,1865
135,1865
107,1865
91,1865
44,1865
7,1865
1353,1866
1284,1866
1280,1866
1274,1866
1254,1866
1160,1866
1106,1866
1097,1866
1074,1866
1059,1866
1010,1866
926,1866
873,1866
858,1866
843,1866
763,1866
752,1866
668,1866
612,1866
502,1866
478,1866
361,1866
356,1866
306,1866
242,1866
233,1866
208,1866
207,1866
189,1866
182,1866
163,1866
158,1866
157,1866
150,1866
15,1866
1239,1867
1214,1867
1162,1867
928,1867
867,1867
862,1867
861,1867
767,1867
647,1867
617,1867
563,1867
545,1867
475,1867
472,1867
456,1867
260,1867
247,1867
246,1867
237,1867
231,1867
223,1867
210,1867
165,1867
154,1867
149,1867
137,1867
135,1867
122,1867
106,1867
79,1867
67,1867
42,1867
34,1867
24,1867
11,1867
1284,1868
1281,1868
1274,1868
1255,1868
1250,1868
1161,1868
1150,1868
1132,1868
1097,1868
1061,1868
1059,1868
1010,1868
975,1868
867,1868
858,1868
843,1868
792,1868
763,1868
502,1868
484,1868
272,1868
271,1868
227,1868
208,1868
207,1868
204,1868
170,1868
160,1868
158,1868
157,1868
154,1868
149,1868
76,1868
23,1868
12,1868
1292,1869
1284,1869
1278,1869
1267,1869
1238,1869
1090,1869
1087,1869
1048,1869
846,1869
830,1869
792,1869
754,1869
724,1869
655,1869
638,1869
531,1869
527,1869
526,1869
492,1869
481,1869
472,1869
468,1869
429,1869
260,1869
204,1869
198,1869
189,1869
154,1869
147,1869
145,1869
140,1869
138,1869
106,1869
84,1869
17,1869
1183,1870
1163,1870
1162,1870
1128,1870
1110,1870
1087,1870
986,1870
966,1870
867,1870
841,1870
840,1870
742,1870
655,1870
527,1870
506,1870
468,1870
429,1870
386,1870
375,1870
311,1870
260,1870
255,1870
231,1870
223,1870
215,1870
212,1870
210,1870
201,1870
173,1870
159,1870
157,1870
138,1870
133,1870
106,1870
49,1870
1343,1871
1323,1871
1263,1871
1243,1871
1227,1871
1191,1871
1173,1871
1123,1871
1056,1871
983,1871
942,1871
913,1871
863,1871
854,1871
807,1871
750,1871
708,1871
615,1871
590,1871
583,1871
561,1871
446,1871
349,1871
331,1871
282,1871
280,1871
277,1871
275,1871
195,1871
181,1871
161,1871
111,1871
78,1871
69,1871
27,1871
1353,1872
1320,1872
1284,1872
1280,1872
1255,1872
1250,1872
1172,1872
1160,1872
1114,1872
1101,1872
1059,1872
1057,1872
1029,1872
1012,1872
1010,1872
981,1872
918,1872
873,1872
843,1872
763,1872
731,1872
600,1872
526,1872
500,1872
478,1872
411,1872
406,1872
279,1872
233,1872
227,1872
168,1872
40,1872
35,1872
32,1872
29,1872
1310,1873
1243,1873
1207,1873
1167,1873
1110,1873
1079,1873
986,1873
975,1873
963,1873
853,1873
841,1873
822,1873
794,1873
792,1873
744,1873
721,1873
715,1873
680,1873
655,1873
627,1873
617,1873
468,1873
447,1873
440,1873
366,1873
255,1873
231,1873
212,1873
210,1873
159,1873
156,1873
145,1873
135,1873
110,1873
3,1873
1336,1874
1317,1874
1285,1874
1283,1874
1195,1874
957,1874
905,1874
828,1874
785,1874
595,1874
477,1874
442,1874
440,1874
421,1874
392,1874
391,1874
367,1874
358,1874
347,1874
304,1874
246,1874
245,1874
228,1874
214,1874
205,1874
197,1874
183,1874
171,1874
165,1874
130,1874
128,1874
121,1874
113,1874
87,1874
55,1874
1310,1875
1239,1875
1159,1875
1033,1875
1022,1875
1010,1875
963,1875
935,1875
909,1875
826,1875
823,1875
792,1875
696,1875
675,1875
658,1875
457,1875
440,1875
311,1875
268,1875
248,1875
247,1875
246,1875
237,1875
231,1875
193,1875
165,1875
154,1875
137,1875
130,1875
128,1875
110,1875
106,1875
87,1875
74,1875
22,1875
1349,1876
935,1876
904,1876
687,1876
655,1876
638,1876
589,1876
539,1876
527,1876
468,1876
429,1876
419,1876
260,1876
255,1876
247,1876
237,1876
217,1876
215,1876
212,1876
204,1876
201,1876
198,1876
173,1876
154,1876
149,1876
145,1876
138,1876
137,1876
106,1876
74,1876
67,1876
59,1876
17,1876
12,1876
11,1876
1321,1877
1242,1877
1133,1877
1116,1877
1033,1877
979,1877
963,1877
914,1877
902,1877
894,1877
839,1877
816,1877
812,1877
800,1877
767,1877
729,1877
717,1877
692,1877
663,1877
647,1877
617,1877
557,1877
543,1877
529,1877
513,1877
505,1877
503,1877
501,1877
440,1877
380,1877
333,1877
267,1877
250,1877
216,1877
6,1877
1302,1878
1022,1878
904,1878
687,1878
638,1878
539,1878
527,1878
475,1878
468,1878
429,1878
419,1878
386,1878
260,1878
247,1878
246,1878
237,1878
231,1878
217,1878
215,1878
205,1878
204,1878
173,1878
154,1878
149,1878
147,1878
145,1878
138,1878
137,1878
106,1878
74,1878
67,1878
59,1878
17,1878
12,1878
11,1878
928,1879
869,1879
867,1879
861,1879
792,1879
754,1879
527,1879
472,1879
464,1879
429,1879
280,1879
260,1879
258,1879
257,1879
238,1879
237,1879
231,1879
211,1879
204,1879
201,1879
200,1879
198,1879
154,1879
149,1879
147,1879
138,1879
135,1879
133,1879
118,1879
106,1879
67,1879
17,1879
12,1879
11,1879
7,1879
1349,1880
1310,1880
1222,1880
1192,1880
1045,1880
1033,1880
973,1880
935,1880
928,1880
867,1880
862,1880
839,1880
792,1880
589,1880
563,1880
457,1880
364,1880
255,1880
212,1880
211,1880
208,1880
207,1880
205,1880
198,1880
197,1880
187,1880
165,1880
157,1880
156,1880
155,1880
154,1880
134,1880
107,1880
68,1880
23,1880
1340,1881
1325,1881
1284,1881
1274,1881
1255,1881
1253,1881
1242,1881
1177,1881
1133,1881
1024,1881
1012,1881
1010,1881
868,1881
858,1881
848,1881
844,1881
767,1881
717,1881
647,1881
635,1881
611,1881
566,1881
556,1881
553,1881
513,1881
505,1881
447,1881
411,1881
360,1881
270,1881
250,1881
209,1881
168,1881
90,1881
76,1881
1323,1882
1317,1882
1243,1882
1203,1882
1193,1882
1135,1882
1111,1882
1108,1882
1055,1882
1042,1882
1026,1882
814,1882
813,1882
728,1882
620,1882
615,1882
570,1882
534,1882
507,1882
477,1882
451,1882
442,1882
404,1882
400,1882
392,1882
367,1882
365,1882
359,1882
340,1882
324,1882
317,1882
315,1882
282,1882
64,1882
9,1882
1271,1883
1173,1883
1136,1883
935,1883
928,1883
909,1883
836,1883
834,1883
816,1883
767,1883
716,1883
647,1883
493,1883
457,1883
441,1883
424,1883
377,1883
348,1883
251,1883
248,1883
247,1883
246,1883
237,1883
218,1883
211,1883
206,1883
201,1883
186,1883
145,1883
137,1883
135,1883
133,1883
110,1883
87,1883
11,1883
7,1883
1283,1884
1206,1884
1136,1884
880,1884
816,1884
791,1884
774,1884
766,1884
758,1884
750,1884
746,1884
716,1884
531,1884
518,1884
515,1884
498,1884
493,1884
489,1884
473,1884
471,1884
441,1884
379,1884
348,1884
248,1884
246,1884
228,1884
218,1884
211,1884
195,1884
186,1884
145,1884
130,1884
121,1884
113,1884
87,1884
1333,1885
1302,1885
1301,1885
1292,1885
1286,1885
1183,1885
999,1885
925,1885
680,1885
664,1885
643,1885
642,1885
610,1885
531,1885
496,1885
475,1885
426,1885
378,1885
375,1885
372,1885
316,1885
312,1885
280,1885
246,1885
229,1885
214,1885
211,1885
197,1885
166,1885
147,1885
138,1885
96,1885
79,1885
60,1885
17,1885
1255,1886
1163,1886
1154,1886
1150,1886
1131,1886
1065,1886
1061,1886
904,1886
900,1886
837,1886
832,1886
822,1886
658,1886
545,1886
491,1886
433,1886
391,1886
368,1886
293,1886
258,1886
246,1886
244,1886
242,1886
237,1886
231,1886
222,1886
209,1886
193,1886
189,1886
160,1886
138,1886
133,1886
106,1886
24,1886
17,1886
1334,1887
1286,1887
1266,1887
1255,1887
1250,1887
1207,1887
1163,1887
1114,1887
1061,1887
1029,1887
990,1887
944,1887
900,1887
876,1887
836,1887
824,1887
780,1887
753,1887
719,1887
688,1887
644,1887
628,1887
571,1887
515,1887
394,1887
368,1887
332,1887
321,1887
301,1887
286,1887
160,1887
110,1887
81,1887
34,1887
29,1887
1302,1888
1222,1888
1132,1888
855,1888
841,1888
822,1888
792,1888
769,1888
715,1888
638,1888
565,1888
554,1888
519,1888
515,1888
493,1888
426,1888
413,1888
378,1888
260,1888
237,1888
231,1888
221,1888
204,1888
198,1888
189,1888
175,1888
170,1888
159,1888
154,1888
149,1888
138,1888
133,1888
74,1888
17,1888
12,1888
1154,1889
935,1889
904,1889
687,1889
638,1889
564,1889
527,1889
491,1889
468,1889
429,1889
419,1889
260,1889
255,1889
237,1889
217,1889
215,1889
212,1889
208,1889
204,1889
201,1889
198,1889
173,1889
160,1889
157,1889
154,1889
149,1889
147,1889
145,1889
138,1889
106,1889
74,1889
59,1889
17,1889
12,1889
11,1889
1329,1890
1256,1890
1133,1890
1108,1890
1071,1890
1042,1890
972,1890
955,1890
824,1890
814,1890
728,1890
688,1890
667,1890
665,1890
620,1890
507,1890
442,1890
413,1890
404,1890
403,1890
392,1890
367,1890
365,1890
341,1890
324,1890
317,1890
296,1890
282,1890
188,1890
124,1890
111,1890
64,1890
58,1890
20,1890
8,1890
1349,1891
1296,1891
1274,1891
1246,1891
1242,1891
1231,1891
1133,1891
1097,1891
1092,1891
809,1891
767,1891
715,1891
697,1891
647,1891
605,1891
589,1891
580,1891
513,1891
505,1891
491,1891
487,1891
471,1891
258,1891
242,1891
237,1891
235,1891
231,1891
209,1891
189,1891
170,1891
160,1891
135,1891
82,1891
74,1891
7,1891
53,1892
823,1892
701,1892
698,1892
518,1892
1310,1892
486,1892
472,1892
1260,1892
457,1892
423,1892
1216,1892
1214,1892
1199,1892
394,1892
1183,1892
1161,1892
1149,1892
1096,1892
1092,1892
1058,1892
1021,1892
1018,1892
1015,1892
207,1892
976,1892
178,1892
159,1892
147,1892
141,1892
935,1892
97,1892
68,1892
862,1892
848,1892
1310,1893
1301,1893
1214,1893
1207,1893
928,1893
867,1893
860,1893
792,1893
788,1893
742,1893
554,1893
483,1893
424,1893
420,1893
257,1893
238,1893
230,1893
219,1893
204,1893
201,1893
198,1893
193,1893
189,1893
179,1893
172,1893
154,1893
149,1893
148,1893
147,1893
145,1893
142,1893
74,1893
12,1893
11,1893
1,1893
1327,1894
1301,1894
1257,1894
1239,1894
1199,1894
1152,1894
1150,1894
1085,1894
1060,1894
1029,1894
976,1894
943,1894
925,1894
904,1894
862,1894
755,1894
753,1894
724,1894
695,1894
621,1894
602,1894
583,1894
555,1894
472,1894
395,1894
215,1894
211,1894
208,1894
198,1894
173,1894
157,1894
156,1894
145,1894
62,1894
34,1894
1187,1895
1178,1895
802,1895
1170,1895
1206,1895
1148,1895
330,1895
726,1895
1107,1895
1028,1895
1078,1895
282,1895
906,1895
1040,1895
628,1895
615,1895
189,1895
210,1895
560,1895
153,1895
146,1895
141,1895
1331,1895
528,1895
916,1895
504,1895
500,1895
498,1895
1274,1895
471,1895
467,1895
451,1895
47,1895
21,1895
11,1895
1162,1896
1117,1896
1072,1896
928,1896
867,1896
643,1896
623,1896
554,1896
545,1896
496,1896
468,1896
424,1896
378,1896
375,1896
260,1896
247,1896
246,1896
237,1896
223,1896
215,1896
209,1896
204,1896
201,1896
173,1896
170,1896
154,1896
149,1896
138,1896
133,1896
106,1896
74,1896
24,1896
17,1896
12,1896
11,1896
1333,1897
1301,1897
1283,1897
1051,1897
1047,1897
1033,1897
977,1897
963,1897
839,1897
812,1897
800,1897
680,1897
663,1897
654,1897
617,1897
610,1897
580,1897
563,1897
539,1897
523,1897
510,1897
491,1897
440,1897
308,1897
250,1897
205,1897
197,1897
165,1897
146,1897
142,1897
138,1897
74,1897
68,1897
17,1897
11,1897
1243,1898
1222,1898
1161,1898
1048,1898
964,1898
961,1898
849,1898
792,1898
754,1898
744,1898
655,1898
638,1898
527,1898
515,1898
509,1898
506,1898
481,1898
429,1898
426,1898
309,1898
260,1898
258,1898
231,1898
214,1898
204,1898
187,1898
154,1898
147,1898
145,1898
138,1898
133,1898
122,1898
106,1898
92,1898
17,1898
1254,1899
1154,1899
990,1899
966,1899
935,1899
928,1899
841,1899
830,1899
769,1899
643,1899
610,1899
563,1899
560,1899
554,1899
545,1899
530,1899
506,1899
437,1899
413,1899
351,1899
332,1899
320,1899
312,1899
255,1899
237,1899
229,1899
212,1899
201,1899
159,1899
157,1899
74,1899
61,1899
54,1899
42,1899
24,1899
1299,1900
1110,1900
1087,1900
986,1900
963,1900
927,1900
920,1900
792,1900
721,1900
674,1900
604,1900
603,1900
602,1900
580,1900
574,1900
541,1900
515,1900
501,1900
385,1900
271,1900
253,1900
247,1900
224,1900
223,1900
220,1900
215,1900
213,1900
208,1900
194,1900
173,1900
160,1900
157,1900
137,1900
81,1900
61,1900
1292,1901
1228,1901
1223,1901
1222,1901
1214,1901
1136,1901
1050,1901
983,1901
935,1901
926,1901
871,1901
867,1901
822,1901
792,1901
732,1901
605,1901
580,1901
527,1901
515,1901
457,1901
236,1901
215,1901
208,1901
198,1901
194,1901
189,1901
187,1901
173,1901
165,1901
157,1901
151,1901
149,1901
110,1901
23,1901
12,1901
1268,1902
1243,1902
1198,1902
1162,1902
1145,1902
1144,1902
1128,1902
1110,1902
1079,1902
1072,1902
1048,1902
986,1902
975,1902
947,1902
941,1902
882,1902
855,1902
851,1902
826,1902
797,1902
789,1902
767,1902
715,1902
647,1902
643,1902
593,1902
588,1902
447,1902
235,1902
207,1902
166,1902
135,1902
39,1902
12,1902
3,1902
1312,1903
1284,1903
1246,1903
1158,1903
1152,1903
1132,1903
1106,1903
1101,1903
1059,1903
1010,1903
975,1903
900,1903
873,1903
858,1903
851,1903
843,1903
792,1903
744,1903
681,1903
662,1903
501,1903
374,1903
272,1903
271,1903
261,1903
227,1903
208,1903
194,1903
157,1903
156,1903
150,1903
51,1903
27,1903
23,1903
15,1903
1270,1904
1255,1904
1223,1904
1194,1904
1136,1904
1048,1904
979,1904
975,1904
871,1904
827,1904
819,1904
746,1904
720,1904
687,1904
592,1904
503,1904
494,1904
475,1904
455,1904
380,1904
333,1904
250,1904
225,1904
208,1904
197,1904
168,1904
165,1904
157,1904
153,1904
149,1904
141,1904
96,1904
95,1904
74,1904
34,1904
1349,1905
1302,1905
1301,1905
1232,1905
1183,1905
999,1905
935,1905
928,1905
925,1905
840,1905
792,1905
753,1905
747,1905
643,1905
641,1905
623,1905
589,1905
563,1905
502,1905
499,1905
457,1905
449,1905
426,1905
375,1905
354,1905
312,1905
246,1905
223,1905
211,1905
197,1905
154,1905
138,1905
79,1905
17,1905
12,1905
1323,1906
1314,1906
1184,1906
1110,1906
1089,1906
1075,1906
986,1906
940,1906
921,1906
883,1906
852,1906
777,1906
769,1906
756,1906
732,1906
730,1906
699,1906
625,1906
594,1906
590,1906
585,1906
537,1906
509,1906
411,1906
336,1906
294,1906
275,1906
243,1906
236,1906
200,1906
124,1906
91,1906
84,1906
83,1906
10,1906
1338,1907
1301,1907
1280,1907
1207,1907
1173,1907
1124,1907
1122,1907
1061,1907
977,1907
948,1907
900,1907
873,1907
867,1907
819,1907
755,1907
742,1907
637,1907
602,1907
574,1907
555,1907
539,1907
482,1907
455,1907
293,1907
286,1907
231,1907
223,1907
222,1907
211,1907
208,1907
198,1907
160,1907
157,1907
42,1907
27,1907
1337,1908
1333,1908
1268,1908
1150,1908
1128,1908
1123,1908
1097,1908
858,1908
855,1908
841,1908
830,1908
655,1908
636,1908
539,1908
481,1908
475,1908
462,1908
315,1908
306,1908
289,1908
214,1908
204,1908
200,1908
197,1908
175,1908
159,1908
154,1908
138,1908
135,1908
96,1908
82,1908
74,1908
17,1908
15,1908
12,1908
1324,1909
1323,1909
1279,1909
1260,1909
1258,1909
1227,1909
1216,1909
1195,1909
1179,1909
1174,1909
1126,1909
1108,1909
1072,1909
907,1909
837,1909
781,1909
769,1909
725,1909
693,1909
684,1909
664,1909
648,1909
638,1909
615,1909
427,1909
423,1909
388,1909
382,1909
371,1909
365,1909
338,1909
293,1909
195,1909
89,1909
84,1909
1250,1910
1242,1910
1223,1910
1218,1910
1214,1910
1172,1910
1163,1910
1059,1910
926,1910
871,1910
792,1910
776,1910
767,1910
766,1910
681,1910
647,1910
605,1910
505,1910
503,1910
407,1910
370,1910
270,1910
235,1910
211,1910
208,1910
198,1910
187,1910
180,1910
165,1910
157,1910
152,1910
110,1910
41,1910
34,1910
12,1910
1181,1911
210,1911
654,1911
977,1911
1178,1911
569,1911
1152,1911
208,1911
1338,1911
146,1911
726,1911
325,1911
906,1911
504,1911
500,1911
498,1911
494,1911
1278,1911
1274,1911
878,1911
877,1911
863,1911
467,1911
1052,1911
1048,1911
451,1911
1040,1911
638,1911
1017,1911
1016,1911
1209,1911
1206,1911
801,1911
205,1911
1187,1911
1333,1912
1295,1912
1246,1912
979,1912
920,1912
867,1912
864,1912
861,1912
742,1912
643,1912
580,1912
568,1912
529,1912
527,1912
523,1912
515,1912
493,1912
475,1912
442,1912
440,1912
429,1912
385,1912
246,1912
210,1912
197,1912
166,1912
149,1912
146,1912
143,1912
138,1912
135,1912
96,1912
74,1912
17,1912
12,1912
1349,1913
928,1913
880,1913
816,1913
792,1913
746,1913
670,1913
655,1913
589,1913
564,1913
539,1913
518,1913
506,1913
498,1913
493,1913
489,1913
441,1913
348,1913
251,1913
248,1913
228,1913
219,1913
218,1913
211,1913
208,1913
204,1913
201,1913
157,1913
154,1913
145,1913
144,1913
130,1913
93,1913
87,1913
11,1913
1301,1914
1280,1914
1250,1914
1214,1914
1207,1914
1180,1914
1115,1914
935,1914
925,1914
860,1914
788,1914
692,1914
655,1914
557,1914
531,1914
515,1914
464,1914
424,1914
420,1914
378,1914
293,1914
257,1914
238,1914
230,1914
219,1914
211,1914
193,1914
179,1914
172,1914
148,1914
142,1914
79,1914
54,1914
24,1914
1,1914
1349,1915
1131,1915
1061,1915
861,1915
841,1915
692,1915
670,1915
655,1915
589,1915
554,1915
545,1915
527,1915
518,1915
489,1915
487,1915
429,1915
391,1915
260,1915
248,1915
246,1915
237,1915
231,1915
204,1915
201,1915
165,1915
160,1915
159,1915
154,1915
138,1915
133,1915
132,1915
122,1915
106,1915
74,1915
12,1915
1342,1916
1323,1916
1247,1916
1243,1916
1234,1916
1182,1916
1179,1916
958,1916
907,1916
895,1916
864,1916
863,1916
857,1916
851,1916
837,1916
832,1916
769,1916
638,1916
615,1916
593,1916
560,1916
550,1916
545,1916
534,1916
406,1916
392,1916
332,1916
324,1916
303,1916
231,1916
160,1916
78,1916
51,1916
49,1916
34,1916
1338,1917
1301,1917
1187,1917
966,1917
860,1917
842,1917
830,1917
822,1917
788,1917
769,1917
742,1917
698,1917
694,1917
655,1917
426,1917
424,1917
420,1917
257,1917
238,1917
230,1917
219,1917
215,1917
211,1917
208,1917
204,1917
198,1917
189,1917
173,1917
172,1917
157,1917
148,1917
142,1917
79,1917
24,1917
1,1917
1302,1918
1286,1918
1207,1918
1154,1918
1142,1918
1105,1918
1090,1918
1088,1918
990,1918
944,1918
932,1918
853,1918
802,1918
753,1918
742,1918
719,1918
563,1918
530,1918
479,1918
457,1918
449,1918
428,1918
375,1918
351,1918
341,1918
332,1918
330,1918
314,1918
301,1918
202,1918
81,1918
45,1918
44,1918
23,1918
13,1918
1352,1919
1232,1919
1214,1919
1198,1919
1134,1919
1068,1919
1059,1919
1054,1919
862,1919
602,1919
555,1919
530,1919
493,1919
481,1919
478,1919
475,1919
366,1919
287,1919
247,1919
237,1919
231,1919
224,1919
215,1919
213,1919
199,1919
197,1919
173,1919
165,1919
156,1919
147,1919
138,1919
137,1919
110,1919
106,1919
102,1919
1349,1920
1233,1920
1097,1920
1061,1920
928,1920
867,1920
861,1920
589,1920
527,1920
518,1920
494,1920
491,1920
484,1920
440,1920
429,1920
391,1920
260,1920
246,1920
240,1920
237,1920
215,1920
207,1920
189,1920
173,1920
160,1920
146,1920
143,1920
138,1920
135,1920
133,1920
122,1920
74,1920
17,1920
12,1920
11,1920
7,1920
1231,1921
1222,1921
1163,1921
1161,1921
1048,1921
928,1921
867,1921
861,1921
792,1921
754,1921
655,1921
588,1921
527,1921
518,1921
515,1921
506,1921
491,1921
483,1921
429,1921
260,1921
247,1921
231,1921
204,1921
154,1921
149,1921
145,1921
138,1921
137,1921
135,1921
133,1921
122,1921
110,1921
106,1921
17,1921
12,1921
1334,1922
1284,1922
1216,1922
1161,1922
1146,1922
1122,1922
1092,1922
1065,1922
1029,1922
1010,1922
978,1922
894,1922
858,1922
836,1922
797,1922
774,1922
767,1922
763,1922
648,1922
638,1922
513,1922
333,1922
301,1922
272,1922
270,1922
229,1922
222,1922
182,1922
102,1922
76,1922
41,1922
23,1922
15,1922
12,1922
6,1922
1290,1923
1272,1923
1250,1923
1137,1923
1136,1923
1115,1923
1108,1923
1065,1923
1061,1923
1059,1923
1024,1923
900,1923
842,1923
680,1923
592,1923
493,1923
447,1923
421,1923
328,1923
324,1923
317,1923
298,1923
293,1923
233,1923
208,1923
207,1923
204,1923
200,1923
180,1923
171,1923
160,1923
157,1923
135,1923
127,1923
100,1923
1346,1924
1338,1924
1304,1924
1265,1924
1251,1924
1236,1924
1192,1924
1159,1924
1071,1924
916,1924
882,1924
853,1924
846,1924
824,1924
813,1924
794,1924
707,1924
702,1924
696,1924
690,1924
688,1924
675,1924
658,1924
507,1924
497,1924
482,1924
466,1924
418,1924
417,1924
357,1924
268,1924
82,1924
59,1924
55,1924
22,1924
19,1924
1283,1925
1250,1925
1242,1925
1206,1925
1136,1925
928,1925
880,1925
774,1925
766,1925
746,1925
568,1925
518,1925
498,1925
494,1925
493,1925
489,1925
441,1925
435,1925
377,1925
348,1925
271,1925
269,1925
251,1925
248,1925
228,1925
218,1925
211,1925
146,1925
145,1925
135,1925
130,1925
113,1925
87,1925
34,1925
23,1925
1333,1926
1284,1926
1267,1926
1265,1926
1263,1926
1251,1926
1186,1926
1159,1926
1098,1926
1069,1926
1057,1926
1010,1926
992,1926
979,1926
963,1926
938,1926
909,1926
846,1926
839,1926
838,1926
788,1926
719,1926
717,1926
696,1926
675,1926
658,1926
644,1926
479,1926
478,1926
268,1926
242,1926
203,1926
65,1926
14,1926
13,1926
774,1927
766,1927
746,1927
68,1927
131,1927
598,1927
568,1927
544,1927
498,1927
493,1927
489,1927
1283,1927
1271,1927
473,1927
471,1927
467,1927
441,1927
1206,1927
369,1927
348,1927
1126,1927
248,1927
228,1927
225,1927
218,1927
186,1927
167,1927
155,1927
146,1927
130,1927
121,1927
113,1927
87,1927
880,1927
816,1927
1349,1928
1310,1928
1183,1928
1163,1928
861,1928
589,1928
563,1928
554,1928
545,1928
527,1928
506,1928
496,1928
429,1928
358,1928
314,1928
260,1928
255,1928
237,1928
219,1928
212,1928
204,1928
201,1928
165,1928
154,1928
144,1928
143,1928
142,1928
138,1928
137,1928
110,1928
67,1928
17,1928
16,1928
12,1928
11,1928
1222,1929
1163,1929
1161,1929
1048,1929
928,1929
867,1929
861,1929
792,1929
754,1929
655,1929
638,1929
563,1929
527,1929
518,1929
506,1929
491,1929
483,1929
429,1929
260,1929
258,1929
247,1929
231,1929
204,1929
165,1929
154,1929
149,1929
145,1929
138,1929
137,1929
133,1929
122,1929
110,1929
106,1929
17,1929
12,1929
1163,1930
1128,1930
928,1930
814,1930
655,1930
638,1930
563,1930
518,1930
506,1930
496,1930
491,1930
483,1930
475,1930
449,1930
386,1930
378,1930
372,1930
346,1930
248,1930
246,1930
231,1930
201,1930
197,1930
193,1930
165,1930
145,1930
143,1930
138,1930
106,1930
96,1930
74,1930
59,1930
44,1930
17,1930
11,1930
1302,1931
1183,1931
966,1931
928,1931
830,1931
747,1931
742,1931
680,1931
655,1931
554,1931
545,1931
527,1931
475,1931
468,1931
429,1931
426,1931
386,1931
375,1931
260,1931
255,1931
246,1931
237,1931
231,1931
223,1931
217,1931
215,1931
212,1931
204,1931
201,1931
193,1931
173,1931
154,1931
106,1931
79,1931
11,1931
1302,1932
1183,1932
1024,1932
672,1932
643,1932
642,1932
617,1932
539,1932
527,1932
468,1932
449,1932
429,1932
426,1932
411,1932
386,1932
375,1932
372,1932
346,1932
312,1932
260,1932
246,1932
223,1932
215,1932
204,1932
173,1932
154,1932
149,1932
145,1932
138,1932
133,1932
106,1932
79,1932
54,1932
17,1932
11,1932
131,1933
774,1933
766,1933
746,1933
670,1933
598,1933
544,1933
518,1933
498,1933
493,1933
489,1933
1283,1933
471,1933
467,1933
441,1933
1206,1933
1170,1933
369,1933
348,1933
473,1933
248,1933
246,1933
228,1933
225,1933
218,1933
186,1933
167,1933
146,1933
145,1933
130,1933
121,1933
113,1933
87,1933
880,1933
816,1933
1299,1934
1296,1934
1131,1934
928,1934
861,1934
809,1934
754,1934
746,1934
692,1934
670,1934
655,1934
638,1934
554,1934
545,1934
539,1934
527,1934
506,1934
496,1934
483,1934
480,1934
429,1934
321,1934
258,1934
248,1934
244,1934
211,1934
201,1934
193,1934
165,1934
137,1934
132,1934
90,1934
67,1934
54,1934
12,1934
1310,1935
1302,1935
963,1935
928,1935
867,1935
841,1935
792,1935
687,1935
563,1935
539,1935
527,1935
518,1935
496,1935
491,1935
468,1935
440,1935
429,1935
251,1935
237,1935
215,1935
204,1935
191,1935
187,1935
173,1935
165,1935
159,1935
154,1935
145,1935
138,1935
137,1935
118,1935
22,1935
17,1935
12,1935
11,1935
1302,1936
1087,1936
876,1936
808,1936
747,1936
655,1936
643,1936
606,1936
554,1936
539,1936
527,1936
496,1936
468,1936
429,1936
426,1936
422,1936
386,1936
375,1936
312,1936
260,1936
246,1936
223,1936
221,1936
204,1936
170,1936
154,1936
149,1936
138,1936
135,1936
133,1936
122,1936
106,1936
74,1936
17,1936
11,1936
1233,1937
1150,1937
1136,1937
1097,1937
1022,1937
1014,1937
979,1937
973,1937
904,1937
900,1937
792,1937
766,1937
687,1937
578,1937
520,1937
434,1937
367,1937
324,1937
311,1937
293,1937
286,1937
261,1937
251,1937
208,1937
204,1937
199,1937
194,1937
193,1937
170,1937
154,1937
138,1937
137,1937
106,1937
17,1937
11,1937
1344,1938
1332,1938
1329,1938
1312,1938
1205,1938
1159,1938
1074,1938
972,1938
962,1938
916,1938
869,1938
866,1938
671,1938
639,1938
552,1938
548,1938
539,1938
489,1938
464,1938
446,1938
443,1938
425,1938
387,1938
310,1938
276,1938
274,1938
176,1938
132,1938
111,1938
109,1938
105,1938
52,1938
44,1938
32,1938
0,1938
1217,1939
1210,1939
1207,1939
1196,1939
1158,1939
1144,1939
956,1939
910,1939
901,1939
896,1939
863,1939
841,1939
719,1939
680,1939
677,1939
656,1939
433,1939
431,1939
420,1939
409,1939
395,1939
287,1939
283,1939
234,1939
232,1939
229,1939
190,1939
183,1939
175,1939
165,1939
164,1939
159,1939
73,1939
36,1939
11,1939
1334,1941
1266,1941
1221,1941
1204,1941
1163,1941
1116,1941
1085,1941
1045,1941
1011,1941
998,1941
841,1941
836,1941
742,1941
703,1941
676,1941
655,1941
645,1941
610,1941
580,1941
496,1941
457,1941
376,1941
251,1941
243,1941
231,1941
211,1941
201,1941
165,1941
159,1941
145,1941
106,1941
56,1941
34,1941
23,1941
12,1941
1302,1942
1183,1942
1116,1942
1013,1942
963,1942
834,1942
680,1942
643,1942
641,1942
623,1942
527,1942
523,1942
491,1942
475,1942
457,1942
429,1942
428,1942
426,1942
413,1942
375,1942
354,1942
312,1942
246,1942
197,1942
165,1942
149,1942
138,1942
133,1942
122,1942
96,1942
79,1942
56,1942
42,1942
17,1942
12,1942
1136,1943
1127,1943
1062,1943
746,1943
692,1943
670,1943
650,1943
638,1943
564,1943
557,1943
543,1943
493,1943
489,1943
469,1943
464,1943
460,1943
437,1943
321,1943
262,1943
261,1943
231,1943
211,1943
206,1943
194,1943
165,1943
159,1943
151,1943
132,1943
128,1943
110,1943
90,1943
54,1943
16,1943
10,1943
5,1943
386,1944
792,1944
764,1944
747,1944
144,1944
643,1944
641,1944
159,1944
202,1944
263,1944
502,1944
496,1944
483,1944
469,1944
354,1944
437,1944
1163,1944
1144,1944
489,1944
1062,1944
262,1944
261,1944
246,1944
231,1944
1013,1944
206,1944
194,1944
165,1944
128,1944
122,1944
110,1944
81,1944
847,1944
841,1944
16,1944
1233,1945
1150,1945
1097,1945
1087,1945
1048,1945
1022,1945
1014,1945
952,1945
904,1945
900,1945
766,1945
610,1945
588,1945
527,1945
520,1945
511,1945
496,1945
434,1945
429,1945
367,1945
311,1945
293,1945
286,1945
260,1945
251,1945
204,1945
199,1945
194,1945
189,1945
170,1945
138,1945
133,1945
106,1945
17,1945
12,1945
1349,1946
1333,1946
1296,1946
1291,1946
1276,1946
1116,1946
1002,1946
992,1946
964,1946
961,1946
942,1946
928,1946
869,1946
825,1946
724,1946
704,1946
680,1946
643,1946
589,1946
496,1946
465,1946
464,1946
357,1946
301,1946
244,1946
237,1946
214,1946
204,1946
154,1946
147,1946
142,1946
138,1946
92,1946
53,1946
17,1946
1349,1948
1292,1948
1212,1948
1157,1948
1130,1948
928,1948
910,1948
841,1948
833,1948
820,1948
792,1948
789,1948
774,1948
589,1948
568,1948
541,1948
494,1948
467,1948
455,1948
446,1948
429,1948
389,1948
291,1948
248,1948
228,1948
222,1948
204,1948
159,1948
146,1948
145,1948
106,1948
98,1948
93,1948
81,1948
12,1948
1301,1949
1292,1949
1283,1949
1183,1949
1163,1949
957,1949
680,1949
655,1949
643,1949
610,1949
475,1949
440,1949
424,1949
391,1949
378,1949
372,1949
312,1949
308,1949
248,1949
247,1949
246,1949
223,1949
218,1949
214,1949
205,1949
197,1949
165,1949
138,1949
137,1949
130,1949
128,1949
113,1949
96,1949
87,1949
17,1949
1349,1951
1297,1951
1249,1951
1246,1951
1241,1951
1229,1951
1214,1951
1184,1951
1135,1951
1133,1951
1059,1951
1050,1951
1016,1951
975,1951
894,1951
849,1951
793,1951
763,1951
682,1951
681,1951
661,1951
589,1951
436,1951
428,1951
418,1951
309,1951
251,1951
135,1951
57,1951
44,1951
41,1951
33,1951
28,1951
24,1951
3,1951
1284,1952
1281,1952
1267,1952
1114,1952
1050,1952
1045,1952
1012,1952
995,1952
895,1952
846,1952
843,1952
825,1952
824,1952
814,1952
728,1952
717,1952
702,1952
688,1952
629,1952
564,1952
480,1952
446,1952
442,1952
428,1952
413,1952
411,1952
365,1952
324,1952
282,1952
229,1952
198,1952
178,1952
19,1952
12,1952
7,1952
1307,1953
1246,1953
1095,1953
1065,1953
1060,1953
1029,1953
1028,1953
1014,1953
990,1953
963,1953
932,1953
918,1953
906,1953
894,1953
793,1953
780,1953
777,1953
764,1953
749,1953
715,1953
704,1953
686,1953
682,1953
628,1953
445,1953
438,1953
418,1953
357,1953
309,1953
215,1953
173,1953
40,1953
35,1953
29,1953
24,1953
1338,1954
1284,1954
1267,1954
1265,1954
1247,1954
1149,1954
1140,1954
1099,1954
1076,1954
1067,1954
1057,1954
1038,1954
1035,1954
992,1954
966,1954
963,1954
909,1954
899,1954
887,1954
837,1954
830,1954
802,1954
787,1954
781,1954
773,1954
744,1954
712,1954
690,1954
675,1954
660,1954
629,1954
498,1954
476,1954
470,1954
211,1954
1284,1955
1267,1955
1244,1955
1236,1955
1187,1955
1159,1955
1149,1955
1107,1955
1057,1955
1014,1955
1012,1955
1010,1955
995,1955
992,1955
963,1955
938,1955
932,1955
909,1955
851,1955
846,1955
838,1955
788,1955
744,1955
696,1955
690,1955
682,1955
675,1955
663,1955
658,1955
641,1955
564,1955
518,1955
434,1955
268,1955
27,1955
1347,1956
1323,1956
1258,1956
1211,1956
1191,1956
1095,1956
1050,1956
1034,1956
998,1956
976,1956
924,1956
761,1956
679,1956
616,1956
462,1956
455,1956
447,1956
444,1956
428,1956
411,1956
403,1956
397,1956
382,1956
338,1956
336,1956
302,1956
292,1956
204,1956
154,1956
84,1956
57,1956
56,1956
46,1956
31,1956
18,1956
1284,1957
1267,1957
1265,1957
1263,1957
1236,1957
1187,1957
1159,1957
1067,1957
1012,1957
995,1957
992,1957
963,1957
938,1957
909,1957
851,1957
846,1957
838,1957
788,1957
744,1957
696,1957
690,1957
675,1957
658,1957
644,1957
629,1957
627,1957
564,1957
510,1957
495,1957
480,1957
268,1957
260,1957
147,1957
19,1957
13,1957
1281,1958
1278,1958
1275,1958
1266,1958
1263,1958
1260,1958
1255,1958
1250,1958
1249,1958
1248,1958
1214,1958
1186,1958
1181,1958
1152,1958
1115,1958
1106,1958
1096,1958
1075,1958
1074,1958
1059,1958
1015,1958
869,1958
859,1958
843,1958
801,1958
797,1958
698,1958
646,1958
464,1958
443,1958
310,1958
119,1958
52,1958
41,1958
32,1958
1138,1959
1111,1959
1108,1959
1042,1959
955,1959
929,1959
907,1959
777,1959
665,1959
629,1959
620,1959
570,1959
442,1959
403,1959
400,1959
392,1959
390,1959
382,1959
367,1959
365,1959
341,1959
324,1959
317,1959
315,1959
290,1959
288,1959
272,1959
188,1959
124,1959
108,1959
97,1959
66,1959
50,1959
20,1959
9,1959
1336,1960
1285,1960
1178,1960
1077,1960
1071,1960
1069,1960
1067,1960
1057,1960
1055,1960
1053,1960
1047,1960
1040,1960
1022,1960
992,1960
937,1960
935,1960
909,1960
874,1960
814,1960
813,1960
812,1960
800,1960
772,1960
744,1960
728,1960
726,1960
510,1960
507,1960
495,1960
358,1960
335,1960
324,1960
204,1960
72,1960
19,1960
1280,1961
1250,1961
1221,1961
1171,1961
1114,1961
1101,1961
1075,1961
1074,1961
1059,1961
1006,1961
922,1961
886,1961
873,1961
763,1961
731,1961
721,1961
678,1961
666,1961
645,1961
622,1961
592,1961
571,1961
503,1961
497,1961
490,1961
416,1961
402,1961
356,1961
271,1961
256,1961
91,1961
40,1961
35,1961
34,1961
23,1961
1284,1962
1281,1962
1280,1962
1263,1962
1255,1962
1250,1962
1249,1962
1186,1962
1160,1962
1114,1962
1101,1962
1075,1962
1059,1962
1057,1962
1029,1962
1012,1962
1010,1962
1006,1962
861,1962
851,1962
848,1962
763,1962
731,1962
717,1962
622,1962
513,1962
500,1962
456,1962
402,1962
356,1962
207,1962
118,1962
41,1962
40,1962
35,1962
1265,1963
1178,1963
1077,1963
1069,1963
1067,1963
1057,1963
1055,1963
1053,1963
1047,1963
1045,1963
1040,1963
1022,1963
1014,1963
992,1963
939,1963
937,1963
935,1963
910,1963
909,1963
874,1963
812,1963
800,1963
788,1963
772,1963
726,1963
675,1963
629,1963
549,1963
510,1963
495,1963
335,1963
301,1963
260,1963
204,1963
72,1963
1280,1964
1254,1964
1250,1964
1232,1964
1187,1964
1172,1964
1132,1964
1114,1964
1101,1964
1075,1964
1059,1964
886,1964
807,1964
731,1964
678,1964
666,1964
622,1964
588,1964
571,1964
502,1964
494,1964
493,1964
416,1964
402,1964
356,1964
333,1964
271,1964
256,1964
250,1964
158,1964
91,1964
40,1964
35,1964
34,1964
23,1964
1284,1965
1267,1965
1265,1965
1251,1965
1236,1965
1159,1965
1098,1965
1077,1965
1073,1965
1049,1965
1033,1965
1010,1965
992,1965
963,1965
938,1965
909,1965
846,1965
839,1965
838,1965
806,1965
788,1965
744,1965
719,1965
717,1965
696,1965
675,1965
658,1965
644,1965
629,1965
479,1965
432,1965
268,1965
260,1965
204,1965
13,1965
1280,1966
1250,1966
1221,1966
1171,1966
1114,1966
1101,1966
1075,1966
1074,1966
1059,1966
1023,1966
1006,1966
922,1966
886,1966
873,1966
763,1966
731,1966
678,1966
666,1966
645,1966
622,1966
592,1966
571,1966
503,1966
497,1966
490,1966
416,1966
402,1966
356,1966
271,1966
256,1966
91,1966
40,1966
35,1966
34,1966
23,1966
1250,1967
1178,1967
1101,1967
1077,1967
1075,1967
1067,1967
1059,1967
1057,1967
1053,1967
1047,1967
1045,1967
1029,1967
1022,1967
992,1967
937,1967
935,1967
909,1967
874,1967
873,1967
772,1967
731,1967
726,1967
696,1967
629,1967
600,1967
510,1967
495,1967
335,1967
301,1967
268,1967
260,1967
204,1967
72,1967
40,1967
23,1967
1321,1968
1178,1968
1077,1968
1069,1968
1067,1968
1065,1968
1057,1968
1053,1968
1047,1968
1045,1968
1040,1968
1035,1968
1022,1968
992,1968
962,1968
938,1968
937,1968
909,1968
874,1968
821,1968
812,1968
780,1968
772,1968
726,1968
704,1968
682,1968
629,1968
628,1968
510,1968
495,1968
396,1968
335,1968
309,1968
72,1968
29,1968
1338,1969
1231,1969
1206,1969
1171,1969
1150,1969
1132,1969
1104,1969
1079,1969
1046,1969
1044,1969
1041,1969
1005,1969
947,1969
941,1969
926,1969
851,1969
837,1969
814,1969
776,1969
762,1969
584,1969
560,1969
521,1969
501,1969
498,1969
491,1969
476,1969
449,1969
289,1969
282,1969
237,1969
233,1969
59,1969
49,1969
44,1969
1178,1970
1107,1970
1071,1970
1069,1970
1067,1970
1057,1970
1053,1970
1047,1970
1045,1970
1040,1970
1039,1970
1022,1970
1014,1970
992,1970
963,1970
938,1970
937,1970
909,1970
898,1970
874,1970
812,1970
800,1970
783,1970
772,1970
726,1970
663,1970
629,1970
523,1970
510,1970
495,1970
434,1970
406,1970
301,1970
204,1970
72,1970
1280,1971
1250,1971
1221,1971
1171,1971
1114,1971
1101,1971
1075,1971
1074,1971
1059,1971
1006,1971
922,1971
886,1971
873,1971
763,1971
731,1971
721,1971
678,1971
666,1971
645,1971
622,1971
592,1971
571,1971
503,1971
497,1971
490,1971
416,1971
402,1971
356,1971
271,1971
256,1971
91,1971
40,1971
35,1971
34,1971
23,1971
1321,1972
1283,1972
1250,1972
1226,1972
1178,1972
1101,1972
1077,1972
1075,1972
1067,1972
1059,1972
1057,1972
1053,1972
1047,1972
1045,1972
1029,1972
1022,1972
992,1972
937,1972
935,1972
913,1972
909,1972
874,1972
873,1972
866,1972
772,1972
731,1972
726,1972
629,1972
600,1972
335,1972
301,1972
260,1972
204,1972
201,1972
193,1972
1265,1973
1178,1973
1159,1973
1077,1973
1069,1973
1067,1973
1057,1973
1053,1973
1047,1973
1045,1973
1040,1973
1022,1973
1014,1973
992,1973
937,1973
935,1973
909,1973
874,1973
812,1973
800,1973
788,1973
772,1973
726,1973
675,1973
658,1973
629,1973
510,1973
495,1973
454,1973
335,1973
301,1973
260,1973
204,1973
72,1973
0,1973
1280,1974
1250,1974
1249,1974
1172,1974
1132,1974
1122,1974
1114,1974
1101,1974
1075,1974
1059,1974
1057,1974
1029,1974
1006,1974
886,1974
873,1974
851,1974
731,1974
717,1974
698,1974
666,1974
622,1974
611,1974
592,1974
588,1974
571,1974
402,1974
356,1974
333,1974
271,1974
250,1974
90,1974
40,1974
35,1974
34,1974
23,1974
1285,1975
1178,1975
1077,1975
1071,1975
1069,1975
1067,1975
1057,1975
1055,1975
1053,1975
1047,1975
1040,1975
1022,1975
1014,1975
992,1975
937,1975
935,1975
909,1975
874,1975
814,1975
813,1975
812,1975
800,1975
772,1975
744,1975
728,1975
726,1975
675,1975
629,1975
510,1975
495,1975
358,1975
335,1975
260,1975
204,1975
72,1975
1294,1976
1224,1976
1197,1976
1114,1976
1110,1976
1101,1976
986,1976
958,1976
895,1976
869,1976
746,1976
720,1976
666,1976
665,1976
629,1976
603,1976
594,1976
585,1976
573,1976
541,1976
510,1976
495,1976
478,1976
464,1976
436,1976
341,1976
314,1976
296,1976
293,1976
280,1976
225,1976
124,1976
111,1976
102,1976
23,1976
1265,1977
1159,1977
1098,1977
1073,1977
1049,1977
1022,1977
1010,1977
992,1977
963,1977
962,1977
938,1977
909,1977
846,1977
838,1977
788,1977
744,1977
717,1977
696,1977
675,1977
658,1977
644,1977
562,1977
479,1977
474,1977
457,1977
432,1977
268,1977
260,1977
226,1977
223,1977
204,1977
170,1977
154,1977
44,1977
13,1977
1269,1978
1259,1978
1250,1978
1210,1978
1197,1978
1155,1978
1019,1978
1012,1978
1001,1978
978,1978
965,1978
952,1978
926,1978
920,1978
878,1978
789,1978
776,1978
763,1978
755,1978
750,1978
672,1978
577,1978
546,1978
502,1978
481,1978
431,1978
428,1978
409,1978
232,1978
222,1978
79,1978
63,1978
39,1978
33,1978
27,1978
1321,1979
1281,1979
1275,1979
1266,1979
1263,1979
1260,1979
1248,1979
1186,1979
1178,1979
1176,1979
1069,1979
1067,1979
1057,1979
1053,1979
1047,1979
1040,1979
1022,1979
1015,1979
992,1979
962,1979
938,1979
937,1979
909,1979
859,1979
843,1979
801,1979
772,1979
726,1979
646,1979
629,1979
510,1979
498,1979
495,1979
310,1979
72,1979
1308,1980
1267,1980
1246,1980
1232,1980
1221,1980
1181,1980
1156,1980
1141,1980
1138,1980
1123,1980
1031,1980
998,1980
976,1980
913,1980
882,1980
793,1980
787,1980
771,1980
749,1980
710,1980
706,1980
679,1980
645,1980
482,1980
442,1980
427,1980
344,1980
341,1980
336,1980
309,1980
69,1980
57,1980
41,1980
37,1980
28,1980
1285,1981
1178,1981
1077,1981
1071,1981
1069,1981
1067,1981
1057,1981
1055,1981
1053,1981
1047,1981
1040,1981
1022,1981
992,1981
939,1981
937,1981
935,1981
909,1981
874,1981
814,1981
813,1981
812,1981
800,1981
772,1981
744,1981
728,1981
726,1981
629,1981
510,1981
495,1981
367,1981
358,1981
335,1981
329,1981
204,1981
72,1981
1302,1982
1301,1982
1292,1982
1286,1982
1194,1982
1183,1982
1142,1982
1118,1982
1110,1982
1090,1982
990,1982
986,1982
925,1982
842,1982
753,1982
719,1982
642,1982
531,1982
464,1982
457,1982
426,1982
378,1982
372,1982
351,1982
346,1982
332,1982
312,1982
293,1982
231,1982
229,1982
223,1982
175,1982
160,1982
79,1982
54,1982
1346,1983
1304,1983
1178,1983
1077,1983
1071,1983
1067,1983
1053,1983
1047,1983
1046,1983
1042,1983
1040,1983
1022,1983
992,1983
937,1983
935,1983
909,1983
874,1983
824,1983
812,1983
800,1983
772,1983
744,1983
726,1983
702,1983
688,1983
510,1983
507,1983
495,1983
466,1983
418,1983
335,1983
324,1983
260,1983
204,1983
72,1983
1280,1984
1250,1984
1221,1984
1171,1984
1114,1984
1101,1984
1075,1984
1074,1984
1059,1984
1006,1984
922,1984
886,1984
873,1984
763,1984
731,1984
678,1984
666,1984
645,1984
622,1984
600,1984
592,1984
571,1984
503,1984
497,1984
490,1984
416,1984
402,1984
356,1984
271,1984
256,1984
91,1984
40,1984
35,1984
34,1984
23,1984
1283,1985
1275,1985
1255,1985
1250,1985
1181,1985
1101,1985
1077,1985
1075,1985
1069,1985
1067,1985
1059,1985
1057,1985
1053,1985
1047,1985
1045,1985
1029,1985
1022,1985
992,1985
937,1985
935,1985
909,1985
873,1985
866,1985
772,1985
731,1985
726,1985
629,1985
600,1985
335,1985
310,1985
301,1985
204,1985
201,1985
193,1985
127,1985
1352,1986
1286,1986
1255,1986
1229,1986
1223,1986
1207,1986
1194,1986
1158,1986
1144,1986
1118,1986
966,1986
901,1986
896,1986
883,1986
871,1986
833,1986
830,1986
805,1986
794,1986
769,1986
748,1986
633,1986
583,1986
562,1986
494,1986
476,1986
272,1986
229,1986
227,1986
225,1986
179,1986
168,1986
166,1986
36,1986
24,1986
1250,1987
1178,1987
1101,1987
1077,1987
1069,1987
1067,1987
1065,1987
1057,1987
1053,1987
1047,1987
1045,1987
1040,1987
1029,1987
1022,1987
992,1987
939,1987
938,1987
937,1987
909,1987
874,1987
853,1987
812,1987
801,1987
772,1987
726,1987
629,1987
510,1987
495,1987
478,1987
454,1987
447,1987
335,1987
301,1987
72,1987
65,1987
1255,1988
1250,1988
1249,1988
1246,1988
1239,1988
1160,1988
1158,1988
1157,1988
1150,1988
1101,1988
1067,1988
1059,1988
1057,1988
1029,1988
1012,1988
900,1988
873,1988
843,1988
763,1988
731,1988
607,1988
600,1988
599,1988
454,1988
436,1988
356,1988
309,1988
279,1988
269,1988
233,1988
160,1988
93,1988
40,1988
35,1988
23,1988
1265,1989
1178,1989
1159,1989
1077,1989
1069,1989
1067,1989
1057,1989
1053,1989
1047,1989
1045,1989
1040,1989
1022,1989
1014,1989
992,1989
938,1989
937,1989
935,1989
909,1989
874,1989
812,1989
800,1989
788,1989
779,1989
772,1989
726,1989
675,1989
629,1989
510,1989
495,1989
406,1989
335,1989
301,1989
260,1989
204,1989
72,1989
1280,1990
1266,1990
1263,1990
1250,1990
1232,1990
1172,1990
1126,1990
1122,1990
1106,1990
1101,1990
1085,1990
1059,1990
1029,1990
926,1990
922,1990
776,1990
731,1990
598,1990
571,1990
502,1990
491,1990
481,1990
476,1990
456,1990
454,1990
416,1990
406,1990
357,1990
356,1990
271,1990
40,1990
35,1990
34,1990
23,1990
22,1990
1281,1991
1275,1991
1265,1991
1263,1991
1260,1991
1255,1991
1186,1991
1181,1991
1159,1991
1069,1991
1057,1991
1015,1991
1010,1991
992,1991
963,1991
938,1991
909,1991
846,1991
843,1991
838,1991
825,1991
788,1991
744,1991
696,1991
675,1991
658,1991
504,1991
310,1991
268,1991
260,1991
239,1991
204,1991
65,1991
32,1991
13,1991
1294,1992
1281,1992
1263,1992
1260,1992
1249,1992
1248,1992
1202,1992
1194,1992
1106,1992
1069,1992
1050,1992
1048,1992
1015,1992
952,1992
942,1992
939,1992
861,1992
859,1992
842,1992
825,1992
801,1992
741,1992
666,1992
646,1992
637,1992
577,1992
513,1992
478,1992
456,1992
447,1992
446,1992
406,1992
239,1992
41,1992
29,1992
1321,1993
1281,1993
1275,1993
1263,1993
1260,1993
1248,1993
1186,1993
1178,1993
1176,1993
1069,1993
1067,1993
1065,1993
1057,1993
1053,1993
1047,1993
1040,1993
1022,1993
1015,1993
992,1993
962,1993
938,1993
937,1993
916,1993
909,1993
843,1993
801,1993
772,1993
726,1993
646,1993
629,1993
495,1993
478,1993
310,1993
52,1993
32,1993
1344,1994
1338,1994
1336,1994
1329,1994
1203,1994
1145,1994
1046,1994
1044,1994
1041,1994
1011,1994
1007,1994
950,1994
882,1994
728,1994
727,1994
595,1994
593,1994
550,1994
548,1994
516,1994
512,1994
451,1994
406,1994
384,1994
364,1994
349,1994
326,1994
323,1994
282,1994
274,1994
49,1994
47,1994
45,1994
19,1994
18,1994
1303,1995
1283,1995
1178,1995
1069,1995
1067,1995
1063,1995
1053,1995
1047,1995
1045,1995
1040,1995
1025,1995
1022,1995
1014,1995
1004,1995
992,1995
937,1995
935,1995
909,1995
874,1995
866,1995
812,1995
800,1995
772,1995
726,1995
703,1995
629,1995
510,1995
495,1995
376,1995
335,1995
260,1995
204,1995
201,1995
193,1995
72,1995
1323,1996
1309,1996
1305,1996
1219,1996
1120,1996
1111,1996
1100,1996
1076,1996
1042,1996
1026,1996
989,1996
952,1996
929,1996
828,1996
728,1996
710,1996
684,1996
629,1996
620,1996
615,1996
526,1996
525,1996
442,1996
400,1996
382,1996
367,1996
365,1996
347,1996
317,1996
315,1996
296,1996
282,1996
181,1996
124,1996
78,1996
1336,1997
1324,1997
1285,1997
1111,1997
1099,1997
1058,1997
1043,1997
1035,1997
1034,1997
1026,1997
991,1997
969,1997
828,1997
807,1997
787,1997
750,1997
711,1997
674,1997
665,1997
620,1997
595,1997
442,1997
392,1997
367,1997
365,1997
359,1997
340,1997
324,1997
285,1997
195,1997
183,1997
117,1997
63,1997
55,1997
37,1997
1178,1998
1077,1998
1069,1998
1067,1998
1065,1998
1060,1998
1057,1998
1053,1998
1047,1998
1040,1998
1035,1998
1028,1998
1022,1998
1014,1998
992,1998
937,1998
935,1998
909,1998
906,1998
874,1998
812,1998
802,1998
800,1998
780,1998
772,1998
726,1998
682,1998
628,1998
510,1998
495,1998
376,1998
335,1998
301,1998
72,1998
29,1998
1255,1999
1254,1999
1250,1999
1249,1999
1246,1999
1239,1999
1160,1999
1158,1999
1157,1999
1150,1999
1101,1999
1067,1999
1059,1999
1057,1999
1029,1999
1012,1999
900,1999
873,1999
843,1999
763,1999
731,1999
607,1999
599,1999
482,1999
436,1999
356,1999
309,1999
279,1999
269,1999
233,1999
160,1999
93,1999
40,1999
35,1999
23,1999
1288,2000
1284,2000
1265,2000
1178,2000
1077,2000
1071,2000
1069,2000
1067,2000
1057,2000
1053,2000
1051,2000
1047,2000
1040,2000
1029,2000
1022,2000
1014,2000
992,2000
937,2000
935,2000
909,2000
874,2000
812,2000
800,2000
772,2000
726,2000
675,2000
629,2000
510,2000
498,2000
495,2000
470,2000
335,2000
260,2000
204,2000
72,2000
1308,2001
1294,2001
1207,2001
1198,2001
1196,2001
1185,2001
1181,2001
1173,2001
1167,2001
1162,2001
1120,2001
963,2001
959,2001
878,2001
789,2001
777,2001
773,2001
755,2001
719,2001
617,2001
579,2001
577,2001
521,2001
362,2001
266,2001
229,2001
184,2001
175,2001
63,2001
62,2001
42,2001
39,2001
33,2001
27,2001
23,2001
1265,2002
1251,2002
1236,2002
1159,2002
1148,2002
1098,2002
1073,2002
1066,2002
1049,2002
1010,2002
992,2002
963,2002
938,2002
909,2002
846,2002
838,2002
833,2002
812,2002
806,2002
788,2002
744,2002
696,2002
691,2002
675,2002
658,2002
644,2002
629,2002
432,2002
268,2002
260,2002
255,2002
212,2002
204,2002
85,2002
13,2002
1341,2003
1315,2003
1280,2003
1249,2003
1248,2003
1172,2003
1160,2003
1096,2003
1077,2003
1069,2003
1065,2003
1059,2003
939,2003
853,2003
843,2003
801,2003
698,2003
692,2003
628,2003
526,2003
500,2003
481,2003
454,2003
447,2003
417,2003
356,2003
342,2003
306,2003
301,2003
256,2003
233,2003
185,2003
119,2003
41,2003
14,2003
1178,2004
1077,2004
1069,2004
1067,2004
1057,2004
1053,2004
1047,2004
1045,2004
1040,2004
1033,2004
1022,2004
1011,2004
992,2004
963,2004
958,2004
937,2004
935,2004
909,2004
895,2004
874,2004
839,2004
812,2004
800,2004
772,2004
726,2004
705,2004
675,2004
663,2004
629,2004
603,2004
510,2004
495,2004
335,2004
301,2004
72,2004
1338,2005
1304,2005
1200,2005
1042,2005
989,2005
972,2005
856,2005
824,2005
814,2005
728,2005
702,2005
688,2005
671,2005
620,2005
593,2005
550,2005
512,2005
507,2005
466,2005
442,2005
413,2005
404,2005
392,2005
390,2005
367,2005
365,2005
347,2005
324,2005
317,2005
277,2005
178,2005
124,2005
59,2005
20,2005
9,2005
1285,2006
1178,2006
1077,2006
1071,2006
1069,2006
1067,2006
1057,2006
1055,2006
1053,2006
1047,2006
1040,2006
1022,2006
992,2006
939,2006
937,2006
935,2006
909,2006
874,2006
814,2006
813,2006
812,2006
800,2006
772,2006
744,2006
728,2006
726,2006
675,2006
629,2006
510,2006
495,2006
358,2006
335,2006
260,2006
204,2006
72,2006
1295,2007
1258,2007
1086,2007
1078,2007
1019,2007
976,2007
890,2007
842,2007
837,2007
793,2007
768,2007
735,2007
725,2007
706,2007
693,2007
679,2007
664,2007
648,2007
636,2007
616,2007
453,2007
418,2007
411,2007
403,2007
397,2007
318,2007
317,2007
124,2007
117,2007
111,2007
97,2007
66,2007
57,2007
56,2007
38,2007
1265,2008
1242,2008
1159,2008
1098,2008
1077,2008
1073,2008
1049,2008
1010,2008
992,2008
963,2008
938,2008
910,2008
846,2008
788,2008
767,2008
744,2008
719,2008
717,2008
696,2008
687,2008
675,2008
658,2008
647,2008
644,2008
562,2008
432,2008
268,2008
260,2008
226,2008
223,2008
219,2008
204,2008
154,2008
136,2008
13,2008
1338,2009
1321,2009
1280,2009
1239,2009
1203,2009
1187,2009
1145,2009
1046,2009
1041,2009
1011,2009
1007,2009
1005,2009
909,2009
882,2009
867,2009
824,2009
727,2009
688,2009
595,2009
593,2009
583,2009
476,2009
456,2009
455,2009
418,2009
406,2009
349,2009
324,2009
282,2009
237,2009
210,2009
49,2009
47,2009
45,2009
44,2009
1321,2010
1281,2010
1275,2010
1263,2010
1260,2010
1248,2010
1186,2010
1178,2010
1176,2010
1106,2010
1069,2010
1067,2010
1065,2010
1057,2010
1053,2010
1047,2010
1040,2010
1022,2010
1015,2010
992,2010
962,2010
938,2010
937,2010
916,2010
909,2010
859,2010
843,2010
801,2010
772,2010
726,2010
646,2010
629,2010
495,2010
478,2010
310,2010
52,2010
1344,2011
1333,2011
1332,2011
1320,2011
1312,2011
1154,2011
1079,2011
982,2011
972,2011
962,2011
929,2011
916,2011
882,2011
724,2011
717,2011
671,2011
639,2011
593,2011
552,2011
550,2011
548,2011
512,2011
446,2011
406,2011
387,2011
377,2011
276,2011
274,2011
176,2011
145,2011
109,2011
105,2011
44,2011
32,2011
20,2011
1265,2012
1263,2012
1178,2012
1142,2012
1077,2012
1069,2012
1067,2012
1057,2012
1053,2012
1047,2012
1040,2012
1022,2012
1014,2012
992,2012
937,2012
935,2012
909,2012
874,2012
846,2012
812,2012
800,2012
788,2012
772,2012
726,2012
719,2012
675,2012
629,2012
510,2012
495,2012
351,2012
335,2012
268,2012
260,2012
204,2012
72,2012
1219,2013
1215,2013
1135,2013
1112,2013
1090,2013
1043,2013
989,2013
987,2013
967,2013
814,2013
750,2013
738,2013
728,2013
684,2013
648,2013
632,2013
620,2013
616,2013
549,2013
507,2013
492,2013
417,2013
414,2013
368,2013
365,2013
324,2013
297,2013
282,2013
268,2013
196,2013
195,2013
178,2013
177,2013
124,2013
66,2013
1281,2014
1275,2014
1265,2014
1263,2014
1260,2014
1255,2014
1186,2014
1181,2014
1159,2014
1069,2014
1057,2014
1015,2014
1010,2014
992,2014
963,2014
938,2014
909,2014
846,2014
843,2014
838,2014
825,2014
788,2014
744,2014
696,2014
675,2014
658,2014
504,2014
310,2014
268,2014
260,2014
239,2014
204,2014
65,2014
32,2014
13,2014
1173,2015
1172,2015
1160,2015
1137,2015
1101,2015
1075,2015
1059,2015
1031,2015
1029,2015
996,2015
993,2015
981,2015
939,2015
886,2015
873,2015
763,2015
762,2015
731,2015
730,2015
668,2015
600,2015
567,2015
508,2015
454,2015
417,2015
402,2015
361,2015
356,2015
286,2015
232,2015
158,2015
87,2015
40,2015
35,2015
23,2015
1250,2016
1178,2016
1077,2016
1075,2016
1071,2016
1069,2016
1067,2016
1059,2016
1057,2016
1053,2016
1047,2016
1045,2016
1040,2016
1022,2016
992,2016
963,2016
937,2016
935,2016
909,2016
874,2016
873,2016
812,2016
800,2016
772,2016
731,2016
726,2016
675,2016
629,2016
510,2016
495,2016
335,2016
301,2016
260,2016
204,2016
72,2016
1302,2017
1296,2017
1254,2017
1246,2017
1232,2017
1227,2017
1150,2017
1054,2017
1039,2017
1016,2017
990,2017
965,2017
947,2017
934,2017
918,2017
855,2017
844,2017
805,2017
789,2017
715,2017
663,2017
637,2017
623,2017
599,2017
588,2017
546,2017
487,2017
462,2017
426,2017
233,2017
225,2017
79,2017
74,2017
56,2017
42,2017
1284,2018
1267,2018
1265,2018
1251,2018
1236,2018
1159,2018
1098,2018
1077,2018
1073,2018
1049,2018
1033,2018
1010,2018
992,2018
963,2018
938,2018
909,2018
846,2018
839,2018
838,2018
806,2018
788,2018
744,2018
719,2018
717,2018
696,2018
675,2018
658,2018
644,2018
629,2018
479,2018
432,2018
268,2018
260,2018
204,2018
13,2018
1344,2019
1254,2019
1250,2019
1232,2019
1176,2019
1150,2019
1147,2019
1138,2019
1015,2019
1012,2019
975,2019
948,2019
873,2019
859,2019
807,2019
763,2019
637,2019
629,2019
610,2019
607,2019
530,2019
491,2019
436,2019
413,2019
387,2019
357,2019
253,2019
210,2019
135,2019
102,2019
84,2019
76,2019
44,2019
40,2019
35,2019
1265,2020
1178,2020
1159,2020
1077,2020
1069,2020
1067,2020
1057,2020
1053,2020
1047,2020
1045,2020
1040,2020
1022,2020
1014,2020
992,2020
937,2020
935,2020
909,2020
874,2020
872,2020
812,2020
800,2020
788,2020
772,2020
726,2020
675,2020
658,2020
629,2020
510,2020
495,2020
335,2020
301,2020
260,2020
204,2020
154,2020
72,2020
1344,2021
1338,2021
1332,2021
1320,2021
1311,2021
1284,2021
1267,2021
1238,2021
1203,2021
1187,2021
1007,2021
980,2021
962,2021
916,2021
882,2021
846,2021
817,2021
727,2021
593,2021
550,2021
548,2021
512,2021
455,2021
446,2021
349,2021
282,2021
186,2021
49,2021
47,2021
45,2021
44,2021
32,2021
31,2021
25,2021
18,2021
1178,2022
1077,2022
1071,2022
1069,2022
1067,2022
1057,2022
1055,2022
1053,2022
1047,2022
1040,2022
1022,2022
1014,2022
992,2022
937,2022
935,2022
909,2022
874,2022
814,2022
813,2022
812,2022
800,2022
772,2022
744,2022
728,2022
726,2022
675,2022
629,2022
510,2022
495,2022
358,2022
335,2022
260,2022
204,2022
72,2022
8,2022
1337,2023
1290,2023
1263,2023
1255,2023
1194,2023
1181,2023
1176,2023
1059,2023
1016,2023
998,2023
900,2023
825,2023
737,2023
715,2023
687,2023
663,2023
565,2023
546,2023
519,2023
462,2023
446,2023
442,2023
417,2023
411,2023
394,2023
388,2023
361,2023
327,2023
317,2023
293,2023
233,2023
168,2023
48,2023
46,2023
19,2023
1178,2024
1107,2024
1077,2024
1071,2024
1069,2024
1067,2024
1065,2024
1057,2024
1053,2024
1047,2024
1040,2024
1028,2024
1022,2024
1014,2024
992,2024
963,2024
937,2024
909,2024
874,2024
812,2024
800,2024
783,2024
777,2024
772,2024
764,2024
726,2024
682,2024
663,2024
510,2024
495,2024
434,2024
335,2024
301,2024
72,2024
29,2024
1338,2025
1329,2025
1306,2025
1217,2025
1205,2025
1203,2025
1162,2025
1042,2025
1007,2025
981,2025
955,2025
907,2025
832,2025
763,2025
728,2025
715,2025
687,2025
491,2025
472,2025
444,2025
414,2025
391,2025
368,2025
349,2025
326,2025
318,2025
282,2025
237,2025
189,2025
160,2025
158,2025
49,2025
47,2025
45,2025
20,2025
1315,2026
1239,2026
1178,2026
1077,2026
1069,2026
1067,2026
1057,2026
1053,2026
1047,2026
1040,2026
1022,2026
1014,2026
992,2026
939,2026
937,2026
935,2026
909,2026
874,2026
853,2026
812,2026
800,2026
793,2026
772,2026
726,2026
704,2026
675,2026
662,2026
510,2026
495,2026
465,2026
335,2026
301,2026
260,2026
204,2026
72,2026
1333,2027
1287,2027
1275,2027
1234,2027
1195,2027
1124,2027
1123,2027
1048,2027
916,2027
911,2027
901,2027
822,2027
768,2027
725,2027
700,2027
684,2027
672,2027
666,2027
628,2027
620,2027
616,2027
568,2027
455,2027
411,2027
388,2027
361,2027
344,2027
327,2027
317,2027
312,2027
293,2027
268,2027
66,2027
48,2027
46,2027
1265,2028
1178,2028
1159,2028
1077,2028
1069,2028
1067,2028
1057,2028
1053,2028
1047,2028
1045,2028
1040,2028
1022,2028
1014,2028
1009,2028
992,2028
938,2028
937,2028
935,2028
909,2028
874,2028
812,2028
800,2028
788,2028
772,2028
726,2028
675,2028
629,2028
510,2028
495,2028
406,2028
335,2028
301,2028
260,2028
204,2028
72,2028
1346,2029
1342,2029
1297,2029
1241,2029
1227,2029
1200,2029
1135,2029
1111,2029
969,2029
929,2029
916,2029
837,2029
762,2029
667,2029
664,2029
615,2029
575,2029
477,2029
442,2029
403,2029
367,2029
342,2029
297,2029
291,2029
285,2029
275,2029
183,2029
181,2029
111,2029
82,2029
78,2029
59,2029
55,2029
37,2029
28,2029
1265,2030
1178,2030
1159,2030
1077,2030
1069,2030
1067,2030
1057,2030
1053,2030
1047,2030
1045,2030
1040,2030
1022,2030
1014,2030
1010,2030
992,2030
937,2030
935,2030
909,2030
874,2030
812,2030
800,2030
788,2030
772,2030
744,2030
726,2030
675,2030
658,2030
629,2030
510,2030
495,2030
335,2030
301,2030
260,2030
204,2030
72,2030
1344,2031
1278,2031
1275,2031
1260,2031
1255,2031
1249,2031
1248,2031
1204,2031
1186,2031
1181,2031
1176,2031
1106,2031
1096,2031
1069,2031
1050,2031
1015,2031
882,2031
859,2031
843,2031
801,2031
698,2031
646,2031
593,2031
550,2031
512,2031
447,2031
443,2031
417,2031
387,2031
377,2031
310,2031
109,2031
52,2031
44,2031
32,2031
1265,2032
1178,2032
1077,2032
1069,2032
1067,2032
1057,2032
1053,2032
1047,2032
1045,2032
1040,2032
1035,2032
1028,2032
1022,2032
1014,2032
992,2032
937,2032
935,2032
909,2032
887,2032
874,2032
812,2032
802,2032
800,2032
781,2032
772,2032
726,2032
690,2032
675,2032
629,2032
510,2032
495,2032
335,2032
260,2032
204,2032
72,2032
1349,2033
1272,2033
1232,2033
1224,2033
1129,2033
1101,2033
1087,2033
1061,2033
1059,2033
1043,2033
1029,2033
973,2033
920,2033
895,2033
836,2033
762,2033
670,2033
634,2033
600,2033
589,2033
580,2033
576,2033
513,2033
447,2033
421,2033
416,2033
328,2033
320,2033
298,2033
235,2033
160,2033
53,2033
38,2033
34,2033
23,2033
1281,2034
1265,2034
1263,2034
1260,2034
1255,2034
1186,2034
1159,2034
1069,2034
1057,2034
1014,2034
992,2034
988,2034
986,2034
963,2034
938,2034
910,2034
846,2034
843,2034
825,2034
788,2034
744,2034
696,2034
686,2034
675,2034
658,2034
504,2034
434,2034
268,2034
260,2034
204,2034
128,2034
65,2034
32,2034
13,2034
4,2034
1348,2035
1315,2035
1278,2035
1263,2035
1261,2035
1248,2035
1198,2035
1185,2035
1162,2035
1160,2035
1138,2035
1122,2035
1065,2035
1031,2035
1029,2035
1001,2035
976,2035
943,2035
873,2035
860,2035
851,2035
689,2035
600,2035
546,2035
526,2035
456,2035
439,2035
356,2035
289,2035
286,2035
233,2035
61,2035
56,2035
33,2035
27,2035
1329,2036
1178,2036
1069,2036
1067,2036
1053,2036
1047,2036
1043,2036
1040,2036
1022,2036
992,2036
937,2036
935,2036
909,2036
874,2036
824,2036
812,2036
800,2036
772,2036
744,2036
728,2036
726,2036
702,2036
688,2036
629,2036
510,2036
507,2036
495,2036
466,2036
418,2036
335,2036
324,2036
260,2036
204,2036
124,2036
72,2036
1306,2037
1246,2037
1216,2037
1184,2037
1161,2037
1118,2037
1092,2037
1061,2037
1028,2037
1016,2037
1014,2037
922,2037
907,2037
894,2037
883,2037
849,2037
826,2037
819,2037
802,2037
797,2037
790,2037
780,2037
777,2037
763,2037
715,2037
664,2037
619,2037
575,2037
476,2037
453,2037
400,2037
160,2037
101,2037
79,2037
19,2037
1329,2038
1304,2038
1178,2038
1071,2038
1067,2038
1053,2038
1047,2038
1043,2038
1022,2038
992,2038
989,2038
937,2038
935,2038
909,2038
824,2038
813,2038
812,2038
772,2038
728,2038
726,2038
702,2038
688,2038
620,2038
510,2038
507,2038
495,2038
466,2038
442,2038
418,2038
335,2038
324,2038
260,2038
204,2038
72,2038
9,2038
1275,2039
1235,2039
1218,2039
1184,2039
1174,2039
1166,2039
1151,2039
1089,2039
1081,2039
1060,2039
1009,2039
973,2039
926,2039
924,2039
847,2039
706,2039
693,2039
683,2039
679,2039
672,2039
664,2039
661,2039
607,2039
590,2039
574,2039
537,2039
524,2039
428,2039
427,2039
390,2039
341,2039
317,2039
283,2039
66,2039
50,2039
1178,2040
1077,2040
1069,2040
1067,2040
1057,2040
1053,2040
1047,2040
1045,2040
1040,2040
1035,2040
1022,2040
1014,2040
992,2040
937,2040
935,2040
909,2040
899,2040
887,2040
879,2040
874,2040
812,2040
800,2040
781,2040
780,2040
775,2040
772,2040
726,2040
675,2040
629,2040
510,2040
495,2040
335,2040
260,2040
204,2040
72,2040
1287,2041
1210,2041
1202,2041
1196,2041
1157,2041
1129,2041
1120,2041
1099,2041
1070,2041
1065,2041
1063,2041
1039,2041
1004,2041
977,2041
920,2041
918,2041
869,2041
868,2041
810,2041
801,2041
774,2041
762,2041
738,2041
728,2041
697,2041
660,2041
600,2041
534,2041
464,2041
451,2041
447,2041
284,2041
233,2041
102,2041
51,2041
1283,2042
1250,2042
1178,2042
1101,2042
1077,2042
1075,2042
1067,2042
1059,2042
1057,2042
1053,2042
1047,2042
1045,2042
1029,2042
1022,2042
992,2042
937,2042
935,2042
909,2042
874,2042
873,2042
866,2042
772,2042
731,2042
726,2042
629,2042
600,2042
510,2042
495,2042
335,2042
301,2042
260,2042
204,2042
201,2042
193,2042
72,2042
1272,2043
1270,2043
1268,2043
1255,2043
1254,2043
1250,2043
1249,2043
1187,2043
1122,2043
1114,2043
1059,2043
861,2043
858,2043
855,2043
738,2043
721,2043
592,2043
580,2043
508,2043
502,2043
499,2043
493,2043
456,2043
356,2043
271,2043
251,2043
225,2043
160,2043
146,2043
135,2043
102,2043
34,2043
23,2043
15,2043
12,2043
1321,2044
1178,2044
1107,2044
1077,2044
1071,2044
1069,2044
1067,2044
1065,2044
1057,2044
1053,2044
1047,2044
1028,2044
1022,2044
1014,2044
992,2044
963,2044
937,2044
932,2044
909,2044
906,2044
800,2044
780,2044
777,2044
772,2044
764,2044
726,2044
704,2044
682,2044
628,2044
510,2044
434,2044
335,2044
309,2044
301,2044
29,2044
1290,2045
1285,2045
1217,2045
1181,2045
1167,2045
1115,2045
1107,2045
1071,2045
1067,2045
1065,2045
1057,2045
1055,2045
1046,2045
1029,2045
1014,2045
992,2045
945,2045
935,2045
909,2045
896,2045
814,2045
813,2045
773,2045
772,2045
763,2045
728,2045
705,2045
680,2045
501,2045
462,2045
358,2045
301,2045
287,2045
168,2045
42,2045
1347,2046
1322,2046
1306,2046
1247,2046
1060,2046
1055,2046
1042,2046
1028,2046
1027,2046
1020,2046
980,2046
978,2046
906,2046
802,2046
787,2046
757,2046
634,2046
583,2046
575,2046
570,2046
560,2046
453,2046
405,2046
382,2046
379,2046
337,2046
303,2046
292,2046
289,2046
280,2046
188,2046
124,2046
102,2046
57,2046
18,2046
1293,2047
1283,2047
1178,2047
1077,2047
1069,2047
1067,2047
1063,2047
1057,2047
1053,2047
1047,2047
1045,2047
1040,2047
1029,2047
1022,2047
992,2047
937,2047
935,2047
909,2047
874,2047
866,2047
812,2047
800,2047
783,2047
772,2047
726,2047
629,2047
510,2047
495,2047
391,2047
335,2047
301,2047
204,2047
201,2047
193,2047
72,2047
1344,2048
1203,2048
1200,2048
1193,2048
1039,2048
987,2048
972,2048
960,2048
856,2048
814,2048
728,2048
724,2048
702,2048
671,2048
665,2048
652,2048
451,2048
442,2048
403,2048
390,2048
387,2048
365,2048
359,2048
349,2048
342,2048
340,2048
318,2048
290,2048
289,2048
282,2048
64,2048
56,2048
50,2048
44,2048
25,2048
1343,2049
1164,2049
1141,2049
1123,2049
1042,2049
998,2049
975,2049
971,2049
924,2049
912,2049
802,2049
771,2049
740,2049
664,2049
661,2049
648,2049
636,2049
444,2049
411,2049
388,2049
327,2049
317,2049
293,2049
292,2049
246,2049
188,2049
109,2049
108,2049
58,2049
57,2049
56,2049
48,2049
46,2049
33,2049
18,2049
1265,2050
1178,2050
1159,2050
1077,2050
1069,2050
1067,2050
1057,2050
1053,2050
1047,2050
1045,2050
1040,2050
1022,2050
1014,2050
1010,2050
992,2050
937,2050
935,2050
909,2050
874,2050
812,2050
800,2050
788,2050
783,2050
772,2050
726,2050
675,2050
658,2050
629,2050
510,2050
495,2050
335,2050
301,2050
260,2050
204,2050
72,2050
1302,2051
1301,2051
1239,2051
1207,2051
1167,2051
1142,2051
1000,2051
999,2051
990,2051
935,2051
923,2051
895,2051
842,2051
841,2051
837,2051
822,2051
747,2051
681,2051
670,2051
642,2051
609,2051
531,2051
487,2051
476,2051
457,2051
426,2051
346,2051
332,2051
320,2051
252,2051
229,2051
175,2051
159,2051
54,2051
7,2051
1284,2052
1280,2052
1272,2052
1270,2052
1268,2052
1267,2052
1255,2052
1232,2052
1187,2052
1114,2052
1101,2052
1059,2052
1013,2052
1012,2052
1010,2052
1006,2052
995,2052
861,2052
858,2052
851,2052
846,2052
807,2052
717,2052
580,2052
564,2052
480,2052
479,2052
434,2052
416,2052
271,2052
198,2052
160,2052
135,2052
118,2052
41,2052
1338,2053
1336,2053
1317,2053
1285,2053
1245,2053
1200,2053
1155,2053
1043,2053
954,2053
934,2053
890,2053
782,2053
777,2053
679,2053
661,2053
595,2053
593,2053
550,2053
512,2053
486,2053
477,2053
451,2053
442,2053
395,2053
392,2053
390,2053
367,2053
347,2053
341,2053
306,2053
299,2053
188,2053
183,2053
55,2053
19,2053
1336,2054
1290,2054
1042,2054
987,2054
955,2054
824,2054
814,2054
728,2054
702,2054
688,2054
665,2054
632,2054
507,2054
442,2054
413,2054
411,2054
404,2054
392,2054
365,2054
347,2054
342,2054
341,2054
324,2054
296,2054
295,2054
288,2054
124,2054
97,2054
80,2054
66,2054
60,2054
59,2054
49,2054
20,2054
9,2054
1260,2056
1255,2056
1254,2056
1250,2056
1160,2056
1101,2056
1096,2056
1077,2056
1075,2056
1074,2056
1067,2056
1059,2056
1057,2056
1041,2056
1029,2056
1015,2056
939,2056
873,2056
731,2056
600,2056
546,2056
526,2056
503,2056
456,2056
454,2056
356,2056
301,2056
286,2056
279,2056
256,2056
233,2056
163,2056
40,2056
35,2056
23,2056
1259,2057
1257,2057
1239,2057
1231,2057
1227,2057
1223,2057
1207,2057
1161,2057
1153,2057
1120,2057
1118,2057
1104,2057
992,2057
977,2057
970,2057
965,2057
947,2057
941,2057
922,2057
910,2057
871,2057
855,2057
854,2057
833,2057
822,2057
819,2057
818,2057
797,2057
762,2057
715,2057
501,2057
476,2057
324,2057
272,2057
110,2057
1352,2058
1320,2058
1314,2058
1232,2058
1129,2058
1120,2058
1099,2058
1089,2058
1029,2058
975,2058
918,2058
900,2058
873,2058
837,2058
762,2058
717,2058
616,2058
602,2058
600,2058
593,2058
576,2058
555,2058
550,2058
534,2058
512,2058
447,2058
416,2058
328,2058
305,2058
298,2058
275,2058
181,2058
111,2058
78,2058
38,2058
1327,2059
1320,2059
1301,2059
1294,2059
1179,2059
1122,2059
1101,2059
1029,2059
983,2059
956,2059
926,2059
873,2059
820,2059
776,2059
753,2059
637,2059
621,2059
607,2059
541,2059
515,2059
494,2059
456,2059
417,2059
271,2059
267,2059
198,2059
168,2059
156,2059
122,2059
91,2059
75,2059
61,2059
34,2059
29,2059
23,2059
1340,2060
1325,2060
1284,2060
1281,2060
1259,2060
1246,2060
1177,2060
1121,2060
1057,2060
1010,2060
947,2060
941,2060
935,2060
826,2060
809,2060
746,2060
717,2060
638,2060
601,2060
559,2060
513,2060
463,2060
462,2060
410,2060
380,2060
360,2060
321,2060
250,2060
211,2060
168,2060
160,2060
154,2060
107,2060
90,2060
6,2060
1347,2061
1343,2061
1276,2061
1256,2061
1243,2061
1108,2061
1020,2061
998,2061
915,2061
773,2061
740,2061
735,2061
661,2061
634,2061
616,2061
606,2061
485,2061
413,2061
408,2061
389,2061
327,2061
297,2061
294,2061
292,2061
283,2061
280,2061
195,2061
188,2061
164,2061
161,2061
109,2061
108,2061
98,2061
58,2061
46,2061
1334,2062
1333,2062
1260,2062
1239,2062
1173,2062
1158,2062
1126,2062
1090,2062
1087,2062
992,2062
963,2062
947,2062
935,2062
843,2062
825,2062
769,2062
744,2062
687,2062
624,2062
573,2062
561,2062
558,2062
480,2062
428,2062
421,2062
385,2062
321,2062
320,2062
260,2062
211,2062
204,2062
154,2062
145,2062
54,2062
36,2062
1259,2063
1214,2063
1169,2063
1161,2063
1159,2063
1155,2063
1139,2063
1135,2063
1115,2063
1019,2063
996,2063
963,2063
947,2063
941,2063
935,2063
900,2063
867,2063
849,2063
837,2063
769,2063
744,2063
719,2063
717,2063
687,2063
629,2063
588,2063
482,2063
446,2063
370,2063
287,2063
284,2063
204,2063
201,2063
145,2063
24,2063
1333,2064
1328,2064
1275,2064
1250,2064
1212,2064
1167,2064
1150,2064
1107,2064
1087,2064
1061,2064
1014,2064
965,2064
963,2064
943,2064
928,2064
848,2064
833,2064
822,2064
789,2064
769,2064
744,2064
642,2064
617,2064
554,2064
535,2064
527,2064
506,2064
472,2064
428,2064
321,2064
160,2064
145,2064
54,2064
44,2064
42,2064
1214,2065
1163,2065
1132,2065
1110,2065
1072,2065
1061,2065
986,2065
935,2065
839,2065
837,2065
822,2065
769,2065
748,2065
737,2065
687,2065
638,2065
617,2065
564,2065
554,2065
506,2065
474,2065
468,2065
462,2065
391,2065
260,2065
255,2065
237,2065
226,2065
212,2065
204,2065
193,2065
160,2065
154,2065
149,2065
74,2065
1346,2066
1343,2066
1329,2066
1317,2066
1200,2066
1184,2066
1041,2066
1011,2066
987,2066
972,2066
955,2066
856,2066
824,2066
785,2066
728,2066
727,2066
702,2066
688,2066
671,2066
667,2066
595,2066
534,2066
516,2066
507,2066
477,2066
418,2066
365,2066
349,2066
282,2066
277,2066
182,2066
181,2066
82,2066
59,2066
20,2066
1259,2067
1246,2067
1239,2067
1227,2067
1167,2067
1163,2067
1157,2067
1118,2067
1115,2067
1107,2067
1045,2067
996,2067
963,2067
947,2067
941,2067
935,2067
910,2067
861,2067
857,2067
855,2067
822,2067
769,2067
717,2067
715,2067
655,2067
563,2067
462,2067
457,2067
442,2067
255,2067
212,2067
211,2067
201,2067
156,2067
154,2067
1294,2068
1287,2068
1182,2068
1138,2068
1123,2068
1108,2068
1099,2068
1076,2068
1060,2068
1058,2068
1038,2068
1034,2068
955,2068
917,2068
913,2068
906,2068
899,2068
781,2068
770,2068
706,2068
652,2068
427,2068
398,2068
369,2068
359,2068
317,2068
303,2068
280,2068
161,2068
108,2068
101,2068
83,2068
64,2068
56,2068
25,2068
1259,2069
1255,2069
1246,2069
1239,2069
1161,2069
1157,2069
1145,2069
1139,2069
1118,2069
1115,2069
1092,2069
1029,2069
1019,2069
1012,2069
1010,2069
1006,2069
996,2069
965,2069
947,2069
941,2069
935,2069
907,2069
857,2069
855,2069
851,2069
849,2069
844,2069
797,2069
717,2069
439,2069
403,2069
287,2069
284,2069
90,2069
23,2069
1328,2070
1278,2070
1216,2070
1162,2070
1150,2070
1149,2070
1128,2070
1097,2070
1012,2070
963,2070
952,2070
854,2070
849,2070
827,2070
820,2070
805,2070
769,2070
762,2070
715,2070
687,2070
637,2070
623,2070
577,2070
462,2070
439,2070
418,2070
409,2070
289,2070
237,2070
233,2070
201,2070
189,2070
135,2070
39,2070
27,2070
1327,2071
1321,2071
1232,2071
1227,2071
1179,2071
1173,2071
1150,2071
1147,2071
1033,2071
1012,2071
993,2071
944,2071
917,2071
887,2071
851,2071
836,2071
822,2071
719,2071
691,2071
644,2071
629,2071
621,2071
617,2071
498,2071
385,2071
301,2071
289,2071
267,2071
237,2071
227,2071
181,2071
145,2071
110,2071
61,2071
24,2071
1275,2072
1260,2072
1255,2072
1254,2072
1249,2072
1248,2072
1176,2072
1172,2072
1129,2072
1106,2072
1101,2072
1069,2072
1065,2072
1059,2072
1015,2072
900,2072
873,2072
848,2072
843,2072
801,2072
592,2072
513,2072
481,2072
447,2072
443,2072
416,2072
275,2072
235,2072
168,2072
160,2072
118,2072
93,2072
65,2072
41,2072
27,2072
1286,2073
1240,2073
1217,2073
1178,2073
1167,2073
1142,2073
1105,2073
1090,2073
1053,2073
1046,2073
1022,2073
1014,2073
1013,2073
992,2073
935,2073
909,2073
896,2073
812,2073
800,2073
773,2073
753,2073
719,2073
680,2073
480,2073
479,2073
428,2073
426,2073
375,2073
357,2073
312,2073
223,2073
79,2073
72,2073
42,2073
24,2073
1250,2074
1248,2074
1239,2074
1210,2074
1207,2074
1199,2074
1196,2074
1167,2074
1144,2074
1129,2074
1115,2074
1110,2074
1087,2074
991,2074
990,2074
986,2074
950,2074
925,2074
755,2074
753,2074
719,2074
695,2074
694,2074
663,2074
609,2074
602,2074
555,2074
531,2074
395,2074
332,2074
284,2074
179,2074
175,2074
62,2074
42,2074
1259,2075
1246,2075
1239,2075
1227,2075
1223,2075
1167,2075
1157,2075
1118,2075
1115,2075
1104,2075
996,2075
963,2075
947,2075
941,2075
935,2075
910,2075
871,2075
867,2075
857,2075
855,2075
844,2075
822,2075
818,2075
797,2075
769,2075
717,2075
476,2075
462,2075
403,2075
385,2075
287,2075
284,2075
201,2075
154,2075
145,2075
1269,2076
1252,2076
1185,2076
1127,2076
1068,2076
1001,2076
965,2076
963,2076
959,2076
956,2076
943,2076
926,2076
878,2076
820,2076
807,2076
762,2076
755,2076
748,2076
732,2076
579,2076
577,2076
482,2076
481,2076
448,2076
409,2076
366,2076
266,2076
236,2076
222,2076
166,2076
76,2076
63,2076
39,2076
33,2076
27,2076
1259,2077
1257,2077
1229,2077
1223,2077
1171,2077
1161,2077
1128,2077
1118,2077
1092,2077
1057,2077
992,2077
977,2077
965,2077
963,2077
947,2077
941,2077
930,2077
922,2077
871,2077
868,2077
855,2077
848,2077
844,2077
833,2077
826,2077
819,2077
800,2077
744,2077
715,2077
687,2077
501,2077
476,2077
272,2077
204,2077
154,2077
1344,2078
1341,2078
1327,2078
1263,2078
1259,2078
1239,2078
1180,2078
1133,2078
1129,2078
1079,2078
1065,2078
1046,2078
1041,2078
1011,2078
958,2078
944,2078
929,2078
895,2078
825,2078
812,2078
680,2078
644,2078
629,2078
621,2078
603,2078
534,2078
513,2078
510,2078
495,2078
418,2078
387,2078
331,2078
168,2078
81,2078
54,2078
1259,2079
1257,2079
1239,2079
1231,2079
1229,2079
1227,2079
1223,2079
1222,2079
1171,2079
1161,2079
1128,2079
1120,2079
992,2079
979,2079
965,2079
947,2079
941,2079
930,2079
910,2079
871,2079
868,2079
855,2079
848,2079
826,2079
822,2079
797,2079
769,2079
715,2079
687,2079
663,2079
554,2079
476,2079
462,2079
421,2079
170,2079
1344,2080
1338,2080
1203,2080
1198,2080
1086,2080
1044,2080
1041,2080
1007,2080
1005,2080
927,2080
882,2080
728,2080
702,2080
694,2080
676,2080
620,2080
603,2080
593,2080
550,2080
512,2080
507,2080
451,2080
442,2080
418,2080
390,2080
387,2080
384,2080
349,2080
282,2080
124,2080
111,2080
49,2080
47,2080
45,2080
44,2080
1347,2081
1346,2081
1309,2081
1281,2081
1275,2081
1244,2081
1220,2081
1213,2081
1042,2081
987,2081
971,2081
917,2081
912,2081
856,2081
828,2081
827,2081
778,2081
721,2081
700,2081
606,2081
482,2081
466,2081
388,2081
382,2081
344,2081
315,2081
306,2081
296,2081
293,2081
288,2081
280,2081
277,2081
123,2081
72,2081
58,2081
1336,2082
1317,2082
1203,2082
1111,2082
1108,2082
1055,2082
1042,2082
987,2082
856,2082
824,2082
814,2082
728,2082
711,2082
705,2082
702,2082
688,2082
665,2082
620,2082
595,2082
482,2082
477,2082
452,2082
442,2082
404,2082
392,2082
368,2082
367,2082
365,2082
324,2082
295,2082
294,2082
280,2082
124,2082
58,2082
8,2082
1342,2083
1259,2083
1257,2083
1239,2083
1229,2083
1224,2083
1223,2083
1218,2083
1199,2083
1197,2083
1185,2083
1155,2083
1146,2083
1120,2083
1080,2083
868,2083
857,2083
855,2083
854,2083
852,2083
847,2083
755,2083
714,2083
682,2083
655,2083
615,2083
501,2083
448,2083
431,2083
412,2083
284,2083
272,2083
167,2083
76,2083
38,2083
1303,2084
1178,2084
1077,2084
1069,2084
1067,2084
1063,2084
1057,2084
1053,2084
1047,2084
1040,2084
1025,2084
1022,2084
1014,2084
1004,2084
995,2084
992,2084
963,2084
937,2084
935,2084
913,2084
909,2084
874,2084
812,2084
800,2084
781,2084
772,2084
726,2084
703,2084
662,2084
510,2084
495,2084
376,2084
204,2084
103,2084
72,2084
1344,2085
1341,2085
1275,2085
1274,2085
1210,2085
1176,2085
1136,2085
1123,2085
1101,2085
1076,2085
1070,2085
1065,2085
1064,2085
1048,2085
1036,2085
1034,2085
1020,2085
922,2085
773,2085
748,2085
741,2085
674,2085
666,2085
634,2085
628,2085
626,2085
616,2085
525,2085
503,2085
481,2085
477,2085
453,2085
418,2085
387,2085
164,2085
1302,2086
1301,2086
1292,2086
1286,2086
1284,2086
1150,2086
1010,2086
990,2086
935,2086
923,2086
900,2086
858,2086
841,2086
836,2086
753,2086
719,2086
680,2086
554,2086
531,2086
502,2086
457,2086
375,2086
332,2086
312,2086
252,2086
237,2086
229,2086
223,2086
175,2086
159,2086
79,2086
54,2086
42,2086
23,2086
7,2086
1259,2087
1246,2087
1239,2087
1231,2087
1227,2087
1167,2087
1157,2087
1153,2087
1118,2087
1115,2087
1104,2087
992,2087
963,2087
947,2087
941,2087
935,2087
910,2087
871,2087
867,2087
857,2087
855,2087
833,2087
818,2087
797,2087
769,2087
744,2087
717,2087
584,2087
562,2087
476,2087
462,2087
260,2087
201,2087
154,2087
145,2087
1344,2088
1333,2088
1332,2088
1320,2088
1312,2088
1157,2088
1152,2088
982,2088
972,2088
962,2088
916,2088
882,2088
869,2088
724,2088
695,2088
671,2088
639,2088
593,2088
552,2088
550,2088
548,2088
512,2088
464,2088
394,2088
387,2088
276,2088
274,2088
233,2088
176,2088
156,2088
129,2088
109,2088
105,2088
76,2088
44,2088
1302,2090
1277,2090
1239,2090
1183,2090
1128,2090
999,2090
990,2090
978,2090
925,2090
766,2090
753,2090
747,2090
728,2090
642,2090
541,2090
531,2090
457,2090
449,2090
428,2090
426,2090
386,2090
378,2090
375,2090
372,2090
346,2090
332,2090
316,2090
293,2090
229,2090
223,2090
79,2090
62,2090
49,2090
42,2090
24,2090
1334,2091
1275,2091
1250,2091
1235,2091
1233,2091
1232,2091
1204,2091
1173,2091
1126,2091
1087,2091
1061,2091
1040,2091
928,2091
910,2091
792,2091
744,2091
638,2091
583,2091
580,2091
574,2091
571,2091
542,2091
506,2091
493,2091
472,2091
462,2091
421,2091
416,2091
385,2091
321,2091
271,2091
160,2091
149,2091
145,2091
91,2091
1344,2092
1342,2092
1323,2092
1297,2092
1263,2092
1246,2092
1241,2092
1169,2092
1155,2092
1135,2092
982,2092
972,2092
955,2092
916,2092
882,2092
837,2092
757,2092
724,2092
671,2092
647,2092
619,2092
615,2092
593,2092
451,2092
446,2092
387,2092
290,2092
276,2092
275,2092
181,2092
111,2092
82,2092
78,2092
44,2092
6,2092
1263,2093
1250,2093
1239,2093
1227,2093
1158,2093
1150,2093
1124,2093
992,2093
965,2093
963,2093
848,2093
843,2093
832,2093
826,2093
794,2093
789,2093
762,2093
629,2093
503,2093
421,2093
411,2093
284,2093
271,2093
255,2093
225,2093
222,2093
212,2093
201,2093
157,2093
156,2093
134,2093
107,2093
76,2093
44,2093
23,2093
1349,2094
1306,2094
1296,2094
1274,2094
1263,2094
1222,2094
1176,2094
1173,2094
1101,2094
1050,2094
1029,2094
996,2094
976,2094
973,2094
900,2094
848,2094
801,2094
769,2094
715,2094
702,2094
589,2094
588,2094
564,2094
546,2094
487,2094
462,2094
447,2094
421,2094
377,2094
293,2094
269,2094
198,2094
93,2094
53,2094
11,2094
1284,2095
1246,2095
1227,2095
1212,2095
1169,2095
1145,2095
1115,2095
1019,2095
1010,2095
996,2095
963,2095
947,2095
935,2095
928,2095
894,2095
867,2095
855,2095
851,2095
769,2095
746,2095
717,2095
663,2095
638,2095
564,2095
535,2095
321,2095
260,2095
250,2095
211,2095
204,2095
193,2095
170,2095
160,2095
90,2095
12,2095
1347,2096
1309,2096
1245,2096
1211,2096
1160,2096
1071,2096
1055,2096
1042,2096
1032,2096
1020,2096
980,2096
879,2096
828,2096
814,2096
813,2096
778,2096
775,2096
757,2096
728,2096
679,2096
649,2096
620,2096
606,2096
570,2096
427,2096
411,2096
337,2096
303,2096
245,2096
195,2096
188,2096
117,2096
58,2096
57,2096
29,2096
1349,2097
1263,2097
1259,2097
1257,2097
1229,2097
1222,2097
1212,2097
1163,2097
1150,2097
1133,2097
1128,2097
992,2097
965,2097
963,2097
952,2097
947,2097
910,2097
833,2097
826,2097
792,2097
789,2097
715,2097
687,2097
601,2097
589,2097
562,2097
559,2097
410,2097
322,2097
260,2097
204,2097
168,2097
154,2097
143,2097
107,2097
1325,2098
1284,2098
1264,2098
1255,2098
1242,2098
1229,2098
1161,2098
1133,2098
1124,2098
1092,2098
1010,2098
965,2098
894,2098
849,2098
848,2098
833,2098
767,2098
746,2098
717,2098
687,2098
647,2098
599,2098
505,2098
411,2098
380,2098
333,2098
321,2098
289,2098
267,2098
250,2098
168,2098
160,2098
90,2098
30,2098
6,2098
1343,2099
1290,2099
1275,2099
1260,2099
1258,2099
1211,2099
1174,2099
1160,2099
1123,2099
1096,2099
1075,2099
1015,2099
998,2099
934,2099
927,2099
894,2099
725,2099
706,2099
684,2099
664,2099
455,2099
444,2099
411,2099
388,2099
293,2099
188,2099
161,2099
89,2099
83,2099
57,2099
49,2099
48,2099
46,2099
21,2099
18,2099
1257,2100
1246,2100
1239,2100
1231,2100
1229,2100
1227,2100
1223,2100
1216,2100
1161,2100
1157,2100
1153,2100
1130,2100
1118,2100
1104,2100
1092,2100
970,2100
947,2100
941,2100
922,2100
910,2100
871,2100
857,2100
855,2100
854,2100
849,2100
848,2100
833,2100
826,2100
819,2100
818,2100
797,2100
715,2100
619,2100
476,2100
287,2100
1314,2101
1212,2101
1210,2101
1207,2101
1199,2101
1171,2101
1156,2101
1132,2101
1065,2101
1012,2101
990,2101
975,2101
963,2101
777,2101
762,2101
755,2101
719,2101
660,2101
627,2101
600,2101
546,2101
481,2101
476,2101
455,2101
445,2101
431,2101
377,2101
363,2101
332,2101
267,2101
120,2101
61,2101
32,2101
29,2101
24,2101
1338,2102
1336,2102
1321,2102
1285,2102
1243,2102
1205,2102
1111,2102
995,2102
987,2102
955,2102
856,2102
824,2102
814,2102
728,2102
727,2102
688,2102
665,2102
595,2102
507,2102
504,2102
477,2102
452,2102
442,2102
406,2102
404,2102
392,2102
368,2102
367,2102
347,2102
324,2102
296,2102
183,2102
59,2102
55,2102
9,2102
1284,2103
1259,2103
1246,2103
1212,2103
1150,2103
1124,2103
1087,2103
1050,2103
1012,2103
1010,2103
975,2103
965,2103
943,2103
851,2103
848,2103
833,2103
794,2103
789,2103
763,2103
666,2103
644,2103
627,2103
562,2103
521,2103
501,2103
481,2103
380,2103
333,2103
306,2103
272,2103
267,2103
250,2103
227,2103
168,2103
107,2103
1281,2104
1278,2104
1275,2104
1266,2104
1263,2104
1260,2104
1255,2104
1249,2104
1248,2104
1214,2104
1186,2104
1181,2104
1176,2104
1152,2104
1106,2104
1096,2104
1075,2104
1074,2104
1015,2104
869,2104
859,2104
843,2104
801,2104
797,2104
772,2104
698,2104
491,2104
464,2104
443,2104
310,2104
233,2104
122,2104
52,2104
41,2104
32,2104
1302,2105
1183,2105
1115,2105
1013,2105
999,2105
935,2105
925,2105
910,2105
904,2105
769,2105
753,2105
747,2105
744,2105
719,2105
687,2105
643,2105
642,2105
641,2105
610,2105
502,2105
480,2105
449,2105
437,2105
428,2105
426,2105
386,2105
375,2105
372,2105
354,2105
346,2105
312,2105
263,2105
223,2105
145,2105
79,2105
1337,2106
1284,2106
1255,2106
1254,2106
1246,2106
1169,2106
1106,2106
1057,2106
1019,2106
1010,2106
1006,2106
907,2106
858,2106
855,2106
849,2106
848,2106
763,2106
746,2106
681,2106
501,2106
439,2106
306,2106
278,2106
272,2106
250,2106
233,2106
227,2106
182,2106
160,2106
151,2106
90,2106
76,2106
51,2106
41,2106
15,2106
1333,2107
1284,2107
1281,2107
1274,2107
1259,2107
1255,2107
1249,2107
1246,2107
1186,2107
1181,2107
1161,2107
1124,2107
1115,2107
1114,2107
1065,2107
1029,2107
1010,2107
983,2107
965,2107
947,2107
900,2107
822,2107
797,2107
789,2107
717,2107
687,2107
472,2107
462,2107
380,2107
207,2107
204,2107
198,2107
168,2107
160,2107
135,2107
1150,2108
1136,2108
1097,2108
1085,2108
1057,2108
867,2108
836,2108
774,2108
766,2108
746,2108
637,2108
599,2108
588,2108
565,2108
498,2108
489,2108
421,2108
411,2108
391,2108
271,2108
269,2108
251,2108
246,2108
237,2108
211,2108
207,2108
198,2108
189,2108
171,2108
160,2108
154,2108
145,2108
23,2108
12,2108
7,2108
1319,2109
1307,2109
1287,2109
1247,2109
1246,2109
1174,2109
1028,2109
1014,2109
978,2109
906,2109
894,2109
878,2109
827,2109
802,2109
793,2109
780,2109
764,2109
706,2109
693,2109
683,2109
682,2109
678,2109
668,2109
664,2109
628,2109
575,2109
427,2109
418,2109
405,2109
376,2109
318,2109
259,2109
56,2109
33,2109
29,2109
1259,2110
1257,2110
1246,2110
1239,2110
1231,2110
1229,2110
1227,2110
1223,2110
1161,2110
1157,2110
1153,2110
1130,2110
1118,2110
1115,2110
1107,2110
1092,2110
1014,2110
965,2110
947,2110
941,2110
935,2110
871,2110
857,2110
855,2110
849,2110
844,2110
833,2110
822,2110
819,2110
818,2110
797,2110
769,2110
715,2110
663,2110
201,2110
1352,2111
1284,2111
1195,2111
1127,2111
867,2111
858,2111
841,2111
839,2111
820,2111
677,2111
564,2111
475,2111
468,2111
418,2111
395,2111
314,2111
260,2111
255,2111
217,2111
215,2111
212,2111
204,2111
197,2111
193,2111
188,2111
173,2111
159,2111
157,2111
154,2111
150,2111
106,2111
67,2111
54,2111
24,2111
12,2111
1259,2112
1246,2112
1212,2112
1161,2112
1159,2112
1145,2112
1139,2112
1115,2112
1046,2112
1019,2112
996,2112
965,2112
947,2112
941,2112
918,2112
910,2112
837,2112
833,2112
826,2112
822,2112
769,2112
744,2112
629,2112
584,2112
462,2112
442,2112
414,2112
349,2112
324,2112
293,2112
287,2112
284,2112
260,2112
160,2112
59,2112
1333,2113
1295,2113
1293,2113
1280,2113
1268,2113
1173,2113
1159,2113
1140,2113
1124,2113
1099,2113
1072,2113
1065,2113
1060,2113
1048,2113
842,2113
822,2113
821,2113
807,2113
769,2113
716,2113
686,2113
679,2113
628,2113
598,2113
462,2113
293,2113
266,2113
204,2113
178,2113
154,2113
145,2113
97,2113
63,2113
46,2113
24,2113
1280,2114
1263,2114
1262,2114
1259,2114
1257,2114
1250,2114
1249,2114
1214,2114
1181,2114
1163,2114
1139,2114
1136,2114
1127,2114
1122,2114
1115,2114
1059,2114
1029,2114
981,2114
965,2114
935,2114
900,2114
848,2114
769,2114
744,2114
687,2114
663,2114
599,2114
554,2114
472,2114
462,2114
454,2114
201,2114
168,2114
156,2114
24,2114
1275,2115
1250,2115
1214,2115
1212,2115
1181,2115
1167,2115
1115,2115
1114,2115
1065,2115
1001,2115
966,2115
965,2115
964,2115
963,2115
926,2115
878,2115
848,2115
789,2115
776,2115
755,2115
746,2115
638,2115
617,2115
539,2115
535,2115
506,2115
481,2115
480,2115
478,2115
476,2115
344,2115
321,2115
54,2115
39,2115
27,2115
1296,2116
1269,2116
1233,2116
1229,2116
1194,2116
1173,2116
1162,2116
1150,2116
1101,2116
1072,2116
1012,2116
1001,2116
970,2116
952,2116
938,2116
935,2116
909,2116
882,2116
732,2116
644,2116
628,2116
617,2116
554,2116
498,2116
496,2116
487,2116
464,2116
411,2116
377,2116
321,2116
253,2116
236,2116
145,2116
36,2116
13,2116
1323,2117
1257,2117
1239,2117
1231,2117
1229,2117
1227,2117
1223,2117
1218,2117
1185,2117
1161,2117
1120,2117
1118,2117
970,2117
966,2117
963,2117
947,2117
943,2117
941,2117
922,2117
910,2117
871,2117
855,2117
844,2117
833,2117
830,2117
819,2117
797,2117
762,2117
714,2117
562,2117
501,2117
476,2117
448,2117
272,2117
110,2117
1284,2118
1255,2118
1242,2118
1229,2118
1214,2118
1181,2118
1161,2118
1133,2118
1124,2118
1092,2118
1010,2118
1006,2118
965,2118
894,2118
861,2118
855,2118
851,2118
849,2118
848,2118
767,2118
717,2118
687,2118
647,2118
599,2118
521,2118
505,2118
411,2118
380,2118
333,2118
289,2118
267,2118
250,2118
160,2118
76,2118
6,2118
1284,2119
1267,2119
1265,2119
1251,2119
1236,2119
1159,2119
1105,2119
1098,2119
1067,2119
1013,2119
1010,2119
938,2119
932,2119
925,2119
909,2119
846,2119
839,2119
838,2119
821,2119
817,2119
806,2119
726,2119
707,2119
696,2119
690,2119
675,2119
658,2119
644,2119
479,2119
352,2119
268,2119
128,2119
54,2119
19,2119
13,2119
774,2120
766,2120
746,2120
670,2120
131,2120
598,2120
544,2120
503,2120
498,2120
493,2120
489,2120
1283,2120
1271,2120
473,2120
471,2120
467,2120
441,2120
440,2120
1206,2120
1170,2120
369,2120
348,2120
248,2120
228,2120
225,2120
218,2120
186,2120
155,2120
130,2120
121,2120
113,2120
87,2120
880,2120
68,2120
816,2120
1269,2121
1263,2121
1259,2121
1250,2121
1229,2121
1223,2121
1222,2121
1212,2121
1128,2121
965,2121
952,2121
947,2121
926,2121
910,2121
871,2121
848,2121
833,2121
826,2121
825,2121
794,2121
789,2121
776,2121
762,2121
687,2121
562,2121
535,2121
481,2121
447,2121
439,2121
363,2121
321,2121
267,2121
266,2121
222,2121
107,2121
1263,2122
1259,2122
1246,2122
1239,2122
1231,2122
1163,2122
1161,2122
1157,2122
1153,2122
1139,2122
1118,2122
1115,2122
1092,2122
1085,2122
1019,2122
935,2122
857,2122
855,2122
853,2122
841,2122
837,2122
822,2122
818,2122
797,2122
476,2122
462,2122
457,2122
428,2122
391,2122
237,2122
201,2122
198,2122
168,2122
159,2122
54,2122
1263,2123
1239,2123
1173,2123
1161,2123
1153,2123
1145,2123
1139,2123
1136,2123
1135,2123
1122,2123
1118,2123
1115,2123
1092,2123
1023,2123
1019,2123
1012,2123
1006,2123
992,2123
979,2123
935,2123
910,2123
857,2123
855,2123
849,2123
837,2123
818,2123
797,2123
647,2123
554,2123
462,2123
301,2123
287,2123
284,2123
168,2123
11,2123
1345,2124
1241,2124
1230,2124
1163,2124
1013,2124
933,2124
928,2124
840,2124
839,2124
838,2124
800,2124
711,2124
658,2124
650,2124
643,2124
641,2124
502,2124
499,2124
496,2124
483,2124
475,2124
470,2124
452,2124
437,2124
433,2124
354,2124
345,2124
312,2124
263,2124
246,2124
223,2124
193,2124
128,2124
86,2124
28,2124
1329,2125
1263,2125
1259,2125
1239,2125
1214,2125
1163,2125
1161,2125
1159,2125
1124,2125
1118,2125
1085,2125
996,2125
965,2125
952,2125
947,2125
941,2125
935,2125
862,2125
826,2125
824,2125
792,2125
688,2125
687,2125
629,2125
457,2125
411,2125
301,2125
260,2125
204,2125
201,2125
187,2125
154,2125
143,2125
34,2125
12,2125
1239,2126
1207,2126
1163,2126
1110,2126
1104,2126
1087,2126
986,2126
973,2126
970,2126
966,2126
963,2126
910,2126
904,2126
867,2126
830,2126
792,2126
755,2126
719,2126
687,2126
617,2126
594,2126
554,2126
545,2126
527,2126
472,2126
468,2126
429,2126
260,2126
255,2126
223,2126
212,2126
204,2126
170,2126
154,2126
24,2126
1333,2127
1320,2127
1259,2127
1239,2127
1199,2127
1167,2127
1087,2127
1035,2127
992,2127
985,2127
966,2127
963,2127
935,2127
910,2127
830,2127
769,2127
755,2127
744,2127
717,2127
716,2127
687,2127
666,2127
644,2127
629,2127
562,2127
421,2127
409,2127
385,2127
260,2127
253,2127
204,2127
154,2127
145,2127
91,2127
63,2127
1269,2128
1264,2128
1259,2128
1257,2128
1229,2128
1212,2128
1167,2128
1115,2128
965,2128
963,2128
952,2128
947,2128
896,2128
868,2128
848,2128
833,2128
822,2128
820,2128
794,2128
789,2128
744,2128
715,2128
644,2128
617,2128
564,2128
554,2128
535,2128
506,2128
500,2128
363,2128
322,2128
321,2128
267,2128
266,2128
222,2128
680,2129
312,2129
643,2129
641,2129
623,2129
202,2129
1013,2129
1310,2129
502,2129
483,2129
1277,2129
475,2129
354,2129
437,2129
422,2129
1163,2129
263,2129
246,2129
235,2129
217,2129
215,2129
173,2129
165,2129
154,2129
950,2129
928,2129
904,2129
106,2129
617,2129
79,2129
54,2129
847,2129
840,2129
16,2129
11,2129
1263,2130
1259,2130
1250,2130
1239,2130
1222,2130
1163,2130
1161,2130
1159,2130
1155,2130
1145,2130
1139,2130
1137,2130
1115,2130
1092,2130
1085,2130
1045,2130
1029,2130
1019,2130
996,2130
992,2130
973,2130
935,2130
910,2130
900,2130
822,2130
687,2130
462,2130
411,2130
287,2130
284,2130
260,2130
201,2130
187,2130
154,2130
23,2130
1340,2131
1325,2131
1321,2131
1310,2131
1223,2131
1177,2131
1161,2131
992,2131
871,2131
868,2131
832,2131
826,2131
822,2131
601,2131
559,2131
551,2131
513,2131
501,2131
490,2131
463,2131
462,2131
410,2131
380,2131
360,2131
333,2131
272,2131
267,2131
255,2131
250,2131
212,2131
168,2131
157,2131
107,2131
76,2131
6,2131
1319,2132
1275,2132
1260,2132
1212,2132
1194,2132
1145,2132
1134,2132
1101,2132
1015,2132
992,2132
979,2132
935,2132
886,2132
861,2132
859,2132
833,2132
830,2132
769,2132
730,2132
691,2132
690,2132
687,2132
666,2132
617,2132
518,2132
484,2132
472,2132
385,2132
266,2132
260,2132
207,2132
187,2132
184,2132
156,2132
30,2132
1259,2133
1239,2133
1231,2133
1227,2133
1161,2133
1157,2133
1130,2133
1118,2133
1115,2133
1107,2133
1065,2133
1014,2133
981,2133
965,2133
963,2133
947,2133
941,2133
935,2133
928,2133
910,2133
857,2133
855,2133
849,2133
844,2133
826,2133
819,2133
818,2133
797,2133
715,2133
663,2133
489,2133
462,2133
370,2133
251,2133
201,2133
1259,2134
1257,2134
1229,2134
1223,2134
1171,2134
1163,2134
1161,2134
1157,2134
1128,2134
1118,2134
1092,2134
992,2134
977,2134
965,2134
963,2134
947,2134
941,2134
922,2134
871,2134
868,2134
855,2134
854,2134
848,2134
844,2134
833,2134
826,2134
819,2134
800,2134
715,2134
687,2134
501,2134
476,2134
439,2134
272,2134
204,2134
1284,2135
1259,2135
1255,2135
1246,2135
1133,2135
1101,2135
1057,2135
1029,2135
1010,2135
965,2135
851,2135
848,2135
833,2135
789,2135
767,2135
746,2135
717,2135
687,2135
647,2135
638,2135
611,2135
588,2135
554,2135
535,2135
472,2135
380,2135
363,2135
322,2135
321,2135
267,2135
244,2135
198,2135
160,2135
107,2135
90,2135
1281,2136
1274,2136
1259,2136
1250,2136
1249,2136
1212,2136
1167,2136
1152,2136
1133,2136
1115,2136
1061,2136
975,2136
965,2136
963,2136
910,2136
886,2136
843,2136
825,2136
822,2136
767,2136
746,2136
744,2136
687,2136
647,2136
638,2136
601,2136
484,2136
472,2136
462,2136
410,2136
321,2136
170,2136
160,2136
145,2136
6,2136
1283,2137
1206,2137
1170,2137
880,2137
816,2137
774,2137
766,2137
746,2137
743,2137
598,2137
544,2137
518,2137
498,2137
489,2137
473,2137
471,2137
467,2137
441,2137
369,2137
348,2137
269,2137
248,2137
228,2137
218,2137
186,2137
167,2137
155,2137
146,2137
145,2137
131,2137
130,2137
121,2137
113,2137
93,2137
87,2137
1275,2138
1263,2138
1260,2138
1250,2138
1232,2138
1204,2138
1187,2138
1126,2138
1114,2138
1061,2138
1040,2138
1015,2138
928,2138
910,2138
843,2138
807,2138
769,2138
687,2138
624,2138
573,2138
571,2138
568,2138
561,2138
558,2138
539,2138
493,2138
421,2138
416,2138
357,2138
331,2138
240,2138
223,2138
184,2138
160,2138
134,2138
1329,2139
1308,2139
1202,2139
1188,2139
1145,2139
1087,2139
1050,2139
998,2139
890,2139
695,2139
628,2139
623,2139
575,2139
568,2139
516,2139
515,2139
454,2139
438,2139
388,2139
356,2139
355,2139
331,2139
270,2139
269,2139
232,2139
226,2139
190,2139
156,2139
146,2139
119,2139
116,2139
115,2139
49,2139
32,2139
14,2139
1257,2140
1239,2140
1231,2140
1227,2140
1223,2140
1161,2140
1157,2140
1130,2140
1120,2140
1118,2140
1107,2140
1104,2140
1014,2140
970,2140
963,2140
935,2140
910,2140
871,2140
857,2140
855,2140
849,2140
844,2140
833,2140
826,2140
819,2140
797,2140
762,2140
714,2140
554,2140
518,2140
501,2140
476,2140
272,2140
237,2140
110,2140
1242,2141
1229,2141
1206,2141
1180,2141
1168,2141
1136,2141
880,2141
837,2141
816,2141
774,2141
769,2141
766,2141
746,2141
716,2141
687,2141
638,2141
599,2141
598,2141
518,2141
505,2141
498,2141
489,2141
440,2141
435,2141
421,2141
391,2141
271,2141
269,2141
211,2141
204,2141
186,2141
160,2141
149,2141
145,2141
87,2141
1259,2142
1246,2142
1239,2142
1227,2142
1223,2142
1167,2142
1161,2142
1157,2142
1153,2142
1118,2142
1115,2142
1104,2142
963,2142
947,2142
941,2142
935,2142
910,2142
871,2142
857,2142
855,2142
818,2142
797,2142
769,2142
744,2142
715,2142
562,2142
476,2142
287,2142
284,2142
255,2142
212,2142
204,2142
201,2142
154,2142
145,2142
1349,2143
1310,2143
1283,2143
1163,2143
1098,2143
1073,2143
1049,2143
1045,2143
1033,2143
935,2143
866,2143
861,2143
839,2143
812,2143
800,2143
589,2143
563,2143
457,2143
440,2143
432,2143
391,2143
255,2143
212,2143
211,2143
205,2143
201,2143
197,2143
193,2143
165,2143
156,2143
154,2143
130,2143
113,2143
107,2143
87,2143
1352,2144
1257,2144
1240,2144
1178,2144
1167,2144
1105,2144
1088,2144
1045,2144
1022,2144
992,2144
966,2144
964,2144
963,2144
961,2144
935,2144
932,2144
928,2144
830,2144
800,2144
744,2144
719,2144
707,2144
617,2144
479,2144
293,2144
273,2144
260,2144
211,2144
202,2144
201,2144
186,2144
156,2144
154,2144
92,2144
72,2144
1299,2145
1288,2145
1269,2145
1240,2145
1217,2145
1178,2145
1167,2145
1107,2145
1105,2145
1022,2145
1014,2145
1013,2145
963,2145
935,2145
896,2145
893,2145
839,2145
833,2145
812,2145
800,2145
773,2145
755,2145
707,2145
680,2145
617,2145
577,2145
480,2145
479,2145
434,2145
428,2145
260,2145
73,2145
72,2145
42,2145
27,2145
1339,2146
1330,2146
1311,2146
1271,2146
980,2146
779,2146
761,2146
746,2146
716,2146
672,2146
657,2146
653,2146
652,2146
614,2146
593,2146
550,2146
540,2146
512,2146
489,2146
486,2146
435,2146
412,2146
373,2146
348,2146
310,2146
211,2146
186,2146
177,2146
175,2146
94,2146
64,2146
56,2146
52,2146
31,2146
25,2146
1310,2147
1239,2147
1227,2147
1157,2147
1153,2147
1130,2147
1124,2147
1118,2147
1107,2147
1104,2147
1014,2147
977,2147
970,2147
963,2147
947,2147
941,2147
935,2147
928,2147
918,2147
861,2147
857,2147
855,2147
849,2147
826,2147
819,2147
797,2147
518,2147
501,2147
489,2147
255,2147
237,2147
212,2147
211,2147
107,2147
7,2147
1338,2148
1323,2148
1259,2148
1245,2148
1239,2148
1236,2148
1159,2148
1135,2148
1120,2148
1104,2148
970,2148
911,2148
896,2148
854,2148
837,2148
823,2148
790,2148
702,2148
696,2148
686,2148
675,2148
658,2148
644,2148
617,2148
480,2148
439,2148
421,2148
377,2148
349,2148
293,2148
268,2148
145,2148
49,2148
45,2148
22,2148
1353,2149
1280,2149
1187,2149
1180,2149
1160,2149
1097,2149
1074,2149
1054,2149
1012,2149
1007,2149
962,2149
916,2149
807,2149
752,2149
695,2149
668,2149
612,2149
593,2149
550,2149
530,2149
512,2149
495,2149
478,2149
436,2149
374,2149
277,2149
242,2149
233,2149
203,2149
163,2149
134,2149
119,2149
47,2149
45,2149
14,2149
1352,2150
1310,2150
1286,2150
1207,2150
1163,2150
1162,2150
1068,2150
966,2150
964,2150
961,2150
935,2150
928,2150
896,2150
858,2150
830,2150
748,2150
554,2150
545,2150
499,2150
496,2150
437,2150
345,2150
263,2150
259,2150
257,2150
238,2150
229,2150
201,2150
193,2150
179,2150
144,2150
142,2150
92,2150
36,2150
24,2150
1289,2151
1288,2151
1240,2151
1236,2151
1178,2151
1105,2151
1035,2151
1022,2151
1014,2151
1013,2151
963,2151
932,2151
911,2151
908,2151
893,2151
828,2151
815,2151
812,2151
800,2151
781,2151
707,2151
700,2151
696,2151
690,2151
686,2151
480,2151
479,2151
434,2151
417,2151
373,2151
268,2151
192,2151
186,2151
72,2151
59,2151
1284,2152
1267,2152
1265,2152
1251,2152
1236,2152
1178,2152
1159,2152
1105,2152
1098,2152
1067,2152
1040,2152
1013,2152
1010,2152
938,2152
925,2152
909,2152
846,2152
839,2152
838,2152
821,2152
817,2152
806,2152
726,2152
707,2152
696,2152
690,2152
675,2152
658,2152
644,2152
498,2152
479,2152
352,2152
268,2152
19,2152
13,2152
1255,2153
1243,2153
1241,2153
1230,2153
1163,2153
1150,2153
972,2153
933,2153
838,2153
820,2153
800,2153
711,2153
710,2153
671,2153
658,2153
650,2153
643,2153
499,2153
496,2153
483,2153
452,2153
437,2153
433,2153
355,2153
345,2153
312,2153
263,2153
223,2153
209,2153
193,2153
165,2153
159,2153
86,2153
78,2153
28,2153
1329,2154
1308,2154
1244,2154
1205,2154
1203,2154
1123,2154
1055,2154
1046,2154
1044,2154
1042,2154
1041,2154
1011,2154
1005,2154
982,2154
960,2154
955,2154
844,2154
832,2154
728,2154
724,2154
697,2154
676,2154
603,2154
595,2154
515,2154
406,2154
384,2154
324,2154
281,2154
277,2154
276,2154
189,2154
126,2154
124,2154
12,2154
1250,2155
928,2155
925,2155
742,2155
643,2155
642,2155
641,2155
617,2155
563,2155
554,2155
545,2155
518,2155
502,2155
499,2155
483,2155
472,2155
468,2155
464,2155
441,2155
437,2155
372,2155
345,2155
312,2155
263,2155
248,2155
223,2155
218,2155
138,2155
122,2155
106,2155
79,2155
74,2155
54,2155
17,2155
12,2155
1284,2156
1250,2156
1173,2156
1163,2156
1150,2156
1077,2156
1059,2156
973,2156
928,2156
867,2156
846,2156
836,2156
717,2156
687,2156
564,2156
545,2156
496,2156
440,2156
430,2156
428,2156
321,2156
311,2156
271,2156
260,2156
251,2156
198,2156
156,2156
147,2156
93,2156
91,2156
67,2156
30,2156
12,2156
7,2156
3,2156
1333,2157
1183,2157
1163,2157
1013,2157
841,2157
643,2157
641,2157
588,2157
527,2157
502,2157
496,2157
483,2157
468,2157
437,2157
429,2157
354,2157
312,2157
293,2157
263,2157
260,2157
246,2157
244,2157
237,2157
223,2157
204,2157
159,2157
154,2157
138,2157
133,2157
106,2157
74,2157
49,2157
17,2157
12,2157
11,2157
1260,2158
1235,2158
1061,2158
1052,2158
910,2158
876,2158
861,2158
859,2158
792,2158
774,2158
737,2158
588,2158
580,2158
572,2158
568,2158
545,2158
542,2158
534,2158
494,2158
484,2158
421,2158
253,2158
240,2158
215,2158
191,2158
184,2158
173,2158
171,2158
160,2158
146,2158
133,2158
118,2158
71,2158
12,2158
3,2158
1344,2159
1332,2159
1320,2159
1312,2159
1311,2159
1201,2159
1007,2159
980,2159
972,2159
962,2159
916,2159
882,2159
727,2159
724,2159
671,2159
639,2159
614,2159
593,2159
552,2159
550,2159
548,2159
512,2159
465,2159
387,2159
348,2159
276,2159
274,2159
176,2159
109,2159
105,2159
52,2159
47,2159
44,2159
31,2159
25,2159
1349,2160
1310,2160
1274,2160
1239,2160
1163,2160
1156,2160
1150,2160
1087,2160
1045,2160
1029,2160
973,2160
963,2160
935,2160
928,2160
867,2160
862,2160
822,2160
792,2160
695,2160
589,2160
563,2160
472,2160
457,2160
286,2160
255,2160
223,2160
212,2160
211,2160
201,2160
198,2160
156,2160
154,2160
134,2160
107,2160
34,2160
1334,2161
1318,2161
1225,2161
1201,2161
1116,2161
1044,2161
1041,2161
1020,2161
1011,2161
1005,2161
1002,2161
979,2161
942,2161
928,2161
848,2161
827,2161
762,2161
745,2161
718,2161
676,2161
673,2161
627,2161
623,2161
599,2161
503,2161
499,2161
439,2161
249,2161
235,2161
210,2161
200,2161
162,2161
158,2161
147,2161
145,2161
1349,2163
1329,2163
1317,2163
1310,2163
1108,2163
1045,2163
935,2163
900,2163
867,2163
832,2163
824,2163
728,2163
688,2163
589,2163
563,2163
477,2163
457,2163
442,2163
418,2163
413,2163
404,2163
388,2163
324,2163
297,2163
293,2163
282,2163
255,2163
212,2163
211,2163
208,2163
159,2163
156,2163
154,2163
134,2163
107,2163
1284,2164
1267,2164
1236,2164
1187,2164
1186,2164
1159,2164
1057,2164
1045,2164
1024,2164
1012,2164
1010,2164
995,2164
992,2164
963,2164
938,2164
909,2164
858,2164
851,2164
846,2164
838,2164
788,2164
717,2164
707,2164
696,2164
690,2164
675,2164
658,2164
644,2164
629,2164
627,2164
564,2164
268,2164
250,2164
160,2164
19,2164
1229,2165
1136,2165
1098,2165
1079,2165
1072,2165
1049,2165
983,2165
928,2165
816,2165
792,2165
769,2165
742,2165
714,2165
681,2165
599,2165
557,2165
545,2165
539,2165
518,2165
515,2165
506,2165
503,2165
501,2165
483,2165
440,2165
432,2165
198,2165
187,2165
166,2165
145,2165
143,2165
132,2165
74,2165
23,2165
12,2165
1284,2166
1259,2166
1249,2166
1242,2166
1133,2166
1132,2166
1124,2166
1115,2166
1114,2166
1010,2166
981,2166
975,2166
965,2166
935,2166
858,2166
843,2166
809,2166
767,2166
717,2166
647,2166
505,2166
447,2166
411,2166
258,2166
250,2166
225,2166
198,2166
170,2166
168,2166
160,2166
143,2166
93,2166
90,2166
15,2166
6,2166
1284,2167
1264,2167
1259,2167
1257,2167
1246,2167
1229,2167
1212,2167
1150,2167
1139,2167
1115,2167
1107,2167
1057,2167
1010,2167
979,2167
965,2167
947,2167
941,2167
868,2167
861,2167
858,2167
855,2167
848,2167
844,2167
833,2167
717,2167
611,2167
564,2167
501,2167
370,2167
287,2167
272,2167
168,2167
160,2167
90,2167
27,2167
1284,2168
1259,2168
1246,2168
1212,2168
1161,2168
1150,2168
1057,2168
1014,2168
1012,2168
1010,2168
979,2168
975,2168
965,2168
947,2168
941,2168
868,2168
861,2168
858,2168
855,2168
851,2168
848,2168
844,2168
833,2168
717,2168
640,2168
611,2168
501,2168
370,2168
287,2168
284,2168
272,2168
255,2168
212,2168
90,2168
27,2168
1259,2169
1239,2169
1229,2169
1161,2169
1157,2169
1153,2169
1128,2169
1118,2169
1107,2169
1104,2169
1092,2169
1019,2169
977,2169
965,2169
947,2169
941,2169
935,2169
922,2169
918,2169
868,2169
867,2169
857,2169
855,2169
849,2169
833,2169
819,2169
818,2169
797,2169
769,2169
715,2169
584,2169
476,2169
462,2169
301,2169
293,2169
1263,2170
1239,2170
1222,2170
1173,2170
1163,2170
1136,2170
1118,2170
1087,2170
1045,2170
979,2170
973,2170
965,2170
963,2170
947,2170
941,2170
935,2170
900,2170
867,2170
861,2170
826,2170
822,2170
775,2170
691,2170
687,2170
663,2170
563,2170
462,2170
457,2170
260,2170
255,2170
212,2170
211,2170
198,2170
156,2170
149,2170
1321,2171
1243,2171
1226,2171
1179,2171
1146,2171
1101,2171
1094,2171
1059,2171
1012,2171
993,2171
949,2171
926,2171
891,2171
873,2171
845,2171
808,2171
730,2171
681,2171
669,2171
627,2171
601,2171
600,2171
559,2171
546,2171
410,2171
356,2171
306,2171
267,2171
233,2171
198,2171
157,2171
107,2171
75,2171
61,2171
30,2171
1284,2172
1264,2172
1259,2172
1257,2172
1246,2172
1229,2172
1212,2172
1161,2172
1139,2172
1057,2172
1012,2172
1010,2172
1006,2172
996,2172
965,2172
947,2172
941,2172
868,2172
858,2172
855,2172
851,2172
848,2172
844,2172
833,2172
794,2172
717,2172
611,2172
521,2172
501,2172
287,2172
284,2172
272,2172
160,2172
90,2172
15,2172
1323,2173
1259,2173
1239,2173
1229,2173
1227,2173
1216,2173
1212,2173
1199,2173
1185,2173
1167,2173
1145,2173
1130,2173
1019,2173
1001,2173
991,2173
959,2173
956,2173
943,2173
878,2173
857,2173
847,2173
826,2173
755,2173
644,2173
579,2173
546,2173
448,2173
431,2173
430,2173
409,2173
355,2173
287,2173
284,2173
63,2173
33,2173
1349,2174
1263,2174
1259,2174
1257,2174
1163,2174
1132,2174
1124,2174
1122,2174
1048,2174
981,2174
975,2174
965,2174
910,2174
861,2174
855,2174
848,2174
844,2174
822,2174
769,2174
767,2174
715,2174
687,2174
647,2174
589,2174
513,2174
472,2174
462,2174
456,2174
421,2174
301,2174
293,2174
255,2174
212,2174
198,2174
143,2174
1284,2175
1264,2175
1259,2175
1257,2175
1229,2175
1227,2175
1214,2175
1212,2175
1161,2175
1157,2175
1092,2175
1012,2175
1010,2175
979,2175
975,2175
965,2175
947,2175
943,2175
941,2175
868,2175
858,2175
851,2175
848,2175
844,2175
833,2175
794,2175
744,2175
717,2175
715,2175
521,2175
501,2175
481,2175
380,2175
272,2175
27,2175
1300,2176
1295,2176
1247,2176
1199,2176
1174,2176
1156,2176
1149,2176
1141,2176
1002,2176
976,2176
927,2176
910,2176
904,2176
893,2176
882,2176
719,2176
713,2176
662,2176
640,2176
612,2176
584,2176
552,2176
518,2176
504,2176
374,2176
352,2176
274,2176
256,2176
219,2176
168,2176
120,2176
109,2176
95,2176
68,2176
12,2176
1275,2177
1260,2177
1259,2177
1244,2177
1227,2177
1214,2177
1179,2177
1161,2177
1153,2177
1096,2177
1077,2177
1061,2177
1015,2177
992,2177
975,2177
947,2177
941,2177
876,2177
846,2177
818,2177
802,2177
755,2177
744,2177
663,2177
638,2177
629,2177
551,2177
492,2177
431,2177
301,2177
286,2177
250,2177
160,2177
145,2177
123,2177
1267,2178
1239,2178
1229,2178
1222,2178
1214,2178
1181,2178
1145,2178
1087,2178
1029,2178
1021,2178
1017,2178
1006,2178
992,2178
983,2178
965,2178
952,2178
861,2178
822,2178
818,2178
812,2178
800,2178
795,2178
792,2178
789,2178
717,2178
663,2178
638,2178
588,2178
535,2178
507,2178
457,2178
301,2178
227,2178
107,2178
81,2178
1334,2179
1330,2179
1240,2179
1214,2179
1192,2179
1101,2179
1088,2179
1077,2179
1013,2179
993,2179
973,2179
932,2179
910,2179
893,2179
873,2179
826,2179
812,2179
680,2179
673,2179
641,2179
496,2179
479,2179
440,2179
431,2179
430,2179
428,2179
355,2179
323,2179
319,2179
246,2179
237,2179
220,2179
210,2179
189,2179
166,2179
1259,2180
1246,2180
1239,2180
1229,2180
1161,2180
1157,2180
1153,2180
1128,2180
1118,2180
1092,2180
977,2180
965,2180
947,2180
941,2180
918,2180
857,2180
855,2180
849,2180
844,2180
824,2180
822,2180
819,2180
818,2180
769,2180
715,2180
688,2180
584,2180
476,2180
462,2180
442,2180
418,2180
324,2180
301,2180
293,2180
272,2180
1257,2181
1239,2181
1231,2181
1227,2181
1223,2181
1171,2181
1161,2181
1157,2181
1128,2181
1120,2181
1118,2181
1107,2181
1092,2181
1014,2181
970,2181
965,2181
952,2181
922,2181
910,2181
871,2181
857,2181
855,2181
854,2181
849,2181
844,2181
833,2181
819,2181
714,2181
663,2181
554,2181
518,2181
501,2181
476,2181
272,2181
237,2181
1283,2182
1250,2182
1187,2182
1136,2182
958,2182
928,2182
809,2182
807,2182
746,2182
670,2182
655,2182
609,2182
580,2182
578,2182
563,2182
545,2182
544,2182
541,2182
527,2182
520,2182
518,2182
511,2182
499,2182
493,2182
441,2182
429,2182
416,2182
271,2182
251,2182
248,2182
244,2182
218,2182
135,2182
93,2182
12,2182
1159,2183
1053,2183
1045,2183
1033,2183
992,2183
963,2183
957,2183
935,2183
866,2183
861,2183
839,2183
788,2183
696,2183
675,2183
658,2183
457,2183
421,2183
391,2183
268,2183
255,2183
249,2183
248,2183
247,2183
231,2183
212,2183
211,2183
205,2183
197,2183
165,2183
154,2183
137,2183
130,2183
128,2183
110,2183
87,2183
1349,2184
1310,2184
1150,2184
1148,2184
1110,2184
992,2184
988,2184
986,2184
947,2184
941,2184
935,2184
788,2184
769,2184
655,2184
589,2184
563,2184
527,2184
518,2184
440,2184
434,2184
432,2184
429,2184
391,2184
248,2184
246,2184
244,2184
204,2184
201,2184
193,2184
154,2184
143,2184
128,2184
74,2184
12,2184
11,2184
1326,2185
1284,2185
1267,2185
1265,2185
1251,2185
1236,2185
1178,2185
1159,2185
1105,2185
1098,2185
1067,2185
1040,2185
1022,2185
1013,2185
1010,2185
938,2185
909,2185
880,2185
846,2185
839,2185
838,2185
817,2185
726,2185
707,2185
696,2185
675,2185
658,2185
644,2185
640,2185
498,2185
479,2185
352,2185
268,2185
123,2185
19,2185
13,2185
1284,2186
1242,2186
1168,2186
1136,2186
1132,2186
1065,2186
1029,2186
1010,2186
935,2186
774,2186
767,2186
766,2186
737,2186
716,2186
647,2186
599,2186
588,2186
580,2186
572,2186
515,2186
505,2186
494,2186
421,2186
411,2186
369,2186
271,2186
225,2186
211,2186
207,2186
186,2186
160,2186
156,2186
145,2186
41,2186
12,2186
1349,2187
1310,2187
1214,2187
1150,2187
1110,2187
1057,2187
1048,2187
1045,2187
1029,2187
986,2187
973,2187
963,2187
935,2187
901,2187
900,2187
867,2187
792,2187
666,2187
663,2187
621,2187
589,2187
563,2187
561,2187
558,2187
309,2187
271,2187
255,2187
223,2187
212,2187
211,2187
198,2187
170,2187
156,2187
154,2187
134,2187
1284,2188
1259,2188
1257,2188
1246,2188
1229,2188
1214,2188
1212,2188
1161,2188
1157,2188
1128,2188
1118,2188
1092,2188
1019,2188
1010,2188
965,2188
963,2188
947,2188
941,2188
922,2188
894,2188
871,2188
857,2188
855,2188
849,2188
848,2188
833,2188
826,2188
717,2188
584,2188
501,2188
476,2188
446,2188
289,2188
287,2188
90,2188
1340,2189
1325,2189
1322,2189
1253,2189
1242,2189
1214,2189
1177,2189
1171,2189
1133,2189
1132,2189
1096,2189
975,2189
950,2189
930,2189
878,2189
809,2189
808,2189
767,2189
750,2189
687,2189
647,2189
635,2189
505,2189
494,2189
490,2189
481,2189
476,2189
462,2189
270,2189
198,2189
156,2189
110,2189
61,2189
34,2189
12,2189
1333,2190
1302,2190
1295,2190
1281,2190
1277,2190
1263,2190
1255,2190
1197,2190
1186,2190
1183,2190
1105,2190
1090,2190
1088,2190
1055,2190
1013,2190
990,2190
932,2190
828,2190
753,2190
728,2190
702,2190
680,2190
642,2190
480,2190
479,2190
442,2190
428,2190
411,2190
372,2190
346,2190
332,2190
260,2190
168,2190
79,2190
13,2190
680,2191
312,2191
643,2191
641,2191
617,2191
202,2191
1013,2191
1310,2191
502,2191
1277,2191
475,2191
354,2191
437,2191
422,2191
1163,2191
483,2191
263,2191
246,2191
235,2191
217,2191
215,2191
173,2191
623,2191
165,2191
154,2191
950,2191
928,2191
904,2191
106,2191
79,2191
54,2191
847,2191
840,2191
16,2191
11,2191
1302,2192
1301,2192
1286,2192
1277,2192
1239,2192
1183,2192
1167,2192
1142,2192
1105,2192
1090,2192
1088,2192
990,2192
935,2192
932,2192
925,2192
840,2192
753,2192
719,2192
680,2192
642,2192
623,2192
531,2192
480,2192
479,2192
476,2192
457,2192
428,2192
426,2192
372,2192
346,2192
332,2192
324,2192
229,2192
223,2192
13,2192
1302,2193
1301,2193
1286,2193
1277,2193
1239,2193
1183,2193
1167,2193
1142,2193
1105,2193
1090,2193
1088,2193
999,2193
990,2193
935,2193
932,2193
925,2193
840,2193
753,2193
719,2193
680,2193
642,2193
531,2193
480,2193
479,2193
476,2193
457,2193
428,2193
426,2193
372,2193
346,2193
332,2193
324,2193
229,2193
223,2193
13,2193
1343,2195
1305,2195
1284,2195
1267,2195
1265,2195
1218,2195
1149,2195
1140,2195
1099,2195
1087,2195
1067,2195
1058,2195
992,2195
963,2195
909,2195
846,2195
837,2195
772,2195
768,2195
759,2195
758,2195
706,2195
675,2195
663,2195
660,2195
606,2195
590,2195
486,2195
485,2195
353,2195
204,2195
171,2195
161,2195
154,2195
89,2195
1333,2196
1302,2196
1301,2196
1286,2196
1183,2196
1148,2196
1142,2196
1013,2196
925,2196
840,2196
753,2196
680,2196
672,2196
643,2196
642,2196
641,2196
610,2196
502,2196
480,2196
475,2196
457,2196
428,2196
426,2196
411,2196
375,2196
372,2196
354,2196
346,2196
312,2196
260,2196
223,2196
138,2196
133,2196
79,2196
17,2196
1284,2197
1267,2197
1255,2197
1240,2197
1236,2197
1186,2197
1159,2197
1107,2197
1045,2197
1024,2197
1012,2197
1010,2197
995,2197
992,2197
963,2197
938,2197
909,2197
851,2197
846,2197
838,2197
825,2197
746,2197
717,2197
696,2197
675,2197
658,2197
629,2197
564,2197
482,2197
480,2197
479,2197
321,2197
268,2197
132,2197
90,2197
1284,2198
1267,2198
1255,2198
1240,2198
1236,2198
1186,2198
1159,2198
1107,2198
1062,2198
1045,2198
1024,2198
1012,2198
1010,2198
995,2198
992,2198
938,2198
909,2198
858,2198
851,2198
846,2198
833,2198
825,2198
717,2198
696,2198
675,2198
638,2198
629,2198
564,2198
480,2198
479,2198
428,2198
321,2198
268,2198
132,2198
90,2198
1136,2199
1062,2199
1002,2199
816,2199
788,2199
746,2199
742,2199
692,2199
670,2199
564,2199
515,2199
489,2199
483,2199
460,2199
441,2199
321,2199
248,2199
247,2199
218,2199
208,2199
206,2199
194,2199
172,2199
165,2199
157,2199
144,2199
140,2199
137,2199
132,2199
128,2199
96,2199
90,2199
70,2199
67,2199
5,2199
1259,2200
1257,2200
1239,2200
1231,2200
1229,2200
1227,2200
1223,2200
1214,2200
1171,2200
1161,2200
1128,2200
1118,2200
992,2200
965,2200
963,2200
947,2200
941,2200
930,2200
922,2200
910,2200
871,2200
868,2200
855,2200
854,2200
826,2200
822,2200
769,2200
737,2200
715,2200
687,2200
663,2200
476,2200
462,2200
454,2200
421,2200
1242,2201
1226,2201
1121,2201
1116,2201
1071,2201
1001,2201
945,2201
943,2201
926,2201
813,2201
788,2201
767,2201
736,2201
714,2201
681,2201
654,2201
647,2201
627,2201
557,2201
543,2201
505,2201
485,2201
383,2201
333,2201
270,2201
250,2201
235,2201
222,2201
187,2201
143,2201
136,2201
119,2201
110,2201
76,2201
28,2201
1349,2202
1310,2202
1045,2202
992,2202
935,2202
928,2202
923,2202
867,2202
841,2202
839,2202
822,2202
801,2202
792,2202
629,2202
589,2202
563,2202
554,2202
472,2202
457,2202
395,2202
255,2202
252,2202
237,2202
229,2202
212,2202
211,2202
201,2202
197,2202
165,2202
159,2202
156,2202
154,2202
134,2202
107,2202
54,2202
1333,2203
1271,2203
1249,2203
1239,2203
1214,2203
1110,2203
986,2203
985,2203
963,2203
880,2203
843,2203
828,2203
801,2203
774,2203
772,2203
737,2203
716,2203
672,2203
653,2203
644,2203
568,2203
540,2203
539,2203
498,2203
435,2203
421,2203
377,2203
248,2203
211,2203
186,2203
145,2203
130,2203
93,2203
87,2203
11,2203
1329,2204
1055,2204
1047,2204
1046,2204
1045,2204
1044,2204
1042,2204
1041,2204
1011,2204
1005,2204
992,2204
979,2204
955,2204
935,2204
909,2204
895,2204
867,2204
851,2204
837,2204
824,2204
812,2204
800,2204
728,2204
705,2204
688,2204
676,2204
629,2204
510,2204
477,2204
442,2204
440,2204
349,2204
317,2204
293,2204
49,2204
680,2205
312,2205
643,2205
641,2205
623,2205
202,2205
1013,2205
1310,2205
502,2205
483,2205
1277,2205
475,2205
464,2205
354,2205
437,2205
422,2205
1163,2205
269,2205
263,2205
246,2205
235,2205
221,2205
215,2205
173,2205
165,2205
928,2205
110,2205
904,2205
617,2205
79,2205
54,2205
847,2205
840,2205
16,2205
11,2205
1349,2206
1329,2206
1310,2206
1214,2206
1046,2206
1045,2206
1044,2206
1041,2206
1011,2206
1005,2206
992,2206
963,2206
935,2206
928,2206
909,2206
867,2206
832,2206
824,2206
812,2206
800,2206
688,2206
676,2206
629,2206
589,2206
563,2206
457,2206
442,2206
255,2206
212,2206
211,2206
156,2206
154,2206
134,2206
107,2206
11,2206
1315,2207
1281,2207
1275,2207
1249,2207
1239,2207
1171,2207
1158,2207
1150,2207
1101,2207
1067,2207
1063,2207
1061,2207
1053,2207
1029,2207
992,2207
963,2207
935,2207
923,2207
919,2207
913,2207
909,2207
772,2207
687,2207
681,2207
646,2207
629,2207
609,2207
520,2207
483,2207
472,2207
301,2207
201,2207
160,2207
145,2207
74,2207
1349,2208
1315,2208
1310,2208
1283,2208
1077,2208
1069,2208
1065,2208
1045,2208
1029,2208
992,2208
939,2208
935,2208
867,2208
861,2208
853,2208
843,2208
822,2208
801,2208
589,2208
563,2208
457,2208
454,2208
301,2208
255,2208
212,2208
211,2208
207,2208
201,2208
198,2208
193,2208
156,2208
154,2208
134,2208
107,2208
11,2208
1315,2209
1250,2209
1239,2209
1173,2209
1160,2209
1145,2209
1122,2209
1101,2209
1087,2209
1077,2209
1069,2209
1067,2209
1065,2209
1059,2209
1057,2209
1047,2209
1031,2209
1029,2209
992,2209
944,2209
937,2209
873,2209
763,2209
731,2209
662,2209
629,2209
600,2209
546,2209
454,2209
447,2209
301,2209
279,2209
168,2209
53,2209
40,2209
1323,2210
1317,2210
1305,2210
1246,2210
1214,2210
1191,2210
1081,2210
1038,2210
998,2210
924,2210
919,2210
892,2210
828,2210
803,2210
761,2210
758,2210
740,2210
735,2210
706,2210
693,2210
691,2210
679,2210
664,2210
636,2210
485,2210
477,2210
427,2210
411,2210
338,2210
326,2210
195,2210
175,2210
161,2210
97,2210
18,2210
1328,2211
1263,2211
1259,2211
1239,2211
1214,2211
1173,2211
1150,2211
1145,2211
1128,2211
1029,2211
965,2211
943,2211
878,2211
862,2211
843,2211
832,2211
822,2211
755,2211
687,2211
607,2211
600,2211
588,2211
520,2211
476,2211
472,2211
462,2211
267,2211
237,2211
233,2211
198,2211
189,2211
166,2211
145,2211
12,2211
11,2211
1333,2212
1293,2212
1178,2212
1140,2212
1099,2212
1077,2212
1067,2212
1065,2212
1060,2212
1039,2212
1038,2212
1035,2212
1031,2212
1024,2212
992,2212
913,2212
909,2212
908,2212
906,2212
899,2212
898,2212
887,2212
864,2212
803,2212
787,2212
781,2212
775,2212
772,2212
771,2212
726,2212
716,2212
629,2212
312,2212
204,2212
154,2212
721,2213
599,2213
570,2213
1334,2213
534,2213
515,2213
484,2213
480,2213
1268,2213
1266,2213
428,2213
394,2213
375,2213
1139,2213
1136,2213
1134,2213
328,2213
318,2213
298,2213
1079,2213
240,2213
207,2213
994,2213
184,2213
183,2213
160,2213
156,2213
950,2213
948,2213
150,2213
118,2213
109,2213
861,2213
29,2213
7,2213
1284,2214
1246,2214
1231,2214
1227,2214
1186,2214
1161,2214
1150,2214
1120,2214
1104,2214
1010,2214
1002,2214
994,2214
992,2214
970,2214
947,2214
941,2214
894,2214
861,2214
851,2214
819,2214
797,2214
769,2214
767,2214
717,2214
681,2214
647,2214
644,2214
584,2214
521,2214
501,2214
439,2214
301,2214
272,2214
219,2214
15,2214
1222,2215
1214,2215
1180,2215
1077,2215
1067,2215
1047,2215
1046,2215
1044,2215
1041,2215
1011,2215
1005,2215
992,2215
979,2215
935,2215
909,2215
895,2215
851,2215
832,2215
812,2215
800,2215
775,2215
728,2215
676,2215
629,2215
588,2215
510,2215
442,2215
440,2215
349,2215
324,2215
293,2215
267,2215
149,2215
49,2215
45,2215
1284,2216
1257,2216
1246,2216
1231,2216
1227,2216
1223,2216
1186,2216
1161,2216
1150,2216
1132,2216
1120,2216
1104,2216
1019,2216
1012,2216
1010,2216
1002,2216
994,2216
970,2216
947,2216
941,2216
922,2216
894,2216
851,2216
833,2216
826,2216
819,2216
797,2216
769,2216
501,2216
272,2216
255,2216
212,2216
201,2216
110,2216
76,2216
1259,2217
1257,2217
1231,2217
1229,2217
1227,2217
1223,2217
1161,2217
1157,2217
1130,2217
965,2217
947,2217
945,2217
941,2217
922,2217
910,2217
871,2217
868,2217
855,2217
844,2217
833,2217
832,2217
826,2217
819,2217
797,2217
717,2217
715,2217
714,2217
501,2217
462,2217
380,2217
272,2217
250,2217
168,2217
160,2217
76,2217
1284,2218
1267,2218
1265,2218
1251,2218
1236,2218
1159,2218
1105,2218
1098,2218
1067,2218
1066,2218
1053,2218
1013,2218
1010,2218
938,2218
932,2218
925,2218
909,2218
846,2218
839,2218
838,2218
821,2218
817,2218
806,2218
707,2218
696,2218
690,2218
675,2218
658,2218
644,2218
479,2218
352,2218
268,2218
128,2218
19,2218
13,2218
1284,2219
1259,2219
1257,2219
1246,2219
1229,2219
1223,2219
1212,2219
1161,2219
1157,2219
1128,2219
1118,2219
1092,2219
1057,2219
1019,2219
1010,2219
965,2219
947,2219
941,2219
935,2219
922,2219
871,2219
857,2219
855,2219
849,2219
848,2219
833,2219
826,2219
792,2219
717,2219
501,2219
476,2219
446,2219
439,2219
272,2219
227,2219
1283,2220
1271,2220
1225,2220
1206,2220
880,2220
816,2220
774,2220
766,2220
746,2220
670,2220
651,2220
544,2220
518,2220
498,2220
489,2220
473,2220
467,2220
441,2220
369,2220
364,2220
348,2220
319,2220
248,2220
228,2220
218,2220
211,2220
186,2220
155,2220
130,2220
121,2220
113,2220
93,2220
87,2220
68,2220
7,2220
1284,2221
1255,2221
1246,2221
1239,2221
1161,2221
1145,2221
1139,2221
1118,2221
1115,2221
1101,2221
1092,2221
1029,2221
1019,2221
1012,2221
1010,2221
1006,2221
996,2221
947,2221
941,2221
907,2221
861,2221
855,2221
851,2221
849,2221
844,2221
797,2221
717,2221
462,2221
403,2221
287,2221
284,2221
271,2221
90,2221
23,2221
15,2221
1284,2222
1267,2222
1265,2222
1251,2222
1236,2222
1159,2222
1105,2222
1098,2222
1067,2222
1053,2222
1013,2222
1010,2222
938,2222
925,2222
909,2222
846,2222
839,2222
838,2222
821,2222
817,2222
806,2222
788,2222
707,2222
696,2222
690,2222
675,2222
658,2222
644,2222
479,2222
352,2222
268,2222
248,2222
128,2222
19,2222
13,2222
1278,2223
1194,2223
1163,2223
1161,2223
1150,2223
1115,2223
1029,2223
910,2223
851,2223
833,2223
822,2223
792,2223
769,2223
744,2223
732,2223
730,2223
687,2223
647,2223
627,2223
617,2223
562,2223
546,2223
498,2223
472,2223
462,2223
391,2223
380,2223
370,2223
293,2223
236,2223
170,2223
160,2223
143,2223
67,2223
61,2223
1306,2224
1274,2224
1250,2224
1232,2224
1222,2224
1214,2224
1152,2224
1150,2224
1061,2224
921,2224
900,2224
886,2224
876,2224
809,2224
762,2224
755,2224
605,2224
544,2224
503,2224
502,2224
456,2224
447,2224
421,2224
370,2224
271,2224
269,2224
253,2224
225,2224
171,2224
166,2224
160,2224
93,2224
76,2224
34,2224
23,2224
440,2225
680,2225
312,2225
643,2225
641,2225
623,2225
202,2225
1013,2225
1310,2225
502,2225
483,2225
1277,2225
475,2225
464,2225
354,2225
437,2225
422,2225
1163,2225
269,2225
263,2225
246,2225
235,2225
221,2225
215,2225
173,2225
165,2225
928,2225
904,2225
617,2225
79,2225
54,2225
847,2225
840,2225
16,2225
11,2225
1275,2226
1272,2226
1250,2226
1237,2226
1235,2226
1189,2226
1181,2226
1115,2226
1107,2226
1014,2226
963,2226
935,2226
910,2226
865,2226
719,2226
687,2226
655,2226
604,2226
580,2226
574,2226
542,2226
534,2226
524,2226
517,2226
506,2226
493,2226
464,2226
421,2226
394,2226
372,2226
321,2226
160,2226
145,2226
143,2226
114,2226
1275,2227
1250,2227
1239,2227
1237,2227
1235,2227
1232,2227
1189,2227
1181,2227
1167,2227
1131,2227
1115,2227
992,2227
963,2227
836,2227
744,2227
655,2227
617,2227
604,2227
580,2227
574,2227
542,2227
534,2227
528,2227
524,2227
517,2227
506,2227
493,2227
472,2227
464,2227
421,2227
394,2227
321,2227
204,2227
145,2227
143,2227
1334,2228
1239,2228
1227,2228
1216,2228
1199,2228
1153,2228
1136,2228
1135,2228
1118,2228
1115,2228
1039,2228
1012,2228
943,2228
825,2228
818,2228
797,2228
791,2228
766,2228
695,2228
603,2228
600,2228
583,2228
462,2228
448,2228
439,2228
431,2228
409,2228
309,2228
293,2228
287,2228
284,2228
253,2228
233,2228
168,2228
93,2228
53,2229
823,2229
709,2229
701,2229
698,2229
569,2229
518,2229
1310,2229
486,2229
1260,2229
460,2229
457,2229
423,2229
1216,2229
1214,2229
1199,2229
1183,2229
1161,2229
1096,2229
1058,2229
1021,2229
1018,2229
1015,2229
207,2229
976,2229
178,2229
159,2229
147,2229
141,2229
935,2229
90,2229
877,2229
862,2229
848,2229
5,2229
1260,2230
1259,2230
1257,2230
1231,2230
1229,2230
1227,2230
1216,2230
1214,2230
1163,2230
1161,2230
1118,2230
1115,2230
1087,2230
1029,2230
1019,2230
965,2230
963,2230
947,2230
941,2230
910,2230
901,2230
867,2230
857,2230
854,2230
844,2230
792,2230
769,2230
687,2230
647,2230
617,2230
445,2230
270,2230
187,2230
110,2230
38,2230
1283,2231
1250,2231
1187,2231
1105,2231
1090,2231
1053,2231
1040,2231
928,2231
925,2231
869,2231
742,2231
721,2231
544,2231
499,2231
497,2231
493,2231
474,2231
467,2231
464,2231
441,2231
426,2231
402,2231
354,2231
351,2231
345,2231
271,2231
248,2231
227,2231
226,2231
225,2231
223,2231
218,2231
204,2231
146,2231
79,2231
1232,2232
1199,2232
1185,2232
1167,2232
1138,2232
1065,2232
1014,2232
1001,2232
975,2232
965,2232
963,2232
959,2232
956,2232
878,2232
847,2232
802,2232
755,2232
697,2232
644,2232
579,2232
577,2232
535,2232
481,2232
431,2232
430,2232
417,2232
409,2232
363,2232
332,2232
164,2232
81,2232
63,2232
61,2232
39,2232
33,2232
1340,2233
1325,2233
1239,2233
1212,2233
1177,2233
1115,2233
1061,2233
965,2233
959,2233
910,2233
820,2233
792,2233
789,2233
753,2233
744,2233
687,2233
655,2233
579,2233
554,2233
545,2233
535,2233
506,2233
480,2233
463,2233
360,2233
321,2233
293,2233
266,2233
260,2233
204,2233
160,2233
159,2233
154,2233
67,2233
54,2233
1353,2234
1349,2234
1241,2234
1230,2234
1175,2234
1163,2234
1054,2234
945,2234
933,2234
838,2234
820,2234
817,2234
800,2234
763,2234
711,2234
658,2234
650,2234
610,2234
589,2234
502,2234
499,2234
470,2234
452,2234
437,2234
433,2234
425,2234
352,2234
345,2234
312,2234
263,2234
242,2234
209,2234
86,2234
37,2234
28,2234
1284,2235
1259,2235
1257,2235
1255,2235
1229,2235
1212,2235
1128,2235
1010,2235
965,2235
947,2235
941,2235
868,2235
855,2235
848,2235
833,2235
826,2235
794,2235
789,2235
717,2235
715,2235
687,2235
647,2235
535,2235
521,2235
501,2235
272,2235
267,2235
250,2235
168,2235
160,2235
107,2235
93,2235
90,2235
27,2235
6,2235
1344,2236
1339,2236
1332,2236
1320,2236
1312,2236
982,2236
972,2236
962,2236
960,2236
882,2236
815,2236
800,2236
724,2236
707,2236
671,2236
657,2236
639,2236
593,2236
552,2236
550,2236
512,2236
387,2236
373,2236
310,2236
276,2236
274,2236
186,2236
176,2236
109,2236
105,2236
86,2236
85,2236
52,2236
44,2236
4,2236
1275,2237
1269,2237
1229,2237
1228,2237
1212,2237
1207,2237
1179,2237
1167,2237
1150,2237
1147,2237
1115,2237
963,2237
956,2237
833,2237
822,2237
820,2237
792,2237
744,2237
715,2237
644,2237
629,2237
617,2237
609,2237
578,2237
541,2237
506,2237
498,2237
480,2237
385,2237
362,2237
355,2237
321,2237
145,2237
91,2237
28,2237
1321,2238
1284,2238
1242,2238
1114,2238
1101,2238
1065,2238
1059,2238
1012,2238
1010,2238
1006,2238
868,2238
861,2238
851,2238
767,2238
647,2238
617,2238
580,2238
513,2238
505,2238
464,2238
271,2238
270,2238
269,2238
250,2238
235,2238
198,2238
187,2238
160,2238
150,2238
143,2238
76,2238
34,2238
23,2238
12,2238
6,2238
1272,2239
1242,2239
1229,2239
1168,2239
1136,2239
1133,2239
1061,2239
963,2239
886,2239
880,2239
867,2239
774,2239
767,2239
766,2239
737,2239
647,2239
638,2239
599,2239
598,2239
568,2239
505,2239
503,2239
494,2239
467,2239
440,2239
435,2239
421,2239
369,2239
271,2239
248,2239
225,2239
186,2239
146,2239
145,2239
12,2239
1349,2240
1319,2240
1310,2240
1266,2240
1214,2240
1163,2240
1061,2240
1045,2240
963,2240
935,2240
928,2240
910,2240
867,2240
833,2240
822,2240
792,2240
691,2240
687,2240
638,2240
589,2240
564,2240
472,2240
457,2240
260,2240
255,2240
212,2240
211,2240
204,2240
201,2240
168,2240
156,2240
154,2240
107,2240
12,2240
11,2240
1333,2241
1260,2241
1250,2241
1239,2241
1173,2241
1167,2241
1158,2241
1126,2241
1115,2241
1087,2241
1029,2241
992,2241
935,2241
910,2241
843,2241
769,2241
744,2241
687,2241
644,2241
624,2241
573,2241
561,2241
558,2241
480,2241
428,2241
421,2241
372,2241
357,2241
331,2241
321,2241
260,2241
211,2241
184,2241
54,2241
36,2241
1267,2242
1233,2242
1149,2242
1147,2242
1141,2242
1134,2242
1121,2242
1029,2242
1025,2242
1018,2242
1009,2242
976,2242
948,2242
944,2242
866,2242
842,2242
744,2242
718,2242
667,2242
540,2242
529,2242
517,2242
486,2242
379,2242
370,2242
339,2242
293,2242
256,2242
253,2242
237,2242
227,2242
165,2242
151,2242
88,2242
68,2242
0,2242
1307,2243
1281,2243
1214,2243
1181,2243
1163,2243
1115,2243
1087,2243
1057,2243
1051,2243
1021,2243
1017,2243
996,2243
992,2243
983,2243
965,2243
935,2243
910,2243
848,2243
833,2243
825,2243
795,2243
746,2243
744,2243
687,2243
644,2243
557,2243
493,2243
472,2243
462,2243
421,2243
348,2243
293,2243
260,2243
168,2243
88,2243
1263,2244
1255,2244
1249,2244
1231,2244
1161,2244
1157,2244
1115,2244
1106,2244
1057,2244
1053,2244
992,2244
965,2244
947,2244
941,2244
935,2244
867,2244
861,2244
833,2244
822,2244
819,2244
797,2244
769,2244
715,2244
687,2244
539,2244
501,2244
462,2244
301,2244
260,2244
255,2244
237,2244
204,2244
154,2244
143,2244
54,2244
1190,2245
736,2245
1222,2245
767,2245
1226,2245
734,2245
333,2245
1121,2245
1116,2245
505,2245
1242,2245
270,2245
654,2245
647,2245
235,2245
993,2245
592,2245
187,2245
557,2245
157,2245
949,2245
945,2245
543,2245
250,2245
143,2245
136,2245
1321,2245
525,2245
513,2245
88,2245
76,2245
1243,2245
433,2245
1220,2245
6,2245
1259,2246
1254,2246
1246,2246
1243,2246
1220,2246
1146,2246
1139,2246
1132,2246
1128,2246
1106,2246
1097,2246
1057,2246
1012,2246
930,2246
858,2246
855,2246
848,2246
826,2246
797,2246
687,2246
521,2246
504,2246
446,2246
333,2246
269,2246
267,2246
250,2246
235,2246
106,2246
82,2246
78,2246
51,2246
27,2246
15,2246
10,2246
1331,2247
1259,2247
1239,2247
1163,2247
1161,2247
1145,2247
1118,2247
1115,2247
1092,2247
1023,2247
1019,2247
1006,2247
963,2247
947,2247
941,2247
935,2247
910,2247
857,2247
855,2247
837,2247
822,2247
769,2247
763,2247
744,2247
717,2247
687,2247
637,2247
462,2247
287,2247
284,2247
255,2247
237,2247
212,2247
201,2247
44,2247
1303,2248
1275,2248
1241,2248
1234,2248
1097,2248
1074,2248
1059,2248
1056,2248
998,2248
919,2248
859,2248
838,2248
800,2248
792,2248
772,2248
715,2248
658,2248
653,2248
650,2248
623,2248
615,2248
540,2248
518,2248
437,2248
432,2248
425,2248
411,2248
345,2248
232,2248
178,2248
132,2248
86,2248
69,2248
37,2248
2,2248
1229,2249
1222,2249
1214,2249
1173,2249
1163,2249
1087,2249
1021,2249
1017,2249
1015,2249
992,2249
983,2249
965,2249
947,2249
941,2249
935,2249
910,2249
896,2249
840,2249
833,2249
795,2249
792,2249
746,2249
744,2249
717,2249
687,2249
638,2249
498,2249
472,2249
462,2249
385,2249
260,2249
227,2249
204,2249
154,2249
145,2249
1334,2250
1333,2250
1299,2250
1267,2250
1255,2250
1235,2250
1204,2250
1194,2250
1167,2250
1115,2250
1066,2250
963,2250
843,2250
825,2250
766,2250
744,2250
670,2250
607,2250
602,2250
583,2250
574,2250
571,2250
555,2250
534,2250
506,2250
462,2250
394,2250
385,2250
321,2250
320,2250
293,2250
243,2250
168,2250
93,2250
54,2250
1259,2252
1257,2252
1229,2252
1223,2252
1171,2252
1163,2252
1161,2252
1157,2252
1128,2252
1118,2252
1092,2252
992,2252
977,2252
965,2252
963,2252
947,2252
941,2252
922,2252
871,2252
868,2252
855,2252
848,2252
844,2252
833,2252
826,2252
819,2252
800,2252
715,2252
687,2252
501,2252
476,2252
462,2252
418,2252
272,2252
204,2252
1349,2253
1242,2253
1136,2253
1085,2253
1048,2253
886,2253
880,2253
774,2253
766,2253
746,2253
599,2253
598,2253
589,2253
565,2253
541,2253
519,2253
515,2253
503,2253
493,2253
489,2253
435,2253
421,2253
411,2253
369,2253
348,2253
325,2253
271,2253
251,2253
237,2253
225,2253
204,2253
154,2253
34,2253
23,2253
12,2253
1255,2254
1246,2254
1239,2254
1161,2254
1145,2254
1139,2254
1118,2254
1115,2254
1092,2254
1023,2254
1019,2254
1012,2254
1010,2254
1006,2254
996,2254
947,2254
941,2254
907,2254
857,2254
855,2254
851,2254
849,2254
844,2254
797,2254
717,2254
599,2254
439,2254
403,2254
287,2254
284,2254
271,2254
268,2254
90,2254
23,2254
15,2254
1198,2255
1162,2255
1136,2255
1002,2255
935,2255
928,2255
922,2255
871,2255
816,2255
788,2255
742,2255
545,2255
513,2255
503,2255
501,2255
424,2255
351,2255
289,2255
257,2255
238,2255
230,2255
223,2255
219,2255
218,2255
206,2255
201,2255
179,2255
172,2255
148,2255
142,2255
140,2255
132,2255
44,2255
24,2255
1,2255
1281,2256
1259,2256
1257,2256
1239,2256
1231,2256
1227,2256
1163,2256
1157,2256
1153,2256
1130,2256
1120,2256
1118,2256
1115,2256
1104,2256
1069,2256
1029,2256
973,2256
970,2256
947,2256
941,2256
910,2256
855,2256
854,2256
826,2256
819,2256
818,2256
797,2256
744,2256
715,2256
687,2256
564,2256
476,2256
287,2256
201,2256
156,2256
1328,2257
1244,2257
1226,2257
1121,2257
1116,2257
1113,2257
1107,2257
1084,2257
1082,2257
1054,2257
1014,2257
988,2257
945,2257
932,2257
881,2257
783,2257
764,2257
736,2257
654,2257
641,2257
562,2257
557,2257
523,2257
501,2257
438,2257
434,2257
373,2257
272,2257
250,2257
249,2257
241,2257
199,2257
157,2257
152,2257
136,2257
1349,2258
1315,2258
1263,2258
1249,2258
1246,2258
1239,2258
1160,2258
1077,2258
1067,2258
1045,2258
1029,2258
992,2258
963,2258
935,2258
867,2258
822,2258
663,2258
662,2258
589,2258
563,2258
457,2258
301,2258
255,2258
212,2258
211,2258
201,2258
198,2258
165,2258
156,2258
154,2258
134,2258
107,2258
23,2258
11,2258
7,2258
1349,2259
1338,2259
1108,2259
1071,2259
1045,2259
1042,2259
1033,2259
1011,2259
992,2259
935,2259
867,2259
824,2259
822,2259
728,2259
702,2259
688,2259
589,2259
563,2259
507,2259
457,2259
442,2259
404,2259
403,2259
392,2259
367,2259
365,2259
341,2259
324,2259
315,2259
301,2259
255,2259
212,2259
211,2259
154,2259
107,2259
1349,2260
1310,2260
1214,2260
1046,2260
1045,2260
1044,2260
1041,2260
1011,2260
1005,2260
992,2260
935,2260
928,2260
909,2260
867,2260
851,2260
824,2260
812,2260
800,2260
688,2260
676,2260
629,2260
589,2260
563,2260
457,2260
442,2260
293,2260
255,2260
212,2260
211,2260
156,2260
154,2260
134,2260
107,2260
49,2260
11,2260
1302,2261
1231,2261
1163,2261
928,2261
750,2261
643,2261
588,2261
563,2261
545,2261
527,2261
506,2261
496,2261
483,2261
468,2261
429,2261
375,2261
312,2261
237,2261
231,2261
223,2261
215,2261
210,2261
201,2261
193,2261
173,2261
150,2261
149,2261
138,2261
133,2261
122,2261
106,2261
74,2261
17,2261
12,2261
7,2261
1243,2262
1214,2262
1156,2262
1150,2262
1077,2262
1069,2262
1067,2262
1057,2262
1055,2262
1053,2262
1035,2262
1031,2262
1029,2262
1026,2262
1024,2262
1022,2262
992,2262
958,2262
937,2262
929,2262
909,2262
895,2262
874,2262
812,2262
801,2262
781,2262
772,2262
705,2262
663,2262
629,2262
603,2262
510,2262
495,2262
423,2262
295,2262
1283,2263
1163,2263
1033,2263
1000,2263
957,2263
935,2263
869,2263
723,2263
720,2263
563,2263
475,2263
474,2263
464,2263
419,2263
391,2263
255,2263
249,2263
248,2263
247,2263
231,2263
218,2263
212,2263
205,2263
201,2263
197,2263
165,2263
154,2263
137,2263
130,2263
128,2263
113,2263
110,2263
106,2263
100,2263
87,2263
1329,2264
1222,2264
1214,2264
1180,2264
1067,2264
1047,2264
1046,2264
1044,2264
1041,2264
1011,2264
1005,2264
992,2264
987,2264
979,2264
955,2264
935,2264
909,2264
895,2264
867,2264
851,2264
824,2264
812,2264
800,2264
775,2264
728,2264
688,2264
676,2264
629,2264
510,2264
442,2264
440,2264
349,2264
293,2264
59,2264
49,2264
1343,2265
1323,2265
1297,2265
1227,2265
1212,2265
1135,2265
1134,2265
1124,2265
1123,2265
1091,2265
1012,2265
952,2265
916,2265
907,2265
864,2265
837,2265
794,2265
697,2265
687,2265
619,2265
615,2265
526,2265
521,2265
446,2265
297,2265
275,2265
195,2265
182,2265
181,2265
111,2265
82,2265
78,2265
48,2265
37,2265
33,2265
1257,2266
1239,2266
1181,2266
1077,2266
1067,2266
1063,2266
1055,2266
1037,2266
1035,2266
992,2266
917,2266
915,2266
913,2266
909,2266
832,2266
817,2266
777,2266
772,2266
755,2266
719,2266
663,2266
629,2266
455,2266
446,2266
412,2266
352,2266
211,2266
157,2266
104,2266
45,2266
32,2266
31,2266
25,2266
24,2266
18,2266
1321,2267
1284,2267
1267,2267
1265,2267
1251,2267
1236,2267
1159,2267
1105,2267
1098,2267
1067,2267
1066,2267
1053,2267
1013,2267
1010,2267
938,2267
925,2267
909,2267
846,2267
839,2267
838,2267
821,2267
817,2267
806,2267
707,2267
696,2267
690,2267
675,2267
658,2267
644,2267
479,2267
352,2267
268,2267
128,2267
19,2267
13,2267
1339,2268
1280,2268
1240,2268
1194,2268
1178,2268
1069,2268
1059,2268
1031,2268
1029,2268
1022,2268
1014,2268
992,2268
975,2268
909,2268
815,2268
812,2268
800,2268
763,2268
726,2268
707,2268
687,2268
657,2268
612,2268
600,2268
479,2268
454,2268
361,2268
356,2268
301,2268
286,2268
186,2268
86,2268
85,2268
72,2268
52,2268
1338,2269
1241,2269
1230,2269
1209,2269
1193,2269
1161,2269
1147,2269
1092,2269
1054,2269
933,2269
926,2269
838,2269
817,2269
800,2269
711,2269
658,2269
650,2269
562,2269
557,2269
470,2269
452,2269
437,2269
433,2269
362,2269
352,2269
345,2269
296,2269
242,2269
237,2269
209,2269
107,2269
86,2269
82,2269
37,2269
28,2269
1349,2270
1283,2270
1163,2270
1094,2270
1067,2270
1047,2270
1045,2270
1033,2270
993,2270
992,2270
935,2270
866,2270
861,2270
839,2270
812,2270
800,2270
589,2270
563,2270
457,2270
391,2270
255,2270
228,2270
212,2270
211,2270
205,2270
201,2270
197,2270
165,2270
156,2270
154,2270
130,2270
121,2270
113,2270
107,2270
87,2270
1290,2271
1284,2271
1267,2271
1265,2271
1251,2271
1250,2271
1236,2271
1159,2271
1098,2271
1088,2271
1067,2271
1047,2271
1013,2271
1010,2271
938,2271
932,2271
916,2271
909,2271
846,2271
838,2271
806,2271
707,2271
696,2271
690,2271
686,2271
675,2271
658,2271
644,2271
447,2271
420,2271
417,2271
268,2271
22,2271
19,2271
13,2271
1294,2272
1114,2272
1064,2272
1060,2272
1045,2272
1035,2272
1029,2272
992,2272
963,2272
935,2272
917,2272
899,2272
887,2272
867,2272
802,2272
787,2272
781,2272
775,2272
771,2272
712,2272
663,2272
575,2272
563,2272
457,2272
453,2272
423,2272
301,2272
255,2272
212,2272
211,2272
198,2272
156,2272
154,2272
107,2272
101,2272
1243,2273
1203,2273
1193,2273
1071,2273
1069,2273
1055,2273
1044,2273
1042,2273
1041,2273
1020,2273
1011,2273
992,2273
987,2273
856,2273
814,2273
813,2273
728,2273
705,2273
665,2273
620,2273
507,2273
442,2273
404,2273
403,2273
392,2273
358,2273
349,2273
324,2273
303,2273
282,2273
277,2273
124,2273
59,2273
44,2273
9,2273
1349,2274
1310,2274
1057,2274
1045,2274
1035,2274
1029,2274
1024,2274
1010,2274
992,2274
935,2274
908,2274
900,2274
894,2274
867,2274
839,2274
792,2274
700,2274
663,2274
589,2274
563,2274
472,2274
457,2274
453,2274
324,2274
255,2274
212,2274
211,2274
197,2274
193,2274
165,2274
156,2274
154,2274
134,2274
107,2274
23,2274
1310,2275
1227,2275
1222,2275
1216,2275
1171,2275
1161,2275
1145,2275
1092,2275
1048,2275
948,2275
820,2275
797,2275
715,2275
709,2275
577,2275
565,2275
527,2275
519,2275
496,2275
462,2275
429,2275
422,2275
271,2275
254,2275
221,2275
214,2275
200,2275
198,2275
175,2275
149,2275
138,2275
122,2275
74,2275
17,2275
12,2275
1310,2276
1263,2276
1150,2276
1101,2276
1069,2276
1067,2276
1059,2276
1057,2276
1047,2276
1045,2276
1029,2276
992,2276
939,2276
937,2276
935,2276
928,2276
873,2276
867,2276
819,2276
792,2276
629,2276
600,2276
546,2276
472,2276
457,2276
454,2276
356,2276
301,2276
255,2276
212,2276
211,2276
156,2276
134,2276
40,2276
35,2276
1349,2277
1281,2277
1280,2277
1274,2277
1255,2277
1250,2277
1187,2277
1186,2277
1126,2277
1114,2277
1069,2277
1065,2277
1059,2277
1045,2277
1040,2277
1029,2277
992,2277
935,2277
928,2277
900,2277
867,2277
843,2277
792,2277
589,2277
563,2277
356,2277
271,2277
211,2277
160,2277
157,2277
156,2277
134,2277
107,2277
23,2277
12,2277
1349,2278
1310,2278
1055,2278
1045,2278
1042,2278
1033,2278
1029,2278
1011,2278
992,2278
963,2278
935,2278
867,2278
824,2278
822,2278
728,2278
702,2278
688,2278
629,2278
589,2278
563,2278
507,2278
457,2278
418,2278
404,2278
365,2278
324,2278
293,2278
255,2278
212,2278
211,2278
198,2278
156,2278
154,2278
134,2278
107,2278
1077,2279
1071,2279
1069,2279
1067,2279
1065,2279
1063,2279
1055,2279
1053,2279
1042,2279
1031,2279
1029,2279
1022,2279
1011,2279
992,2279
966,2279
937,2279
913,2279
909,2279
874,2279
830,2279
823,2279
781,2279
772,2279
726,2279
691,2279
663,2279
629,2279
549,2279
459,2279
455,2279
454,2279
301,2279
260,2279
204,2279
110,2279
1349,2280
1310,2280
1294,2280
1283,2280
1060,2280
1045,2280
1035,2280
1029,2280
1024,2280
992,2280
935,2280
917,2280
915,2280
900,2280
887,2280
867,2280
791,2280
781,2280
771,2280
589,2280
575,2280
563,2280
457,2280
423,2280
255,2280
212,2280
211,2280
204,2280
201,2280
193,2280
156,2280
154,2280
134,2280
107,2280
11,2280
1334,2281
1263,2281
1259,2281
1250,2281
1239,2281
1222,2281
1214,2281
1163,2281
1161,2281
1159,2281
1139,2281
1137,2281
1115,2281
1092,2281
1085,2281
1045,2281
1029,2281
1019,2281
996,2281
973,2281
935,2281
900,2281
855,2281
822,2281
687,2281
656,2281
592,2281
462,2281
421,2281
287,2281
284,2281
260,2281
201,2281
154,2281
23,2281
774,2282
766,2282
746,2282
68,2282
131,2282
598,2282
544,2282
498,2282
493,2282
489,2282
1283,2282
1271,2282
473,2282
471,2282
467,2282
441,2282
421,2282
1206,2282
1170,2282
369,2282
348,2282
1136,2282
269,2282
248,2282
228,2282
225,2282
218,2282
186,2282
155,2282
130,2282
121,2282
113,2282
87,2282
880,2282
816,2282
1335,2283
1306,2283
1302,2283
1293,2283
1236,2283
1228,2283
1160,2283
1076,2283
1060,2283
1048,2283
1029,2283
1003,2283
996,2283
976,2283
936,2283
911,2283
887,2283
828,2283
700,2283
696,2283
652,2283
423,2283
403,2283
399,2283
393,2283
364,2283
353,2283
342,2283
306,2283
297,2283
285,2283
269,2283
268,2283
112,2283
58,2283
1334,2284
1316,2284
1299,2284
1255,2284
1250,2284
1235,2284
1204,2284
1194,2284
1167,2284
1115,2284
1066,2284
963,2284
843,2284
825,2284
766,2284
744,2284
670,2284
629,2284
607,2284
602,2284
583,2284
574,2284
571,2284
555,2284
506,2284
480,2284
462,2284
385,2284
321,2284
320,2284
293,2284
243,2284
168,2284
93,2284
54,2284
1284,2285
1267,2285
1265,2285
1251,2285
1236,2285
1178,2285
1159,2285
1105,2285
1098,2285
1067,2285
1040,2285
1013,2285
1010,2285
938,2285
925,2285
909,2285
846,2285
839,2285
838,2285
821,2285
817,2285
806,2285
726,2285
707,2285
696,2285
690,2285
675,2285
658,2285
644,2285
498,2285
479,2285
352,2285
268,2285
19,2285
13,2285
1259,2286
1257,2286
1246,2286
1239,2286
1231,2286
1229,2286
1227,2286
1223,2286
1161,2286
1153,2286
1118,2286
1104,2286
1092,2286
977,2286
970,2286
947,2286
941,2286
935,2286
910,2286
871,2286
868,2286
867,2286
855,2286
849,2286
848,2286
833,2286
826,2286
819,2286
797,2286
715,2286
687,2286
501,2286
476,2286
462,2286
272,2286
1333,2287
1295,2287
1280,2287
1274,2287
1268,2287
1173,2287
1159,2287
1140,2287
1124,2287
1099,2287
1065,2287
1060,2287
1048,2287
1014,2287
842,2287
822,2287
821,2287
802,2287
769,2287
716,2287
686,2287
682,2287
679,2287
628,2287
598,2287
462,2287
332,2287
266,2287
204,2287
154,2287
145,2287
63,2287
56,2287
46,2287
24,2287
1349,2288
1315,2288
1281,2288
1249,2288
1246,2288
1239,2288
1160,2288
1077,2288
1067,2288
1045,2288
1029,2288
992,2288
963,2288
935,2288
867,2288
853,2288
822,2288
663,2288
662,2288
589,2288
563,2288
457,2288
301,2288
255,2288
212,2288
211,2288
201,2288
198,2288
156,2288
154,2288
134,2288
107,2288
53,2288
11,2288
7,2288
1301,2289
1250,2289
1222,2289
1215,2289
1167,2289
1137,2289
788,2289
707,2289
692,2289
617,2289
557,2289
544,2289
543,2289
489,2289
464,2289
424,2289
420,2289
395,2289
321,2289
269,2289
257,2289
239,2289
238,2289
230,2289
219,2289
218,2289
172,2289
165,2289
148,2289
142,2289
93,2289
90,2289
54,2289
23,2289
1,2289
1310,2290
1303,2290
1086,2290
1063,2290
1047,2290
1045,2290
1035,2290
1033,2290
1025,2290
1014,2290
1004,2290
992,2290
963,2290
935,2290
874,2290
867,2290
839,2290
800,2290
772,2290
703,2290
563,2290
510,2290
457,2290
376,2290
255,2290
212,2290
211,2290
197,2290
165,2290
164,2290
157,2290
156,2290
154,2290
107,2290
103,2290
611,2291
566,2291
556,2291
553,2291
1320,2291
513,2291
1274,2291
471,2291
569,2291
447,2291
420,2291
377,2291
1172,2291
1155,2291
1134,2291
1101,2291
270,2291
1065,2291
249,2291
1029,2291
224,2291
213,2291
209,2291
198,2291
189,2291
997,2291
981,2291
975,2291
156,2291
921,2291
93,2291
53,2291
29,2291
6,2291
3,2291
1321,2292
1259,2292
1246,2292
1239,2292
1186,2292
1161,2292
1159,2292
1145,2292
1139,2292
1135,2292
1118,2292
1115,2292
1010,2292
996,2292
992,2292
965,2292
963,2292
947,2292
941,2292
909,2292
838,2292
769,2292
663,2292
629,2292
595,2292
584,2292
442,2292
349,2292
324,2292
293,2292
284,2292
204,2292
154,2292
59,2292
45,2292
1333,2293
1275,2293
1259,2293
1250,2293
1212,2293
1179,2293
1167,2293
1163,2293
1150,2293
1133,2293
1087,2293
1061,2293
992,2293
965,2293
963,2293
848,2293
809,2293
794,2293
769,2293
744,2293
617,2293
535,2293
506,2293
480,2293
472,2293
462,2293
428,2293
321,2293
204,2293
160,2293
154,2293
145,2293
54,2293
44,2293
28,2293
707,2294
657,2294
569,2294
1339,2294
1330,2294
1288,2294
479,2294
1271,2294
460,2294
1240,2294
1192,2294
1178,2294
373,2294
323,2294
310,2294
1105,2294
1022,2294
1013,2294
159,2294
147,2294
141,2294
935,2294
932,2294
893,2294
90,2294
86,2294
85,2294
870,2294
72,2294
52,2294
815,2294
812,2294
5,2294
800,2294
0,2294
1324,2295
1279,2295
1278,2295
1265,2295
1258,2295
1245,2295
1213,2295
1181,2295
1149,2295
1140,2295
1108,2295
1099,2295
1087,2295
1076,2295
1060,2295
986,2295
963,2295
913,2295
828,2295
822,2295
782,2295
781,2295
773,2295
772,2295
768,2295
761,2295
759,2295
691,2295
663,2295
660,2295
338,2295
211,2295
104,2295
89,2295
84,2295
1302,2296
1163,2296
1110,2296
1087,2296
1022,2296
986,2296
979,2296
723,2296
539,2296
527,2296
506,2296
474,2296
468,2296
429,2296
422,2296
419,2296
375,2296
311,2296
261,2296
258,2296
224,2296
213,2296
210,2296
204,2296
198,2296
194,2296
193,2296
190,2296
154,2296
122,2296
106,2296
74,2296
61,2296
11,2296
3,2296
1284,2297
1255,2297
1242,2297
1239,2297
1229,2297
1181,2297
1159,2297
1139,2297
1133,2297
1092,2297
1012,2297
1010,2297
996,2297
993,2297
979,2297
965,2297
935,2297
851,2297
849,2297
844,2297
843,2297
797,2297
789,2297
767,2297
717,2297
647,2297
599,2297
535,2297
505,2297
457,2297
287,2297
284,2297
198,2297
151,2297
90,2297
1263,2298
1252,2298
1249,2298
1212,2298
1185,2298
1167,2298
1077,2298
1001,2298
992,2298
965,2298
963,2298
952,2298
910,2298
853,2298
848,2298
833,2298
825,2298
789,2298
776,2298
769,2298
755,2298
744,2298
644,2298
617,2298
535,2298
506,2298
480,2298
428,2298
321,2298
266,2298
260,2298
201,2298
168,2298
63,2298
53,2298
1335,2299
1217,2299
1203,2299
1145,2299
1136,2299
1074,2299
1042,2299
987,2299
955,2299
946,2299
895,2299
856,2299
824,2299
766,2299
728,2299
688,2299
667,2299
665,2299
629,2299
603,2299
507,2299
477,2299
442,2299
400,2299
392,2299
368,2299
347,2299
326,2299
308,2299
296,2299
282,2299
97,2299
80,2299
20,2299
18,2299
1334,2300
1255,2300
1237,2300
1235,2300
1204,2300
1194,2300
1167,2300
1115,2300
1066,2300
963,2300
938,2300
825,2300
766,2300
744,2300
670,2300
644,2300
609,2300
607,2300
602,2300
583,2300
574,2300
571,2300
555,2300
542,2300
506,2300
472,2300
462,2300
385,2300
321,2300
320,2300
293,2300
243,2300
168,2300
93,2300
54,2300
680,2301
312,2301
643,2301
641,2301
623,2301
202,2301
1013,2301
1310,2301
502,2301
483,2301
1277,2301
475,2301
464,2301
354,2301
437,2301
422,2301
1163,2301
269,2301
263,2301
246,2301
235,2301
221,2301
215,2301
173,2301
165,2301
928,2301
110,2301
904,2301
617,2301
79,2301
54,2301
847,2301
840,2301
16,2301
11,2301
0,2301
1338,2302
1329,2302
1284,2302
1071,2302
1042,2302
1011,2302
987,2302
856,2302
855,2302
846,2302
824,2302
814,2302
728,2302
717,2302
702,2302
688,2302
644,2302
620,2302
507,2302
442,2302
438,2302
418,2302
413,2302
411,2302
404,2302
384,2302
367,2302
349,2302
324,2302
317,2302
282,2302
178,2302
64,2302
49,2302
9,2302
1263,2303
1255,2303
1252,2303
1249,2303
1214,2303
1212,2303
1173,2303
1167,2303
1163,2303
1029,2303
965,2303
963,2303
935,2303
910,2303
848,2303
825,2303
789,2303
769,2303
744,2303
644,2303
617,2303
539,2303
535,2303
506,2303
480,2303
462,2303
428,2303
321,2303
266,2303
260,2303
204,2303
201,2303
193,2303
168,2303
39,2303
1284,2304
1255,2304
1246,2304
1239,2304
1229,2304
1194,2304
1163,2304
1161,2304
1150,2304
1124,2304
1122,2304
1115,2304
1087,2304
1010,2304
981,2304
965,2304
894,2304
867,2304
861,2304
855,2304
822,2304
769,2304
717,2304
691,2304
687,2304
637,2304
472,2304
462,2304
457,2304
380,2304
255,2304
212,2304
170,2304
168,2304
154,2304
1321,2305
1275,2305
1260,2305
1259,2305
1252,2305
1250,2305
1249,2305
1214,2305
1207,2305
1065,2305
1059,2305
1015,2305
1001,2305
926,2305
904,2305
848,2305
843,2305
801,2305
794,2305
762,2305
755,2305
698,2305
628,2305
577,2305
546,2305
539,2305
481,2305
363,2305
267,2305
266,2305
222,2305
157,2305
107,2305
61,2305
27,2305
1334,2306
1259,2306
1257,2306
1246,2306
1239,2306
1231,2306
1229,2306
1227,2306
1223,2306
1216,2306
1161,2306
1118,2306
1115,2306
1104,2306
1092,2306
977,2306
970,2306
947,2306
941,2306
935,2306
910,2306
871,2306
855,2306
848,2306
833,2306
826,2306
819,2306
797,2306
715,2306
687,2306
501,2306
476,2306
462,2306
442,2306
272,2306
1338,2307
1323,2307
1251,2307
1246,2307
1240,2307
1239,2307
1236,2307
1195,2307
1155,2307
1145,2307
1115,2307
1019,2307
1015,2307
996,2307
947,2307
941,2307
938,2307
837,2307
781,2307
696,2307
663,2307
644,2307
620,2307
619,2307
615,2307
447,2307
431,2307
403,2307
293,2307
284,2307
268,2307
237,2307
211,2307
24,2307
13,2307
1321,2310
1284,2310
1265,2310
1251,2310
1173,2310
1159,2310
1098,2310
1073,2310
1067,2310
1053,2310
1049,2310
1033,2310
1022,2310
1010,2310
992,2310
963,2310
938,2310
909,2310
851,2310
846,2310
839,2310
838,2310
788,2310
717,2310
696,2310
675,2310
658,2310
644,2310
479,2310
470,2310
335,2310
268,2310
260,2310
204,2310
13,2310
1284,2311
1280,2311
1259,2311
1239,2311
1227,2311
1214,2311
1160,2311
1155,2311
1145,2311
1133,2311
1118,2311
1115,2311
1114,2311
1065,2311
1057,2311
1029,2311
1019,2311
1012,2311
1010,2311
1006,2311
996,2311
993,2311
965,2311
963,2311
894,2311
851,2311
843,2311
462,2311
301,2311
287,2311
227,2311
168,2311
160,2311
143,2311
41,2311
1336,2312
1305,2312
1287,2312
1265,2312
1255,2312
1184,2312
1150,2312
1149,2312
1140,2312
1110,2312
1099,2312
1095,2312
1061,2312
1055,2312
1042,2312
1029,2312
1003,2312
992,2312
986,2312
963,2312
941,2312
851,2312
837,2312
660,2312
649,2312
634,2312
476,2312
382,2312
331,2312
303,2312
301,2312
231,2312
160,2312
98,2312
46,2312
1338,2313
1321,2313
1134,2313
1040,2313
987,2313
876,2313
861,2313
856,2313
727,2313
721,2313
628,2313
544,2313
534,2313
504,2313
499,2313
497,2313
484,2313
470,2313
456,2313
441,2313
416,2313
402,2313
392,2313
368,2313
345,2313
282,2313
248,2313
207,2313
184,2313
160,2313
134,2313
118,2313
82,2313
34,2313
23,2313
1351,2315
1333,2315
1321,2315
1320,2315
1133,2315
1084,2315
1082,2315
1040,2315
985,2315
876,2315
825,2315
821,2315
816,2315
606,2315
544,2315
502,2315
499,2315
497,2315
490,2315
484,2315
441,2315
440,2315
425,2315
421,2315
402,2315
345,2315
318,2315
248,2315
245,2315
218,2315
207,2315
129,2315
126,2315
118,2315
109,2315
1284,2316
1267,2316
1265,2316
1251,2316
1236,2316
1178,2316
1159,2316
1105,2316
1098,2316
1067,2316
1040,2316
1013,2316
1010,2316
938,2316
925,2316
909,2316
846,2316
839,2316
838,2316
821,2316
817,2316
806,2316
726,2316
707,2316
696,2316
690,2316
675,2316
658,2316
644,2316
498,2316
479,2316
352,2316
268,2316
19,2316
13,2316
1345,2317
1291,2317
1230,2317
1218,2317
1206,2317
1193,2317
1175,2317
1128,2317
1054,2317
933,2317
838,2317
826,2317
817,2317
815,2317
800,2317
711,2317
658,2317
657,2317
650,2317
552,2317
500,2317
456,2317
452,2317
437,2317
433,2317
431,2317
355,2317
352,2317
345,2317
340,2317
325,2317
274,2317
242,2317
227,2317
209,2317
973,2318
928,2318
867,2318
836,2318
753,2318
748,2318
655,2318
637,2318
625,2318
617,2318
609,2318
545,2318
541,2318
527,2318
509,2318
506,2318
501,2318
496,2318
493,2318
429,2318
388,2318
370,2318
272,2318
211,2318
204,2318
198,2318
170,2318
154,2318
149,2318
145,2318
138,2318
135,2318
54,2318
17,2318
12,2318
1214,2320
1180,2320
1168,2320
1158,2320
1136,2320
1135,2320
1072,2320
822,2320
816,2320
774,2320
769,2320
766,2320
746,2320
655,2320
638,2320
599,2320
598,2320
527,2320
503,2320
498,2320
493,2320
489,2320
429,2320
421,2320
378,2320
369,2320
271,2320
269,2320
237,2320
211,2320
180,2320
171,2320
145,2320
100,2320
93,2320
1302,2322
1301,2322
1286,2322
1090,2322
1088,2322
999,2322
990,2322
932,2322
925,2322
840,2322
753,2322
643,2322
623,2322
610,2322
592,2322
539,2322
502,2322
475,2322
449,2322
422,2322
378,2322
375,2322
372,2322
312,2322
254,2322
246,2322
223,2322
221,2322
214,2322
200,2322
191,2322
142,2322
138,2322
122,2322
17,2322
1345,2324
1294,2324
1243,2324
1234,2324
1195,2324
1149,2324
1141,2324
1092,2324
1083,2324
1042,2324
1035,2324
863,2324
803,2324
802,2324
787,2324
781,2324
777,2324
768,2324
761,2324
756,2324
740,2324
735,2324
725,2324
706,2324
679,2324
672,2324
485,2324
362,2324
344,2324
343,2324
231,2324
181,2324
101,2324
84,2324
58,2324
1338,2326
1247,2326
1246,2326
1060,2326
1020,2326
1014,2326
1006,2326
894,2326
888,2326
879,2326
864,2326
826,2326
807,2326
802,2326
787,2326
780,2326
775,2326
733,2326
728,2326
675,2326
674,2326
664,2326
626,2326
616,2326
615,2326
575,2326
427,2326
411,2326
403,2326
379,2326
277,2326
275,2326
260,2326
233,2326
181,2326
1283,2327
1271,2327
1206,2327
1180,2327
1131,2327
1107,2327
1062,2327
1040,2327
880,2327
816,2327
746,2327
692,2327
670,2327
598,2327
564,2327
544,2327
518,2327
499,2327
498,2327
497,2327
493,2327
489,2327
484,2327
473,2327
467,2327
441,2327
357,2327
348,2327
345,2327
248,2327
225,2327
218,2327
186,2327
146,2327
145,2327
1284,2328
1281,2328
1275,2328
1267,2328
1266,2328
1263,2328
1260,2328
1255,2328
1249,2328
1186,2328
1181,2328
1160,2328
1114,2328
1106,2328
1069,2328
1057,2328
1029,2328
1015,2328
1010,2328
992,2328
979,2328
900,2328
858,2328
843,2328
825,2328
744,2328
717,2328
267,2328
250,2328
227,2328
168,2328
107,2328
88,2328
32,2328
15,2328
362,2329
1311,2329
1182,2329
772,2329
768,2329
764,2329
759,2329
758,2329
1149,2329
1140,2329
738,2329
340,2329
1125,2329
723,2329
706,2329
705,2329
1099,2329
683,2329
1056,2329
249,2329
590,2329
570,2329
167,2329
950,2329
1343,2329
543,2329
529,2329
1322,2329
119,2329
104,2329
491,2329
486,2329
1276,2329
447,2329
823,2329
1349,2330
1236,2330
1206,2330
1121,2330
928,2330
880,2330
816,2330
766,2330
746,2330
707,2330
589,2330
540,2330
516,2330
498,2330
489,2330
473,2330
467,2330
441,2330
438,2330
248,2330
228,2330
218,2330
211,2330
208,2330
186,2330
157,2330
155,2330
145,2330
130,2330
121,2330
113,2330
107,2330
87,2330
68,2330
12,2330
1321,2331
1260,2331
1243,2331
1226,2331
1220,2331
1194,2331
1094,2331
1067,2331
1015,2331
1010,2331
993,2331
992,2331
975,2331
949,2331
891,2331
859,2331
845,2331
822,2331
744,2331
730,2331
716,2331
669,2331
658,2331
538,2331
522,2331
514,2331
462,2331
445,2331
397,2331
267,2331
186,2331
157,2331
107,2331
75,2331
30,2331
1327,2332
1300,2332
1275,2332
1250,2332
1235,2332
1213,2332
1210,2332
1156,2332
1138,2332
1111,2332
1089,2332
1081,2332
912,2332
847,2332
828,2332
791,2332
768,2332
753,2332
738,2332
689,2332
680,2332
636,2332
626,2332
621,2332
616,2332
606,2332
488,2332
448,2332
303,2332
280,2332
175,2332
145,2332
104,2332
102,2332
50,2332
1284,2333
1267,2333
1265,2333
1257,2333
1252,2333
1251,2333
1239,2333
1225,2333
1159,2333
1098,2333
1061,2333
1010,2333
992,2333
963,2333
938,2333
909,2333
851,2333
846,2333
839,2333
838,2333
806,2333
788,2333
719,2333
717,2333
696,2333
675,2333
658,2333
651,2333
644,2333
584,2333
479,2333
268,2333
260,2333
63,2333
13,2333
1277,2334
1250,2334
1240,2334
1239,2334
1207,2334
1167,2334
1156,2334
1115,2334
1105,2334
1087,2334
1022,2334
1013,2334
990,2334
966,2334
932,2334
925,2334
830,2334
769,2334
753,2334
719,2334
680,2334
480,2334
479,2334
457,2334
428,2334
426,2334
385,2334
341,2334
332,2334
215,2334
173,2334
79,2334
62,2334
42,2334
13,2334
1201,2335
1188,2335
1148,2335
1013,2335
1008,2335
1007,2335
925,2335
910,2335
860,2335
787,2335
747,2335
743,2335
643,2335
641,2335
528,2335
502,2335
480,2335
473,2335
465,2335
428,2335
375,2335
354,2335
330,2335
312,2335
246,2335
200,2335
174,2335
153,2335
141,2335
96,2335
95,2335
79,2335
53,2335
33,2335
1,2335
1302,2336
1295,2336
1284,2336
1281,2336
1277,2336
1267,2336
1263,2336
1240,2336
1200,2336
1197,2336
1186,2336
1178,2336
1105,2336
1088,2336
1022,2336
1013,2336
932,2336
893,2336
851,2336
846,2336
800,2336
753,2336
702,2336
680,2336
642,2336
480,2336
479,2336
434,2336
428,2336
367,2336
346,2336
266,2336
168,2336
72,2336
13,2336
1321,2337
1284,2337
1267,2337
1265,2337
1251,2337
1236,2337
1159,2337
1105,2337
1098,2337
1067,2337
1066,2337
1053,2337
1013,2337
1010,2337
938,2337
925,2337
909,2337
846,2337
839,2337
838,2337
821,2337
817,2337
806,2337
707,2337
696,2337
690,2337
675,2337
658,2337
644,2337
479,2337
352,2337
268,2337
128,2337
19,2337
13,2337
1321,2338
1284,2338
1267,2338
1265,2338
1251,2338
1236,2338
1159,2338
1105,2338
1098,2338
1067,2338
1024,2338
1022,2338
1013,2338
995,2338
992,2338
963,2338
938,2338
937,2338
909,2338
846,2338
838,2338
821,2338
788,2338
717,2338
696,2338
675,2338
658,2338
644,2338
482,2338
406,2338
321,2338
268,2338
105,2338
72,2338
13,2338
1301,2339
1292,2339
1215,2339
1207,2339
1183,2339
990,2339
966,2339
964,2339
961,2339
928,2339
925,2339
867,2339
842,2339
840,2339
835,2339
830,2339
788,2339
742,2339
719,2339
449,2339
424,2339
420,2339
257,2339
238,2339
230,2339
223,2339
219,2339
202,2339
172,2339
148,2339
142,2339
92,2339
79,2339
24,2339
1,2339
1321,2340
1284,2340
1267,2340
1265,2340
1251,2340
1236,2340
1159,2340
1105,2340
1098,2340
1067,2340
1066,2340
1053,2340
1013,2340
1010,2340
938,2340
925,2340
909,2340
846,2340
839,2340
838,2340
821,2340
817,2340
806,2340
707,2340
696,2340
690,2340
675,2340
658,2340
644,2340
479,2340
352,2340
268,2340
128,2340
19,2340
13,2340
1284,2341
1267,2341
1265,2341
1251,2341
1236,2341
1159,2341
1105,2341
1098,2341
1067,2341
1053,2341
1013,2341
1010,2341
938,2341
932,2341
925,2341
909,2341
846,2341
839,2341
838,2341
821,2341
817,2341
806,2341
707,2341
696,2341
690,2341
675,2341
658,2341
644,2341
479,2341
352,2341
268,2341
128,2341
54,2341
19,2341
13,2341
1349,2342
1338,2342
1321,2342
1310,2342
1243,2342
1226,2342
1045,2342
1033,2342
1029,2342
993,2342
963,2342
949,2342
935,2342
928,2342
867,2342
845,2342
744,2342
628,2342
589,2342
563,2342
470,2342
457,2342
267,2342
255,2342
223,2342
212,2342
211,2342
198,2342
157,2342
156,2342
154,2342
134,2342
107,2342
100,2342
7,2342
1296,2343
1212,2343
1180,2343
1136,2343
1001,2343
928,2343
825,2343
789,2343
754,2343
746,2343
655,2343
638,2343
625,2343
609,2343
599,2343
578,2343
545,2343
544,2343
539,2343
531,2343
527,2343
520,2343
518,2343
511,2343
509,2343
506,2343
493,2343
480,2343
441,2343
429,2343
258,2343
193,2343
93,2343
67,2343
11,2343
1284,2344
1259,2344
1257,2344
1246,2344
1229,2344
1216,2344
1212,2344
1161,2344
1133,2344
1092,2344
1010,2344
996,2344
992,2344
986,2344
965,2344
952,2344
947,2344
941,2344
910,2344
894,2344
868,2344
851,2344
844,2344
838,2344
826,2344
817,2344
769,2344
744,2344
717,2344
658,2344
521,2344
481,2344
301,2344
160,2344
154,2344
1321,2345
1263,2345
1243,2345
1226,2345
1220,2345
1181,2345
1173,2345
1147,2345
1133,2345
1099,2345
1087,2345
1010,2345
993,2345
992,2345
949,2345
913,2345
873,2345
845,2345
805,2345
781,2345
744,2345
730,2345
691,2345
629,2345
601,2345
600,2345
559,2345
546,2345
490,2345
410,2345
380,2345
267,2345
157,2345
107,2345
30,2345
1321,2346
1243,2346
1226,2346
1223,2346
1214,2346
1173,2346
1146,2346
1139,2346
1104,2346
1033,2346
993,2346
979,2346
970,2346
949,2346
947,2346
941,2346
871,2346
868,2346
845,2346
769,2346
673,2346
513,2346
470,2346
463,2346
406,2346
380,2346
356,2346
157,2346
145,2346
107,2346
88,2346
76,2346
61,2346
30,2346
7,2346
1296,2347
1163,2347
1059,2347
1048,2347
1001,2347
930,2347
928,2347
876,2347
869,2347
868,2347
867,2347
750,2347
715,2347
643,2347
617,2347
580,2347
554,2347
545,2347
544,2347
502,2347
496,2347
487,2347
483,2347
464,2347
440,2347
430,2347
402,2347
311,2347
271,2347
263,2347
223,2347
201,2347
166,2347
149,2347
93,2347
1284,2348
1281,2348
1278,2348
1275,2348
1266,2348
1263,2348
1260,2348
1255,2348
1249,2348
1240,2348
1227,2348
1186,2348
1181,2348
1106,2348
1096,2348
1057,2348
1022,2348
1015,2348
1013,2348
1010,2348
992,2348
979,2348
894,2348
859,2348
843,2348
825,2348
801,2348
772,2348
698,2348
646,2348
479,2348
310,2348
168,2348
52,2348
32,2348
1327,2349
1320,2349
1214,2349
1171,2349
1152,2349
1115,2349
963,2349
950,2349
843,2349
820,2349
810,2349
801,2349
792,2349
776,2349
762,2349
732,2349
621,2349
605,2349
588,2349
407,2349
370,2349
334,2349
270,2349
236,2349
235,2349
208,2349
198,2349
187,2349
180,2349
157,2349
143,2349
100,2349
76,2349
63,2349
7,2349
1321,2350
1266,2350
1249,2350
1243,2350
1233,2350
1226,2350
1220,2350
1150,2350
1055,2350
1029,2350
993,2350
992,2350
824,2350
794,2350
744,2350
730,2350
728,2350
688,2350
681,2350
629,2350
601,2350
566,2350
559,2350
513,2350
507,2350
490,2350
470,2350
410,2350
380,2350
301,2350
267,2350
157,2350
107,2350
88,2350
30,2350
1243,2351
1087,2351
876,2351
869,2351
836,2351
643,2351
642,2351
617,2351
578,2351
565,2351
539,2351
527,2351
519,2351
502,2351
475,2351
468,2351
464,2351
429,2351
422,2351
386,2351
375,2351
372,2351
346,2351
280,2351
221,2351
204,2351
191,2351
154,2351
149,2351
143,2351
138,2351
133,2351
79,2351
17,2351
12,2351
171,2352
1183,2352
387,2352
90,2352
141,2352
231,2352
223,2352
210,2352
207,2352
198,2352
187,2352
976,2352
159,2352
1348,2352
1344,2352
147,2352
935,2352
917,2352
1310,2352
515,2352
93,2352
489,2352
486,2352
1274,2352
862,2352
460,2352
457,2352
762,2352
848,2352
447,2352
1239,2352
841,2352
1216,2352
1199,2352
5,2352
1262,2353
1259,2353
1257,2353
1239,2353
1231,2353
1229,2353
1223,2353
1185,2353
1171,2353
1153,2353
1144,2353
1137,2353
1122,2353
1120,2353
1118,2353
943,2353
930,2353
922,2353
871,2353
868,2353
854,2353
841,2353
822,2353
818,2353
762,2353
638,2353
562,2353
501,2353
476,2353
439,2353
370,2353
272,2353
237,2353
159,2353
54,2353
53,2355
701,2355
698,2355
569,2355
518,2355
1310,2355
486,2355
472,2355
1260,2355
457,2355
423,2355
1216,2355
1214,2355
1199,2355
1183,2355
1161,2355
1096,2355
1092,2355
1058,2355
1021,2355
223,2355
1018,2355
1015,2355
207,2355
198,2355
187,2355
976,2355
178,2355
159,2355
147,2355
141,2355
935,2355
862,2355
848,2355
823,2355
1349,2356
1310,2356
1069,2356
1057,2356
1045,2356
1033,2356
1031,2356
1029,2356
1014,2356
992,2356
963,2356
935,2356
928,2356
867,2356
861,2356
839,2356
822,2356
663,2356
589,2356
563,2356
526,2356
495,2356
457,2356
301,2356
255,2356
212,2356
211,2356
207,2356
198,2356
197,2356
165,2356
156,2356
154,2356
134,2356
107,2356
1284,2357
1267,2357
1265,2357
1251,2357
1236,2357
1159,2357
1105,2357
1098,2357
1067,2357
1013,2357
1010,2357
938,2357
932,2357
925,2357
909,2357
846,2357
839,2357
838,2357
821,2357
817,2357
806,2357
726,2357
707,2357
696,2357
690,2357
675,2357
658,2357
644,2357
479,2357
352,2357
268,2357
128,2357
54,2357
19,2357
13,2357
1336,2358
1329,2358
1317,2358
1285,2358
1193,2358
1111,2358
1071,2358
1055,2358
989,2358
814,2358
813,2358
785,2358
728,2358
679,2358
595,2358
593,2358
550,2358
507,2358
477,2358
466,2358
451,2358
442,2358
404,2358
392,2358
367,2358
365,2358
347,2358
340,2358
329,2358
324,2358
188,2358
183,2358
124,2358
55,2358
9,2358
1301,2359
1246,2359
1239,2359
1214,2359
1183,2359
1124,2359
1090,2359
1088,2359
1029,2359
1014,2359
968,2359
966,2359
963,2359
935,2359
932,2359
900,2359
867,2359
840,2359
830,2359
788,2359
769,2359
719,2359
717,2359
628,2359
457,2359
434,2359
428,2359
372,2359
260,2359
255,2359
223,2359
212,2359
198,2359
42,2359
24,2359
1280,2360
1250,2360
1187,2360
1179,2360
1172,2360
1160,2360
1129,2360
1122,2360
1114,2360
1101,2360
1075,2360
1074,2360
1065,2360
1059,2360
922,2360
861,2360
776,2360
763,2360
731,2360
666,2360
576,2360
500,2360
478,2360
456,2360
454,2360
406,2360
290,2360
273,2360
256,2360
233,2360
198,2360
168,2360
146,2360
102,2360
34,2360
1283,2361
1271,2361
1206,2361
880,2361
816,2361
774,2361
766,2361
746,2361
716,2361
670,2361
598,2361
518,2361
498,2361
489,2361
473,2361
471,2361
467,2361
441,2361
435,2361
377,2361
369,2361
348,2361
269,2361
248,2361
228,2361
225,2361
218,2361
186,2361
167,2361
145,2361
131,2361
130,2361
121,2361
113,2361
87,2361
1349,2362
1333,2362
1310,2362
1061,2362
1045,2362
935,2362
928,2362
867,2362
862,2362
839,2362
822,2362
655,2362
589,2362
563,2362
518,2362
472,2362
457,2362
255,2362
237,2362
231,2362
212,2362
211,2362
210,2362
204,2362
201,2362
198,2362
189,2362
170,2362
165,2362
160,2362
156,2362
154,2362
107,2362
12,2362
11,2362
1349,2363
1302,2363
1204,2363
850,2363
774,2363
766,2363
746,2363
598,2363
589,2363
580,2363
541,2363
536,2363
520,2363
517,2363
515,2363
508,2363
493,2363
473,2363
407,2363
377,2363
375,2363
369,2363
271,2363
269,2363
255,2363
253,2363
251,2363
243,2363
237,2363
211,2363
201,2363
184,2363
154,2363
12,2363
7,2363
1321,2364
1283,2364
1047,2364
1045,2364
1033,2364
992,2364
977,2364
963,2364
935,2364
866,2364
861,2364
851,2364
839,2364
812,2364
800,2364
792,2364
654,2364
529,2364
523,2364
510,2364
503,2364
475,2364
457,2364
328,2364
298,2364
250,2364
205,2364
204,2364
201,2364
197,2364
193,2364
165,2364
157,2364
156,2364
144,2364
1269,2365
1161,2365
1150,2365
1092,2365
933,2365
927,2365
839,2365
711,2365
658,2365
650,2365
562,2365
474,2365
452,2365
437,2365
422,2365
419,2365
362,2365
261,2365
254,2365
247,2365
227,2365
226,2365
224,2365
221,2365
213,2365
209,2365
199,2365
194,2365
190,2365
166,2365
150,2365
137,2365
122,2365
86,2365
74,2365
1333,2366
1281,2366
1278,2366
1255,2366
1250,2366
1249,2366
1214,2366
1186,2366
1133,2366
1114,2366
1101,2366
1061,2366
1050,2366
1048,2366
966,2366
868,2366
840,2366
830,2366
801,2366
794,2366
744,2366
720,2366
687,2366
513,2366
464,2366
269,2366
260,2366
198,2366
160,2366
157,2366
152,2366
149,2366
122,2366
118,2366
24,2366
1310,2367
1277,2367
1013,2367
957,2367
861,2367
643,2367
641,2367
527,2367
502,2367
475,2367
468,2367
437,2367
429,2367
391,2367
386,2367
375,2367
354,2367
263,2367
260,2367
246,2367
228,2367
223,2367
221,2367
217,2367
205,2367
197,2367
165,2367
154,2367
140,2367
128,2367
113,2367
110,2367
106,2367
79,2367
1,2367
1267,2368
1084,2368
1002,2368
816,2368
711,2368
604,2368
602,2368
580,2368
574,2368
561,2368
534,2368
528,2368
524,2368
517,2368
513,2368
501,2368
482,2368
452,2368
441,2368
394,2368
357,2368
273,2368
247,2368
219,2368
206,2368
194,2368
172,2368
153,2368
141,2368
140,2368
137,2368
136,2368
96,2368
90,2368
3,2368
1340,2369
1325,2369
1264,2369
1259,2369
1257,2369
1229,2369
1212,2369
1177,2369
1161,2369
1118,2369
1061,2369
965,2369
963,2369
947,2369
941,2369
910,2369
868,2369
855,2369
833,2369
826,2369
792,2369
715,2369
687,2369
601,2369
559,2369
501,2369
484,2369
476,2369
410,2369
360,2369
272,2369
250,2369
160,2369
143,2369
107,2369
1237,2370
1235,2370
1189,2370
1136,2370
992,2370
984,2370
963,2370
948,2370
865,2370
746,2370
744,2370
670,2370
604,2370
580,2370
574,2370
542,2370
539,2370
534,2370
524,2370
517,2370
506,2370
483,2370
473,2370
421,2370
321,2370
293,2370
273,2370
271,2370
261,2370
251,2370
248,2370
193,2370
145,2370
114,2370
54,2370
1168,2371
1156,2371
1136,2371
1123,2371
1122,2371
1061,2371
1050,2371
880,2371
850,2371
841,2371
816,2371
774,2371
766,2371
760,2371
737,2371
732,2371
716,2371
637,2371
599,2371
598,2371
536,2371
489,2371
421,2371
369,2371
271,2371
236,2371
225,2371
180,2371
171,2371
160,2371
159,2371
145,2371
100,2371
34,2371
12,2371
1349,2372
1310,2372
1045,2372
973,2372
963,2372
935,2372
867,2372
862,2372
861,2372
839,2372
792,2372
589,2372
563,2372
472,2372
457,2372
255,2372
237,2372
212,2372
211,2372
210,2372
205,2372
201,2372
198,2372
197,2372
193,2372
170,2372
157,2372
156,2372
154,2372
149,2372
134,2372
107,2372
12,2372
11,2372
7,2372
1351,2373
1274,2373
1246,2373
1242,2373
1239,2373
1214,2373
1110,2373
1101,2373
1061,2373
986,2373
975,2373
767,2373
732,2373
720,2373
687,2373
647,2373
638,2373
588,2373
505,2373
454,2373
407,2373
270,2373
269,2373
249,2373
236,2373
235,2373
198,2373
180,2373
160,2373
152,2373
100,2373
93,2373
74,2373
34,2373
11,2373
1321,2374
1263,2374
1229,2374
1227,2374
1223,2374
1173,2374
1094,2374
1085,2374
1072,2374
1067,2374
1048,2374
1047,2374
1033,2374
996,2374
993,2374
992,2374
979,2374
949,2374
935,2374
891,2374
871,2374
851,2374
839,2374
822,2374
789,2374
769,2374
663,2374
462,2374
457,2374
301,2374
260,2374
255,2374
212,2374
204,2374
201,2374
1349,2375
1310,2375
1101,2375
1045,2375
1029,2375
973,2375
935,2375
928,2375
867,2375
862,2375
843,2375
792,2375
744,2375
663,2375
607,2375
589,2375
563,2375
515,2375
457,2375
332,2375
309,2375
301,2375
271,2375
255,2375
223,2375
212,2375
211,2375
201,2375
198,2375
187,2375
156,2375
154,2375
134,2375
107,2375
81,2375
766,2376
746,2376
68,2376
131,2376
598,2376
568,2376
544,2376
540,2376
504,2376
498,2376
489,2376
1283,2376
1271,2376
473,2376
467,2376
441,2376
1206,2376
1170,2376
369,2376
348,2376
271,2376
248,2376
228,2376
225,2376
218,2376
186,2376
155,2376
146,2376
130,2376
121,2376
113,2376
93,2376
87,2376
880,2376
816,2376
1321,2377
1263,2377
1229,2377
1227,2377
1223,2377
1173,2377
1163,2377
1161,2377
1094,2377
1085,2377
1072,2377
1048,2377
1033,2377
993,2377
979,2377
949,2377
935,2377
891,2377
871,2377
851,2377
839,2377
825,2377
822,2377
819,2377
789,2377
769,2377
563,2377
462,2377
457,2377
260,2377
255,2377
212,2377
204,2377
107,2377
7,2377
1321,2378
1257,2378
1250,2378
1212,2378
1179,2378
1172,2378
1147,2378
1124,2378
1122,2378
1101,2378
1075,2378
1065,2378
1033,2378
981,2378
949,2378
943,2378
922,2378
873,2378
845,2378
839,2378
691,2378
666,2378
600,2378
513,2378
503,2378
476,2378
456,2378
306,2378
267,2378
235,2378
233,2378
197,2378
185,2378
107,2378
61,2378
1349,2379
1327,2379
1310,2379
1214,2379
1157,2379
1101,2379
1069,2379
1045,2379
1029,2379
935,2379
900,2379
867,2379
819,2379
792,2379
744,2379
628,2379
621,2379
607,2379
589,2379
588,2379
580,2379
539,2379
529,2379
515,2379
457,2379
293,2379
271,2379
255,2379
223,2379
212,2379
211,2379
198,2379
156,2379
134,2379
107,2379
1349,2380
1281,2380
1275,2380
1266,2380
1263,2380
1260,2380
1249,2380
1248,2380
1186,2380
1181,2380
1176,2380
1106,2380
1096,2380
1045,2380
1029,2380
1015,2380
935,2380
867,2380
859,2380
843,2380
822,2380
801,2380
772,2380
698,2380
646,2380
589,2380
443,2380
255,2380
212,2380
211,2380
207,2380
165,2380
157,2380
156,2380
107,2380
1338,2381
1321,2381
1314,2381
1283,2381
1263,2381
1254,2381
1239,2381
1175,2381
1173,2381
1150,2381
1129,2381
1110,2381
1101,2381
1087,2381
1029,2381
986,2381
965,2381
949,2381
947,2381
941,2381
918,2381
873,2381
851,2381
845,2381
762,2381
712,2381
691,2381
600,2381
546,2381
470,2381
447,2381
331,2381
286,2381
75,2381
53,2381
1349,2382
1344,2382
1296,2382
1275,2382
1180,2382
1100,2382
955,2382
880,2382
814,2382
774,2382
746,2382
737,2382
716,2382
638,2382
629,2382
589,2382
580,2382
568,2382
515,2382
512,2382
487,2382
471,2382
421,2382
387,2382
369,2382
269,2382
225,2382
189,2382
181,2382
171,2382
145,2382
129,2382
59,2382
36,2382
12,2382
1234,2383
1216,2383
1212,2383
1194,2383
1145,2383
1134,2383
1130,2383
1124,2383
1122,2383
1118,2383
1056,2383
1050,2383
1048,2383
1001,2383
975,2383
952,2383
947,2383
943,2383
941,2383
881,2383
855,2383
844,2383
832,2383
789,2383
715,2383
714,2383
521,2383
490,2383
380,2383
370,2383
327,2383
222,2383
168,2383
48,2383
6,2383
1349,2384
1277,2384
1239,2384
1214,2384
1156,2384
1151,2384
1150,2384
1029,2384
966,2384
950,2384
895,2384
867,2384
862,2384
861,2384
753,2384
697,2384
609,2384
589,2384
476,2384
472,2384
422,2384
391,2384
385,2384
330,2384
253,2384
237,2384
227,2384
221,2384
215,2384
210,2384
184,2384
173,2384
156,2384
145,2384
91,2384
1302,2385
1301,2385
1286,2385
1183,2385
1142,2385
1090,2385
1013,2385
999,2385
990,2385
925,2385
753,2385
747,2385
680,2385
643,2385
642,2385
641,2385
610,2385
531,2385
502,2385
449,2385
437,2385
426,2385
386,2385
375,2385
372,2385
354,2385
346,2385
316,2385
312,2385
263,2385
246,2385
223,2385
174,2385
79,2385
74,2385
1154,2386
1062,2386
1047,2386
945,2386
928,2386
870,2386
841,2386
792,2386
678,2386
554,2386
545,2386
489,2386
469,2386
468,2386
460,2386
433,2386
391,2386
262,2386
261,2386
231,2386
218,2386
208,2386
206,2386
202,2386
201,2386
194,2386
193,2386
172,2386
165,2386
159,2386
144,2386
130,2386
128,2386
110,2386
106,2386
1293,2387
1247,2387
1174,2387
1140,2387
1135,2387
1123,2387
1076,2387
1065,2387
1064,2387
1060,2387
1039,2387
1035,2387
1034,2387
1009,2387
934,2387
879,2387
782,2387
781,2387
780,2387
777,2387
775,2387
773,2387
771,2387
750,2387
733,2387
628,2387
575,2387
539,2387
526,2387
453,2387
423,2387
399,2387
318,2387
309,2387
303,2387
1341,2388
1280,2388
1254,2388
1249,2388
1220,2388
1122,2388
1101,2388
1096,2388
1050,2388
1048,2388
981,2388
895,2388
873,2388
861,2388
822,2388
808,2388
763,2388
691,2388
546,2388
526,2388
513,2388
507,2388
462,2388
454,2388
421,2388
380,2388
356,2388
344,2388
267,2388
233,2388
227,2388
215,2388
175,2388
173,2388
157,2388
1342,2389
1329,2389
1306,2389
1276,2389
1241,2389
1201,2389
1126,2389
1077,2389
1072,2389
1039,2389
1019,2389
992,2389
965,2389
843,2389
837,2389
832,2389
781,2389
769,2389
724,2389
638,2389
629,2389
615,2389
575,2389
568,2389
465,2389
461,2389
444,2389
423,2389
391,2389
384,2389
357,2389
211,2389
189,2389
168,2389
80,2389
1275,2390
1259,2390
1257,2390
1239,2390
1231,2390
1229,2390
1227,2390
1223,2390
1218,2390
1161,2390
1157,2390
1130,2390
1120,2390
1118,2390
965,2390
947,2390
941,2390
922,2390
910,2390
871,2390
857,2390
855,2390
854,2390
849,2390
844,2390
833,2390
797,2390
717,2390
663,2390
562,2390
501,2390
489,2390
476,2390
439,2390
272,2390
1152,2391
984,2391
973,2391
948,2391
836,2391
774,2391
766,2391
721,2391
580,2391
574,2391
571,2391
568,2391
541,2391
517,2391
515,2391
508,2391
503,2391
494,2391
473,2391
440,2391
422,2391
369,2391
271,2391
251,2391
225,2391
221,2391
156,2391
153,2391
150,2391
146,2391
145,2391
141,2391
135,2391
122,2391
34,2391
1321,2392
1284,2392
1267,2392
1265,2392
1251,2392
1236,2392
1159,2392
1098,2392
1067,2392
1014,2392
1010,2392
938,2392
909,2392
869,2392
846,2392
839,2392
838,2392
817,2392
806,2392
707,2392
696,2392
692,2392
690,2392
675,2392
658,2392
644,2392
617,2392
479,2392
464,2392
352,2392
321,2392
268,2392
202,2392
19,2392
13,2392
1319,2393
1262,2393
1212,2393
1163,2393
1115,2393
1061,2393
1014,2393
986,2393
963,2393
935,2393
910,2393
867,2393
833,2393
744,2393
717,2393
691,2393
687,2393
638,2393
472,2393
462,2393
434,2393
321,2393
260,2393
255,2393
250,2393
212,2393
211,2393
204,2393
201,2393
168,2393
160,2393
154,2393
128,2393
44,2393
11,2393
709,2394
633,2394
208,2394
214,2394
556,2394
553,2394
1343,2394
527,2394
1330,2394
429,2394
404,2394
378,2394
1128,2394
325,2394
1097,2394
293,2394
289,2394
1085,2394
260,2394
254,2394
220,2394
200,2394
191,2394
122,2394
910,2394
106,2394
886,2394
855,2394
46,2394
39,2394
37,2394
821,2394
820,2394
805,2394
4,2394
1344,2395
1332,2395
1320,2395
1312,2395
1007,2395
982,2395
980,2395
972,2395
962,2395
916,2395
882,2395
727,2395
724,2395
671,2395
639,2395
593,2395
575,2395
552,2395
550,2395
548,2395
512,2395
446,2395
387,2395
282,2395
276,2395
274,2395
176,2395
111,2395
109,2395
105,2395
52,2395
47,2395
44,2395
31,2395
25,2395
1321,2396
1259,2396
1229,2396
1227,2396
1218,2396
1157,2396
1145,2396
1124,2396
1118,2396
1115,2396
1087,2396
1069,2396
1029,2396
1019,2396
1006,2396
996,2396
970,2396
965,2396
952,2396
947,2396
922,2396
918,2396
857,2396
854,2396
849,2396
822,2396
769,2396
744,2396
687,2396
564,2396
472,2396
421,2396
204,2396
201,2396
156,2396
1340,2397
1325,2397
1321,2397
1269,2397
1264,2397
1259,2397
1243,2397
1229,2397
1226,2397
1177,2397
993,2397
965,2397
910,2397
896,2397
868,2397
833,2397
826,2397
746,2397
647,2397
638,2397
601,2397
559,2397
506,2397
481,2397
463,2397
410,2397
380,2397
363,2397
360,2397
322,2397
321,2397
267,2397
157,2397
107,2397
30,2397
1326,2398
1319,2398
1307,2398
1283,2398
1217,2398
1205,2398
1143,2398
1127,2398
1051,2398
979,2398
896,2398
893,2398
880,2398
860,2398
766,2398
723,2398
656,2398
640,2398
632,2398
379,2398
368,2398
357,2398
259,2398
255,2398
246,2398
231,2398
218,2398
212,2398
201,2398
193,2398
175,2398
174,2398
123,2398
99,2398
70,2398
1275,2399
1259,2399
1257,2399
1239,2399
1231,2399
1229,2399
1227,2399
1223,2399
1161,2399
1157,2399
1130,2399
1120,2399
1118,2399
965,2399
947,2399
941,2399
922,2399
910,2399
871,2399
857,2399
855,2399
854,2399
849,2399
844,2399
833,2399
797,2399
717,2399
562,2399
489,2399
476,2399
462,2399
439,2399
272,2399
110,2399
38,2399
1353,2400
1280,2400
1250,2400
1232,2400
1187,2400
1160,2400
1097,2400
1074,2400
1054,2400
1040,2400
1007,2400
962,2400
807,2400
752,2400
695,2400
668,2400
544,2400
530,2400
499,2400
495,2400
478,2400
436,2400
416,2400
374,2400
242,2400
240,2400
233,2400
218,2400
203,2400
163,2400
134,2400
119,2400
102,2400
47,2400
14,2400
53,2403
709,2403
701,2403
698,2403
569,2403
518,2403
1310,2403
486,2403
472,2403
1260,2403
457,2403
423,2403
1216,2403
1214,2403
1199,2403
1183,2403
1161,2403
1096,2403
1092,2403
1058,2403
1021,2403
1018,2403
1015,2403
207,2403
187,2403
976,2403
178,2403
159,2403
147,2403
141,2403
935,2403
877,2403
862,2403
848,2403
823,2403
1332,2404
1314,2404
1312,2404
1311,2404
1291,2404
1261,2404
1201,2404
1008,2404
1007,2404
980,2404
962,2404
727,2404
657,2404
639,2404
614,2404
552,2404
548,2404
489,2404
465,2404
458,2404
412,2404
361,2404
348,2404
278,2404
276,2404
274,2404
186,2404
176,2404
105,2404
94,2404
52,2404
47,2404
32,2404
31,2404
25,2404
1283,2405
1206,2405
746,2405
670,2405
655,2405
638,2405
539,2405
527,2405
518,2405
506,2405
493,2405
489,2405
472,2405
441,2405
429,2405
421,2405
391,2405
348,2405
251,2405
248,2405
237,2405
228,2405
218,2405
211,2405
171,2405
147,2405
145,2405
135,2405
130,2405
128,2405
121,2405
113,2405
93,2405
87,2405
12,2405
1325,2408
1212,2408
1177,2408
1115,2408
1077,2408
1061,2408
992,2408
965,2408
959,2408
910,2408
820,2408
792,2408
789,2408
753,2408
744,2408
687,2408
655,2408
579,2408
554,2408
545,2408
535,2408
506,2408
480,2408
360,2408
321,2408
293,2408
266,2408
260,2408
204,2408
160,2408
159,2408
154,2408
67,2408
54,2408
53,2408
1306,2409
1194,2409
1168,2409
1136,2409
816,2409
774,2409
767,2409
766,2409
737,2409
716,2409
670,2409
647,2409
638,2409
599,2409
515,2409
503,2409
494,2409
489,2409
467,2409
435,2409
421,2409
407,2409
377,2409
369,2409
367,2409
297,2409
289,2409
271,2409
269,2409
225,2409
218,2409
186,2409
145,2409
93,2409
6,2409
1301,2410
1242,2410
1013,2410
869,2410
840,2410
747,2410
720,2410
647,2410
643,2410
641,2410
557,2410
527,2410
505,2410
502,2410
475,2410
468,2410
464,2410
437,2410
429,2410
354,2410
270,2410
263,2410
260,2410
249,2410
235,2410
202,2410
165,2410
152,2410
136,2410
122,2410
110,2410
81,2410
16,2410
12,2410
10,2410
1284,2411
1259,2411
1257,2411
1246,2411
1229,2411
1223,2411
1212,2411
1161,2411
1157,2411
1153,2411
1118,2411
1092,2411
1019,2411
1010,2411
965,2411
947,2411
941,2411
935,2411
922,2411
871,2411
857,2411
855,2411
849,2411
848,2411
844,2411
833,2411
826,2411
819,2411
818,2411
717,2411
501,2411
476,2411
446,2411
439,2411
272,2411
1275,2412
1269,2412
1263,2412
1259,2412
1250,2412
1229,2412
1222,2412
1212,2412
1128,2412
965,2412
952,2412
947,2412
935,2412
926,2412
910,2412
848,2412
833,2412
826,2412
825,2412
794,2412
789,2412
762,2412
687,2412
644,2412
535,2412
481,2412
476,2412
447,2412
321,2412
284,2412
267,2412
266,2412
222,2412
211,2412
107,2412
1260,2413
1259,2413
1257,2413
1231,2413
1229,2413
1227,2413
1216,2413
1214,2413
1212,2413
1163,2413
1161,2413
1118,2413
1115,2413
1087,2413
1019,2413
1012,2413
992,2413
965,2413
963,2413
947,2413
941,2413
910,2413
901,2413
867,2413
857,2413
854,2413
844,2413
792,2413
769,2413
687,2413
647,2413
445,2413
270,2413
187,2413
110,2413
1302,2414
1286,2414
1283,2414
1183,2414
1148,2414
1142,2414
1107,2414
1105,2414
1090,2414
1053,2414
990,2414
945,2414
788,2414
719,2414
680,2414
651,2414
610,2414
457,2414
449,2414
426,2414
375,2414
351,2414
345,2414
332,2414
312,2414
250,2414
249,2414
234,2414
218,2414
197,2414
157,2414
155,2414
138,2414
79,2414
17,2414
1340,2415
1325,2415
1284,2415
1264,2415
1259,2415
1257,2415
1255,2415
1242,2415
1229,2415
1212,2415
1177,2415
1133,2415
1124,2415
965,2415
914,2415
868,2415
851,2415
833,2415
767,2415
717,2415
647,2415
551,2415
521,2415
463,2415
380,2415
360,2415
333,2415
272,2415
267,2415
250,2415
168,2415
160,2415
90,2415
30,2415
6,2415
1302,2416
1301,2416
1292,2416
1286,2416
1197,2416
1183,2416
1155,2416
1142,2416
1031,2416
999,2416
990,2416
925,2416
904,2416
753,2416
747,2416
680,2416
642,2416
623,2416
610,2416
594,2416
541,2416
531,2416
515,2416
426,2416
378,2416
377,2416
375,2416
372,2416
346,2416
332,2416
316,2416
312,2416
229,2416
223,2416
79,2416
680,2417
312,2417
643,2417
641,2417
623,2417
202,2417
1013,2417
1310,2417
502,2417
483,2417
1277,2417
475,2417
354,2417
437,2417
1163,2417
263,2417
246,2417
235,2417
217,2417
215,2417
173,2417
165,2417
154,2417
950,2417
928,2417
904,2417
106,2417
617,2417
79,2417
54,2417
847,2417
840,2417
16,2417
11,2417
0,2417
1284,2418
1267,2418
1265,2418
1251,2418
1236,2418
1159,2418
1105,2418
1098,2418
1067,2418
1053,2418
1013,2418
1010,2418
938,2418
932,2418
925,2418
909,2418
846,2418
839,2418
838,2418
821,2418
817,2418
806,2418
707,2418
696,2418
690,2418
675,2418
658,2418
644,2418
479,2418
352,2418
268,2418
128,2418
54,2418
19,2418
13,2418
1275,2419
1263,2419
1260,2419
1250,2419
1235,2419
1232,2419
1204,2419
1187,2419
1163,2419
1126,2419
1115,2419
1114,2419
1040,2419
1015,2419
928,2419
910,2419
843,2419
807,2419
624,2419
573,2419
571,2419
561,2419
558,2419
539,2419
493,2419
421,2419
416,2419
321,2419
271,2419
223,2419
184,2419
160,2419
91,2419
54,2419
36,2419
1296,2420
1284,2420
1255,2420
1242,2420
1189,2420
1181,2420
1107,2420
1057,2420
1010,2420
1006,2420
861,2420
767,2420
717,2420
655,2420
647,2420
611,2420
604,2420
601,2420
580,2420
574,2420
559,2420
542,2420
534,2420
528,2420
517,2420
505,2420
410,2420
394,2420
321,2420
204,2420
198,2420
154,2420
135,2420
90,2420
15,2420
680,2421
312,2421
643,2421
641,2421
623,2421
617,2421
202,2421
1013,2421
1310,2421
502,2421
483,2421
1277,2421
475,2421
354,2421
437,2421
422,2421
1163,2421
263,2421
246,2421
235,2421
217,2421
215,2421
173,2421
165,2421
154,2421
950,2421
928,2421
904,2421
106,2421
79,2421
54,2421
847,2421
840,2421
16,2421
11,2421
1333,2422
1260,2422
1239,2422
1229,2422
1173,2422
1163,2422
1158,2422
1126,2422
1090,2422
1087,2422
1029,2422
1015,2422
992,2422
963,2422
947,2422
941,2422
935,2422
910,2422
859,2422
843,2422
769,2422
687,2422
629,2422
624,2422
573,2422
561,2422
558,2422
476,2422
421,2422
357,2422
260,2422
243,2422
184,2422
145,2422
36,2422
1263,2423
1257,2423
1239,2423
1229,2423
1227,2423
1223,2423
1207,2423
1167,2423
1163,2423
1150,2423
1120,2423
1115,2423
1110,2423
1087,2423
1085,2423
986,2423
965,2423
963,2423
871,2423
833,2423
792,2423
789,2423
769,2423
762,2423
755,2423
687,2423
605,2423
562,2423
447,2423
411,2423
260,2423
204,2423
202,2423
154,2423
53,2423
1310,2424
1231,2424
1216,2424
1169,2424
1130,2424
1116,2424
1044,2424
1041,2424
1011,2424
1005,2424
942,2424
869,2424
861,2424
836,2424
825,2424
794,2424
769,2424
709,2424
676,2424
673,2424
637,2424
499,2424
464,2424
419,2424
273,2424
255,2424
235,2424
231,2424
212,2424
211,2424
209,2424
204,2424
201,2424
200,2424
156,2424
1288,2425
1284,2425
1281,2425
1267,2425
1246,2425
1242,2425
1240,2425
1239,2425
1194,2425
1178,2425
1105,2425
1024,2425
1022,2425
1014,2425
1013,2425
995,2425
979,2425
851,2425
846,2425
812,2425
800,2425
717,2425
707,2425
687,2425
663,2425
599,2425
598,2425
564,2425
479,2425
434,2425
378,2425
237,2425
186,2425
72,2425
22,2425
1288,2426
1284,2426
1281,2426
1267,2426
1246,2426
1242,2426
1240,2426
1239,2426
1178,2426
1105,2426
1024,2426
1022,2426
1014,2426
1013,2426
995,2426
979,2426
851,2426
846,2426
812,2426
800,2426
717,2426
707,2426
687,2426
663,2426
599,2426
598,2426
564,2426
479,2426
434,2426
378,2426
237,2426
204,2426
186,2426
72,2426
22,2426
1259,2427
1257,2427
1242,2427
1241,2427
1239,2427
1231,2427
1229,2427
1227,2427
1214,2427
1212,2427
1163,2427
1161,2427
1115,2427
1092,2427
1048,2427
992,2427
965,2427
963,2427
947,2427
941,2427
935,2427
922,2427
910,2427
844,2427
826,2427
819,2427
769,2427
744,2427
737,2427
658,2427
462,2427
421,2427
301,2427
260,2427
110,2427
1349,2428
1310,2428
1294,2428
988,2428
928,2428
792,2428
788,2428
742,2428
589,2428
563,2428
472,2428
460,2428
432,2428
255,2428
248,2428
223,2428
218,2428
212,2428
208,2428
204,2428
201,2428
193,2428
157,2428
154,2428
144,2428
140,2428
137,2428
136,2428
132,2428
128,2428
123,2428
90,2428
74,2428
12,2428
5,2428
1324,2429
1318,2429
1310,2429
1227,2429
1163,2429
1069,2429
1067,2429
1063,2429
1056,2429
1022,2429
1014,2429
1013,2429
992,2429
935,2429
917,2429
910,2429
909,2429
896,2429
890,2429
874,2429
833,2429
800,2429
787,2429
773,2429
750,2429
714,2429
687,2429
680,2429
411,2429
255,2429
212,2429
201,2429
193,2429
98,2429
67,2429
1269,2430
1240,2430
1217,2430
1178,2430
1167,2430
1105,2430
1046,2430
1035,2430
1027,2430
1022,2430
1014,2430
1013,2430
992,2430
909,2430
899,2430
896,2430
887,2430
812,2430
802,2430
800,2430
784,2430
781,2430
780,2430
773,2430
763,2430
712,2430
680,2430
480,2430
479,2430
431,2430
423,2430
232,2430
164,2430
73,2430
72,2430
1299,2431
1262,2431
1217,2431
1178,2431
1167,2431
1077,2431
1067,2431
1056,2431
1027,2431
1024,2431
1022,2431
992,2431
935,2431
909,2431
896,2431
833,2431
773,2431
772,2431
763,2431
680,2431
677,2431
480,2431
428,2431
426,2431
388,2431
384,2431
347,2431
301,2431
288,2431
260,2431
232,2431
183,2431
164,2431
67,2431
10,2431
1269,2432
1240,2432
1217,2432
1178,2432
1105,2432
1067,2432
1057,2432
1046,2432
1035,2432
1027,2432
1022,2432
1014,2432
1013,2432
992,2432
915,2432
909,2432
899,2432
887,2432
812,2432
802,2432
800,2432
781,2432
780,2432
773,2432
772,2432
771,2432
707,2432
680,2432
480,2432
479,2432
434,2432
373,2432
357,2432
169,2432
72,2432
1290,2433
1240,2433
1217,2433
1178,2433
1167,2433
1105,2433
1071,2433
1056,2433
1022,2433
1014,2433
1013,2433
992,2433
935,2433
909,2433
896,2433
893,2433
881,2433
812,2433
800,2433
773,2433
763,2433
680,2433
564,2433
480,2433
479,2433
434,2433
428,2433
400,2433
388,2433
288,2433
204,2433
183,2433
149,2433
72,2433
67,2433
1315,2434
1250,2434
1239,2434
1173,2434
1160,2434
1145,2434
1122,2434
1101,2434
1077,2434
1067,2434
1065,2434
1059,2434
1057,2434
1053,2434
1047,2434
1031,2434
1029,2434
992,2434
944,2434
937,2434
873,2434
763,2434
731,2434
662,2434
629,2434
600,2434
598,2434
546,2434
454,2434
447,2434
301,2434
279,2434
168,2434
40,2434
35,2434
1290,2435
1288,2435
1269,2435
1240,2435
1217,2435
1178,2435
1167,2435
1105,2435
1067,2435
1046,2435
1040,2435
1027,2435
1022,2435
1014,2435
1013,2435
992,2435
913,2435
909,2435
896,2435
893,2435
872,2435
812,2435
800,2435
773,2435
772,2435
707,2435
680,2435
480,2435
479,2435
434,2435
428,2435
388,2435
288,2435
183,2435
72,2435
1178,2436
1077,2436
1069,2436
1067,2436
1063,2436
1057,2436
1053,2436
1047,2436
1045,2436
1040,2436
1022,2436
1011,2436
992,2436
958,2436
938,2436
937,2436
909,2436
895,2436
874,2436
812,2436
800,2436
781,2436
772,2436
726,2436
717,2436
705,2436
675,2436
629,2436
603,2436
510,2436
495,2436
406,2436
335,2436
301,2436
72,2436
1299,2437
1269,2437
1250,2437
1167,2437
1069,2437
1067,2437
1061,2437
1027,2437
1024,2437
992,2437
970,2437
935,2437
909,2437
896,2437
833,2437
773,2437
772,2437
753,2437
745,2437
714,2437
680,2437
677,2437
564,2437
480,2437
459,2437
428,2437
426,2437
388,2437
301,2437
288,2437
287,2437
160,2437
98,2437
80,2437
66,2437
1269,2438
1262,2438
1240,2438
1217,2438
1178,2438
1167,2438
1105,2438
1067,2438
1061,2438
1046,2438
1027,2438
1024,2438
1022,2438
1014,2438
1013,2438
992,2438
924,2438
909,2438
896,2438
812,2438
800,2438
777,2438
773,2438
680,2438
564,2438
480,2438
479,2438
434,2438
428,2438
376,2438
288,2438
204,2438
183,2438
72,2438
67,2438
1265,2439
1178,2439
1159,2439
1077,2439
1069,2439
1067,2439
1063,2439
1057,2439
1053,2439
1047,2439
1045,2439
1040,2439
1024,2439
1022,2439
1014,2439
1010,2439
992,2439
937,2439
935,2439
909,2439
898,2439
874,2439
812,2439
800,2439
788,2439
772,2439
726,2439
675,2439
658,2439
510,2439
495,2439
454,2439
335,2439
301,2439
72,2439
1269,2440
1240,2440
1217,2440
1178,2440
1167,2440
1105,2440
1077,2440
1067,2440
1056,2440
1046,2440
1027,2440
1022,2440
1014,2440
1013,2440
992,2440
963,2440
927,2440
909,2440
896,2440
893,2440
812,2440
800,2440
781,2440
773,2440
726,2440
707,2440
700,2440
680,2440
480,2440
479,2440
434,2440
428,2440
388,2440
204,2440
72,2440
1330,2441
1284,2441
1240,2441
1178,2441
1105,2441
1077,2441
1067,2441
1063,2441
1057,2441
1025,2441
1022,2441
1014,2441
1013,2441
1010,2441
1004,2441
992,2441
913,2441
909,2441
874,2441
858,2441
833,2441
815,2441
812,2441
806,2441
800,2441
773,2441
717,2441
707,2441
687,2441
480,2441
479,2441
376,2441
86,2441
85,2441
72,2441
1240,2442
1217,2442
1178,2442
1105,2442
1077,2442
1071,2442
1060,2442
1046,2442
1035,2442
1027,2442
1024,2442
1022,2442
1014,2442
1013,2442
992,2442
976,2442
917,2442
915,2442
909,2442
896,2442
887,2442
812,2442
800,2442
791,2442
787,2442
773,2442
771,2442
680,2442
652,2442
575,2442
480,2442
479,2442
428,2442
423,2442
72,2442
1284,2443
1269,2443
1240,2443
1217,2443
1178,2443
1105,2443
1069,2443
1067,2443
1057,2443
1046,2443
1035,2443
1027,2443
1024,2443
1022,2443
1014,2443
1013,2443
1010,2443
992,2443
917,2443
909,2443
896,2443
858,2443
812,2443
800,2443
781,2443
773,2443
717,2443
707,2443
680,2443
480,2443
479,2443
434,2443
357,2443
72,2443
15,2443
1240,2444
1178,2444
1158,2444
1105,2444
1067,2444
1065,2444
1063,2444
1055,2444
1032,2444
1031,2444
1030,2444
1022,2444
1014,2444
1013,2444
1009,2444
992,2444
919,2444
909,2444
812,2444
807,2444
800,2444
779,2444
772,2444
728,2444
707,2444
691,2444
629,2444
617,2444
549,2444
479,2444
434,2444
301,2444
290,2444
117,2444
72,2444
1290,2445
1240,2445
1217,2445
1178,2445
1167,2445
1105,2445
1067,2445
1065,2445
1060,2445
1028,2445
1027,2445
1022,2445
1014,2445
1013,2445
992,2445
935,2445
909,2445
906,2445
896,2445
812,2445
800,2445
781,2445
780,2445
771,2445
691,2445
682,2445
680,2445
564,2445
480,2445
479,2445
434,2445
376,2445
288,2445
72,2445
42,2445
1289,2446
1288,2446
1240,2446
1217,2446
1178,2446
1105,2446
1067,2446
1057,2446
1046,2446
1045,2446
1035,2446
1027,2446
1024,2446
1022,2446
1014,2446
1013,2446
992,2446
909,2446
812,2446
800,2446
781,2446
773,2446
763,2446
717,2446
707,2446
700,2446
686,2446
680,2446
480,2446
479,2446
453,2446
434,2446
301,2446
186,2446
72,2446
1310,2447
1299,2447
1227,2447
1171,2447
1156,2447
1120,2447
1104,2447
1061,2447
970,2447
930,2447
910,2447
904,2447
855,2447
833,2447
819,2447
794,2447
763,2447
715,2447
687,2447
644,2447
502,2447
480,2447
464,2447
422,2447
311,2447
273,2447
221,2447
215,2447
210,2447
173,2447
160,2447
145,2447
107,2447
67,2447
6,2447
1240,2448
1217,2448
1178,2448
1167,2448
1105,2448
1067,2448
1065,2448
1022,2448
1014,2448
1013,2448
992,2448
935,2448
932,2448
909,2448
898,2448
896,2448
893,2448
833,2448
812,2448
803,2448
800,2448
771,2448
680,2448
564,2448
480,2448
479,2448
434,2448
428,2448
388,2448
288,2448
204,2448
72,2448
67,2448
42,2448
10,2448
1265,2449
1178,2449
1159,2449
1098,2449
1077,2449
1069,2449
1067,2449
1057,2449
1053,2449
1047,2449
1040,2449
1022,2449
1014,2449
992,2449
979,2449
937,2449
935,2449
909,2449
904,2449
874,2449
812,2449
800,2449
788,2449
772,2449
726,2449
675,2449
658,2449
510,2449
495,2449
335,2449
301,2449
260,2449
204,2449
154,2449
72,2449
1178,2450
1077,2450
1069,2450
1067,2450
1065,2450
1057,2450
1053,2450
1047,2450
1040,2450
1035,2450
1028,2450
1027,2450
1022,2450
1014,2450
992,2450
937,2450
935,2450
909,2450
906,2450
874,2450
812,2450
802,2450
800,2450
781,2450
780,2450
772,2450
726,2450
682,2450
510,2450
495,2450
453,2450
376,2450
335,2450
301,2450
72,2450
1311,2451
1240,2451
1217,2451
1178,2451
1105,2451
1046,2451
1035,2451
1027,2451
1022,2451
1014,2451
1013,2451
992,2451
917,2451
909,2451
887,2451
817,2451
812,2451
800,2451
781,2451
780,2451
773,2451
707,2451
680,2451
657,2451
575,2451
480,2451
479,2451
434,2451
403,2451
318,2451
186,2451
73,2451
72,2451
52,2451
25,2451
1290,2452
1269,2452
1262,2452
1240,2452
1217,2452
1178,2452
1167,2452
1105,2452
1046,2452
1027,2452
1022,2452
1014,2452
1013,2452
992,2452
909,2452
896,2452
833,2452
812,2452
800,2452
780,2452
773,2452
680,2452
677,2452
480,2452
479,2452
434,2452
428,2452
400,2452
388,2452
288,2452
232,2452
183,2452
164,2452
72,2452
67,2452
1239,2453
1178,2453
1147,2453
1088,2453
1067,2453
1055,2453
1034,2453
1030,2453
1022,2453
1009,2453
992,2453
937,2453
932,2453
919,2453
909,2453
899,2453
887,2453
807,2453
798,2453
778,2453
755,2453
753,2453
745,2453
719,2453
691,2453
680,2453
629,2453
600,2453
480,2453
431,2453
423,2453
290,2453
104,2453
79,2453
72,2453
1288,2454
1240,2454
1178,2454
1149,2454
1105,2454
1077,2454
1069,2454
1067,2454
1053,2454
1045,2454
1022,2454
1014,2454
1013,2454
992,2454
937,2454
913,2454
909,2454
893,2454
887,2454
812,2454
800,2454
791,2454
786,2454
780,2454
775,2454
772,2454
712,2454
707,2454
510,2454
495,2454
479,2454
454,2454
434,2454
301,2454
72,2454
1290,2455
1269,2455
1240,2455
1217,2455
1178,2455
1105,2455
1077,2455
1067,2455
1046,2455
1035,2455
1027,2455
1024,2455
1022,2455
1014,2455
1013,2455
992,2455
917,2455
909,2455
887,2455
833,2455
812,2455
800,2455
784,2455
781,2455
773,2455
772,2455
771,2455
707,2455
680,2455
480,2455
479,2455
434,2455
428,2455
288,2455
72,2455
1290,2456
1240,2456
1217,2456
1178,2456
1167,2456
1105,2456
1071,2456
1022,2456
1014,2456
1013,2456
992,2456
935,2456
909,2456
896,2456
893,2456
881,2456
812,2456
800,2456
783,2456
773,2456
763,2456
680,2456
564,2456
480,2456
479,2456
434,2456
428,2456
400,2456
388,2456
373,2456
288,2456
183,2456
149,2456
72,2456
67,2456
1321,2457
1281,2457
1278,2457
1275,2457
1263,2457
1260,2457
1249,2457
1248,2457
1186,2457
1176,2457
1106,2457
1096,2457
1077,2457
1069,2457
1067,2457
1065,2457
1015,2457
992,2457
913,2457
909,2457
859,2457
843,2457
801,2457
772,2457
698,2457
682,2457
666,2457
646,2457
628,2457
500,2457
443,2457
417,2457
341,2457
310,2457
268,2457
1240,2458
1217,2458
1178,2458
1105,2458
1077,2458
1071,2458
1067,2458
1060,2458
1046,2458
1027,2458
1024,2458
1022,2458
1014,2458
1013,2458
992,2458
976,2458
917,2458
915,2458
909,2458
896,2458
887,2458
812,2458
800,2458
791,2458
787,2458
773,2458
771,2458
680,2458
652,2458
575,2458
480,2458
479,2458
428,2458
423,2458
72,2458
1299,2459
1290,2459
1269,2459
1240,2459
1217,2459
1178,2459
1167,2459
1105,2459
1067,2459
1046,2459
1022,2459
1014,2459
1013,2459
992,2459
935,2459
909,2459
896,2459
812,2459
800,2459
773,2459
772,2459
770,2459
707,2459
680,2459
480,2459
479,2459
434,2459
428,2459
388,2459
288,2459
204,2459
183,2459
72,2459
42,2459
10,2459
1139,2460
1088,2460
1077,2460
1075,2460
1069,2460
1067,2460
1063,2460
1053,2460
1045,2460
1042,2460
1035,2460
1031,2460
1029,2460
1022,2460
1004,2460
992,2460
937,2460
917,2460
909,2460
874,2460
872,2460
814,2460
801,2460
778,2460
773,2460
772,2460
728,2460
682,2460
660,2460
629,2460
600,2460
454,2460
301,2460
295,2460
72,2460
1269,2461
1262,2461
1240,2461
1217,2461
1178,2461
1167,2461
1105,2461
1065,2461
1046,2461
1027,2461
1024,2461
1022,2461
1014,2461
1013,2461
992,2461
935,2461
932,2461
924,2461
909,2461
896,2461
812,2461
800,2461
777,2461
773,2461
680,2461
564,2461
480,2461
479,2461
434,2461
376,2461
347,2461
288,2461
183,2461
72,2461
42,2461
1269,2462
1240,2462
1217,2462
1178,2462
1167,2462
1105,2462
1077,2462
1067,2462
1046,2462
1035,2462
1027,2462
1022,2462
1014,2462
1013,2462
992,2462
909,2462
887,2462
879,2462
812,2462
800,2462
791,2462
787,2462
781,2462
775,2462
773,2462
771,2462
707,2462
680,2462
480,2462
479,2462
434,2462
428,2462
357,2462
72,2462
10,2462
1288,2463
1262,2463
1240,2463
1217,2463
1178,2463
1167,2463
1105,2463
1027,2463
1022,2463
1014,2463
1013,2463
992,2463
909,2463
887,2463
812,2463
800,2463
798,2463
773,2463
707,2463
680,2463
677,2463
480,2463
479,2463
434,2463
428,2463
400,2463
388,2463
384,2463
288,2463
232,2463
164,2463
97,2463
72,2463
67,2463
10,2463
1288,2464
1269,2464
1240,2464
1217,2464
1178,2464
1105,2464
1067,2464
1046,2464
1027,2464
1022,2464
1014,2464
1013,2464
992,2464
935,2464
909,2464
896,2464
893,2464
815,2464
812,2464
804,2464
800,2464
799,2464
773,2464
763,2464
707,2464
691,2464
680,2464
480,2464
479,2464
434,2464
431,2464
428,2464
211,2464
104,2464
72,2464
1288,2465
1269,2465
1240,2465
1217,2465
1178,2465
1167,2465
1105,2465
1067,2465
1046,2465
1027,2465
1022,2465
1014,2465
1013,2465
992,2465
963,2465
937,2465
935,2465
909,2465
896,2465
893,2465
874,2465
812,2465
804,2465
800,2465
799,2465
773,2465
707,2465
680,2465
480,2465
479,2465
434,2465
428,2465
72,2465
66,2465
10,2465
1306,2466
1288,2466
1240,2466
1217,2466
1178,2466
1105,2466
1046,2466
1035,2466
1027,2466
1022,2466
1014,2466
1013,2466
992,2466
909,2466
899,2466
887,2466
812,2466
802,2466
800,2466
787,2466
781,2466
780,2466
775,2466
773,2466
712,2466
707,2466
690,2466
680,2466
575,2466
480,2466
479,2466
434,2466
423,2466
403,2466
72,2466
1315,2467
1250,2467
1101,2467
1077,2467
1075,2467
1069,2467
1067,2467
1059,2467
1057,2467
1047,2467
1040,2467
1031,2467
1029,2467
992,2467
937,2467
873,2467
848,2467
731,2467
726,2467
629,2467
628,2467
600,2467
546,2467
510,2467
495,2467
470,2467
454,2467
356,2467
301,2467
286,2467
279,2467
232,2467
168,2467
40,2467
35,2467
1311,2468
1290,2468
1240,2468
1217,2468
1178,2468
1065,2468
1046,2468
1035,2468
1028,2468
1027,2468
1022,2468
1014,2468
1013,2468
992,2468
932,2468
917,2468
909,2468
906,2468
887,2468
817,2468
812,2468
802,2468
800,2468
781,2468
780,2468
773,2468
771,2468
763,2468
680,2468
657,2468
480,2468
479,2468
428,2468
186,2468
72,2468
1240,2469
1217,2469
1178,2469
1167,2469
1105,2469
1065,2469
1022,2469
1014,2469
1013,2469
992,2469
935,2469
932,2469
909,2469
898,2469
896,2469
893,2469
833,2469
812,2469
803,2469
800,2469
781,2469
771,2469
680,2469
564,2469
480,2469
479,2469
434,2469
428,2469
388,2469
288,2469
204,2469
72,2469
67,2469
42,2469
10,2469
1346,2470
1283,2470
1178,2470
1077,2470
1069,2470
1067,2470
1057,2470
1053,2470
1047,2470
1046,2470
1044,2470
1041,2470
1040,2470
1022,2470
1011,2470
1005,2470
992,2470
937,2470
909,2470
874,2470
866,2470
812,2470
800,2470
772,2470
726,2470
676,2470
528,2470
510,2470
495,2470
335,2470
201,2470
193,2470
72,2470
59,2470
45,2470
19,2470
1310,2471
1284,2471
1255,2471
1175,2471
1137,2471
1051,2471
1045,2471
1029,2471
1010,2471
996,2471
957,2471
935,2471
900,2471
861,2471
855,2471
851,2471
848,2471
843,2471
717,2471
564,2471
523,2471
434,2471
293,2471
255,2471
250,2471
234,2471
212,2471
211,2471
207,2471
162,2471
160,2471
134,2471
107,2471
90,2471
11,2471
1296,2472
1284,2472
1255,2472
1254,2472
1246,2472
1181,2472
1169,2472
1128,2472
1101,2472
1097,2472
1092,2472
1057,2472
1012,2472
1010,2472
1006,2472
900,2472
861,2472
855,2472
844,2472
717,2472
663,2472
647,2472
611,2472
588,2472
580,2472
487,2472
439,2472
233,2472
198,2472
189,2472
168,2472
135,2472
118,2472
27,2472
15,2472
1349,2473
1310,2473
935,2473
928,2473
839,2473
788,2473
655,2473
589,2473
554,2473
545,2473
539,2473
518,2473
441,2473
424,2473
420,2473
257,2473
255,2473
251,2473
248,2473
238,2473
230,2473
219,2473
218,2473
212,2473
211,2473
204,2473
201,2473
193,2473
179,2473
172,2473
165,2473
154,2473
148,2473
142,2473
11,2473
1,2473
1240,2474
1167,2474
1159,2474
1115,2474
1107,2474
992,2474
935,2474
928,2474
825,2474
788,2474
746,2474
744,2474
717,2474
692,2474
675,2474
644,2474
564,2474
557,2474
554,2474
545,2474
543,2474
506,2474
480,2474
479,2474
460,2474
321,2474
268,2474
260,2474
248,2474
211,2474
204,2474
201,2474
132,2474
90,2474
54,2474
1295,2475
1292,2475
1257,2475
1246,2475
1227,2475
1216,2475
1161,2475
1157,2475
1153,2475
1130,2475
1118,2475
1092,2475
1016,2475
1006,2475
970,2475
947,2475
922,2475
857,2475
849,2475
818,2475
790,2475
663,2475
646,2475
619,2475
529,2475
492,2475
446,2475
427,2475
287,2475
284,2475
235,2475
222,2475
145,2475
134,2475
69,2475
1338,2476
1246,2476
1228,2476
1171,2476
1157,2476
1130,2476
1118,2476
1104,2476
1092,2476
1046,2476
1031,2476
1020,2476
1011,2476
1006,2476
970,2476
963,2476
947,2476
941,2476
901,2476
876,2476
863,2476
857,2476
849,2476
834,2476
819,2476
790,2476
584,2476
560,2476
507,2476
489,2476
423,2476
355,2476
331,2476
76,2476
34,2476
1295,2477
1229,2477
1223,2477
1222,2477
1214,2477
1181,2477
1133,2477
1124,2477
1071,2477
1055,2477
1037,2477
1021,2477
1017,2477
996,2477
983,2477
965,2477
963,2477
952,2477
871,2477
839,2477
833,2477
813,2477
795,2477
794,2477
638,2477
588,2477
454,2477
267,2477
253,2477
250,2477
156,2477
149,2477
107,2477
88,2477
33,2477
1263,2478
1249,2478
1239,2478
1231,2478
1223,2478
1161,2478
1157,2478
1153,2478
1145,2478
1130,2478
1124,2478
1118,2478
1106,2478
981,2478
947,2478
941,2478
871,2478
867,2478
857,2478
855,2478
849,2478
844,2478
822,2478
819,2478
818,2478
797,2478
715,2478
637,2478
513,2478
255,2478
237,2478
212,2478
166,2478
76,2478
12,2478
1242,2479
1168,2479
1158,2479
1136,2479
1072,2479
869,2479
816,2479
774,2479
769,2479
767,2479
766,2479
716,2479
670,2479
655,2479
647,2479
617,2479
607,2479
599,2479
598,2479
544,2479
529,2479
509,2479
505,2479
498,2479
435,2479
432,2479
421,2479
369,2479
308,2479
248,2479
218,2479
186,2479
171,2479
145,2479
100,2479
1254,2480
1206,2480
1194,2480
1184,2480
1150,2480
1147,2480
1122,2480
1120,2480
1094,2480
1048,2480
1012,2480
993,2480
975,2480
949,2480
943,2480
851,2480
845,2480
836,2480
822,2480
808,2480
721,2480
644,2480
627,2480
546,2480
541,2480
498,2480
476,2480
417,2480
377,2480
370,2480
237,2480
175,2480
110,2480
61,2480
3,2480
1281,2481
1255,2481
1254,2481
1249,2481
1216,2481
1214,2481
1181,2481
1133,2481
1114,2481
1101,2481
1092,2481
1059,2481
1057,2481
1012,2481
1010,2481
979,2481
965,2481
900,2481
861,2481
848,2481
843,2481
833,2481
794,2481
789,2481
744,2481
717,2481
588,2481
447,2481
411,2481
207,2481
198,2481
168,2481
118,2481
74,2481
24,2481
1259,2482
1257,2482
1231,2482
1229,2482
1223,2482
1222,2482
1216,2482
1171,2482
1161,2482
1157,2482
1153,2482
1136,2482
1130,2482
1097,2482
947,2482
943,2482
941,2482
930,2482
916,2482
910,2482
871,2482
855,2482
844,2482
819,2482
715,2482
521,2482
513,2482
501,2482
487,2482
481,2482
476,2482
272,2482
237,2482
147,2482
38,2482
1259,2483
1257,2483
1239,2483
1231,2483
1229,2483
1227,2483
1223,2483
1218,2483
1216,2483
1161,2483
1145,2483
1120,2483
1118,2483
1092,2483
1023,2483
965,2483
947,2483
941,2483
922,2483
873,2483
871,2483
868,2483
857,2483
855,2483
854,2483
844,2483
833,2483
820,2483
717,2483
658,2483
476,2483
456,2483
439,2483
284,2483
38,2483
1263,2484
1259,2484
1257,2484
1229,2484
1186,2484
1161,2484
1159,2484
1118,2484
1063,2484
1045,2484
992,2484
965,2484
952,2484
947,2484
941,2484
909,2484
894,2484
868,2484
838,2484
826,2484
817,2484
800,2484
788,2484
744,2484
696,2484
675,2484
658,2484
437,2484
352,2484
333,2484
268,2484
260,2484
250,2484
204,2484
107,2484
1321,2485
1284,2485
1255,2485
1243,2485
1133,2485
1101,2485
1094,2485
1012,2485
1010,2485
993,2485
979,2485
965,2485
942,2485
900,2485
851,2485
831,2485
829,2485
717,2485
601,2485
592,2485
559,2485
513,2485
410,2485
380,2485
333,2485
270,2485
267,2485
250,2485
168,2485
158,2485
150,2485
107,2485
90,2485
30,2485
6,2485
1259,2486
1214,2486
1212,2486
1173,2486
1167,2486
1161,2486
1115,2486
1061,2486
1001,2486
996,2486
975,2486
947,2486
941,2486
910,2486
851,2486
833,2486
774,2486
769,2486
730,2486
717,2486
687,2486
681,2486
644,2486
627,2486
562,2486
546,2486
454,2486
445,2486
417,2486
322,2486
271,2486
260,2486
168,2486
166,2486
160,2486
1330,2487
1284,2487
1240,2487
1178,2487
1105,2487
1077,2487
1067,2487
1063,2487
1057,2487
1025,2487
1022,2487
1014,2487
1013,2487
1010,2487
1004,2487
992,2487
913,2487
909,2487
874,2487
858,2487
833,2487
815,2487
812,2487
806,2487
800,2487
773,2487
717,2487
707,2487
687,2487
480,2487
479,2487
376,2487
86,2487
85,2487
72,2487
1265,2488
1263,2488
1260,2488
1163,2488
1159,2488
1098,2488
1077,2488
1067,2488
1061,2488
1015,2488
1010,2488
992,2488
963,2488
938,2488
935,2488
859,2488
846,2488
826,2488
788,2488
772,2488
744,2488
737,2488
719,2488
717,2488
696,2488
675,2488
658,2488
644,2488
457,2488
268,2488
260,2488
204,2488
160,2488
154,2488
13,2488
1265,2489
1263,2489
1260,2489
1163,2489
1159,2489
1098,2489
1077,2489
1067,2489
1061,2489
1015,2489
1010,2489
992,2489
963,2489
938,2489
935,2489
846,2489
826,2489
817,2489
788,2489
772,2489
744,2489
719,2489
717,2489
696,2489
687,2489
675,2489
658,2489
644,2489
457,2489
268,2489
260,2489
204,2489
160,2489
154,2489
13,2489
1349,2490
1310,2490
1124,2490
1045,2490
1033,2490
1029,2490
992,2490
973,2490
963,2490
935,2490
928,2490
867,2490
839,2490
822,2490
817,2490
792,2490
589,2490
563,2490
457,2490
374,2490
352,2490
301,2490
255,2490
223,2490
212,2490
211,2490
207,2490
204,2490
201,2490
198,2490
157,2490
156,2490
154,2490
134,2490
107,2490
1280,2491
1263,2491
1259,2491
1257,2491
1236,2491
1214,2491
1194,2491
1179,2491
1101,2491
1094,2491
1071,2491
1069,2491
1031,2491
993,2491
975,2491
963,2491
891,2491
873,2491
822,2491
801,2491
730,2491
681,2491
627,2491
545,2491
500,2491
491,2491
455,2491
454,2491
397,2491
361,2491
306,2491
267,2491
180,2491
119,2491
100,2491
1349,2492
1310,2492
1259,2492
1257,2492
1246,2492
1229,2492
1223,2492
1161,2492
1124,2492
1045,2492
1033,2492
992,2492
965,2492
963,2492
935,2492
871,2492
867,2492
839,2492
833,2492
826,2492
822,2492
800,2492
589,2492
563,2492
457,2492
255,2492
212,2492
211,2492
204,2492
201,2492
157,2492
156,2492
154,2492
134,2492
107,2492
1349,2493
1310,2493
1259,2493
1257,2493
1246,2493
1229,2493
1223,2493
1161,2493
1124,2493
1045,2493
992,2493
965,2493
947,2493
941,2493
935,2493
871,2493
867,2493
855,2493
833,2493
826,2493
822,2493
792,2493
589,2493
563,2493
457,2493
255,2493
212,2493
211,2493
204,2493
201,2493
157,2493
156,2493
154,2493
134,2493
107,2493
1284,2494
1259,2494
1257,2494
1255,2494
1229,2494
1227,2494
1216,2494
1212,2494
1012,2494
965,2494
947,2494
941,2494
868,2494
861,2494
855,2494
851,2494
848,2494
844,2494
833,2494
826,2494
794,2494
789,2494
717,2494
687,2494
588,2494
535,2494
521,2494
501,2494
272,2494
267,2494
250,2494
168,2494
107,2494
90,2494
6,2494
1284,2495
1264,2495
1259,2495
1257,2495
1255,2495
1246,2495
1212,2495
1139,2495
1115,2495
1057,2495
1012,2495
1010,2495
1006,2495
996,2495
965,2495
947,2495
941,2495
868,2495
858,2495
851,2495
848,2495
844,2495
833,2495
717,2495
638,2495
611,2495
564,2495
521,2495
501,2495
287,2495
284,2495
272,2495
160,2495
90,2495
15,2495
1339,2496
1280,2496
1250,2496
1240,2496
1178,2496
1114,2496
1105,2496
1101,2496
1075,2496
1065,2496
1059,2496
1057,2496
1022,2496
1014,2496
1013,2496
920,2496
815,2496
812,2496
800,2496
707,2496
666,2496
657,2496
622,2496
479,2496
456,2496
434,2496
416,2496
373,2496
356,2496
310,2496
72,2496
52,2496
34,2496
32,2496
23,2496
1284,2497
1259,2497
1257,2497
1255,2497
1246,2497
1229,2497
1150,2497
1128,2497
1115,2497
1057,2497
1010,2497
965,2497
952,2497
947,2497
941,2497
894,2497
858,2497
855,2497
851,2497
848,2497
844,2497
838,2497
833,2497
832,2497
826,2497
817,2497
789,2497
717,2497
658,2497
535,2497
352,2497
267,2497
159,2497
107,2497
90,2497
1288,2498
1240,2498
1178,2498
1124,2498
1105,2498
1066,2498
1058,2498
1048,2498
1022,2498
1014,2498
1013,2498
963,2498
893,2498
853,2498
815,2498
812,2498
800,2498
707,2498
628,2498
479,2498
456,2498
455,2498
445,2498
434,2498
388,2498
377,2498
361,2498
293,2498
204,2498
72,2498
49,2498
48,2498
46,2498
45,2498
32,2498
1302,2499
1301,2499
1286,2499
1207,2499
1183,2499
1013,2499
999,2499
990,2499
925,2499
904,2499
753,2499
747,2499
643,2499
642,2499
641,2499
539,2499
502,2499
480,2499
464,2499
457,2499
449,2499
426,2499
386,2499
375,2499
372,2499
354,2499
346,2499
332,2499
314,2499
246,2499
223,2499
174,2499
79,2499
62,2499
42,2499
1323,2500
1255,2500
1227,2500
1214,2500
1161,2500
1107,2500
1104,2500
1077,2500
1072,2500
1019,2500
970,2500
916,2500
867,2500
846,2500
837,2500
825,2500
819,2500
801,2500
755,2500
687,2500
615,2500
476,2500
472,2500
448,2500
446,2500
377,2500
344,2500
293,2500
260,2500
211,2500
181,2500
168,2500
160,2500
111,2500
82,2500
1295,2501
1259,2501
1246,2501
1241,2501
1229,2501
1224,2501
1223,2501
1212,2501
1185,2501
1169,2501
1118,2501
1104,2501
1001,2501
970,2501
963,2501
962,2501
952,2501
922,2501
913,2501
894,2501
871,2501
868,2501
849,2501
844,2501
797,2501
639,2501
619,2501
598,2501
521,2501
403,2501
317,2501
176,2501
105,2501
101,2501
38,2501
1349,2502
1333,2502
1321,2502
1274,2502
1255,2502
1235,2502
1214,2502
1184,2502
1173,2502
1048,2502
1019,2502
979,2502
949,2502
891,2502
851,2502
845,2502
821,2502
805,2502
789,2502
769,2502
760,2502
715,2502
702,2502
687,2502
633,2502
589,2502
454,2502
293,2502
270,2502
235,2502
204,2502
198,2502
42,2502
24,2502
22,2502
1339,2503
1330,2503
1303,2503
1287,2503
1240,2503
1171,2503
1086,2503
1065,2503
1063,2503
1025,2503
1014,2503
1004,2503
913,2503
905,2503
893,2503
874,2503
815,2503
812,2503
800,2503
771,2503
707,2503
703,2503
479,2503
434,2503
431,2503
376,2503
373,2503
319,2503
169,2503
164,2503
103,2503
86,2503
85,2503
52,2503
33,2503
1278,2504
1263,2504
1160,2504
1141,2504
992,2504
979,2504
966,2504
963,2504
910,2504
864,2504
830,2504
825,2504
823,2504
822,2504
809,2504
803,2504
769,2504
754,2504
744,2504
696,2504
687,2504
617,2504
601,2504
462,2504
418,2504
410,2504
293,2504
268,2504
260,2504
258,2504
204,2504
189,2504
154,2504
42,2504
24,2504
1337,2505
1330,2505
1278,2505
1260,2505
1255,2505
1249,2505
1223,2505
1160,2505
1132,2505
1096,2505
1088,2505
1072,2505
1061,2505
1048,2505
893,2505
883,2505
871,2505
842,2505
825,2505
687,2505
680,2505
646,2505
494,2505
462,2505
428,2505
325,2505
293,2505
227,2505
200,2505
184,2505
145,2505
122,2505
82,2505
37,2505
34,2505
1316,2506
1278,2506
1222,2506
1214,2506
1133,2506
1079,2506
1042,2506
975,2506
973,2506
910,2506
861,2506
790,2506
737,2506
694,2506
646,2506
638,2506
637,2506
628,2506
588,2506
563,2506
562,2506
457,2506
456,2506
421,2506
385,2506
380,2506
231,2506
227,2506
184,2506
171,2506
170,2506
168,2506
149,2506
145,2506
24,2506
1333,2507
1280,2507
1274,2507
1243,2507
1198,2507
1180,2507
1173,2507
1162,2507
1072,2507
979,2507
963,2507
894,2507
851,2507
832,2507
824,2507
809,2507
807,2507
737,2507
688,2507
628,2507
615,2507
468,2507
446,2507
421,2507
418,2507
324,2507
277,2507
275,2507
260,2507
244,2507
204,2507
171,2507
154,2507
134,2507
102,2507
1278,2508
1259,2508
1181,2508
1163,2508
1061,2508
1029,2508
963,2508
910,2508
886,2508
841,2508
822,2508
809,2508
769,2508
754,2508
744,2508
687,2508
646,2508
472,2508
468,2508
421,2508
391,2508
260,2508
258,2508
244,2508
204,2508
201,2508
189,2508
160,2508
159,2508
154,2508
149,2508
145,2508
143,2508
74,2508
12,2508
1339,2509
1330,2509
1288,2509
1247,2509
1244,2509
1240,2509
1178,2509
1105,2509
1022,2509
1014,2509
1003,2509
976,2509
915,2509
893,2509
888,2509
887,2509
881,2509
815,2509
812,2509
802,2509
800,2509
783,2509
771,2509
707,2509
657,2509
479,2509
434,2509
373,2509
310,2509
186,2509
169,2509
86,2509
85,2509
72,2509
52,2509
1333,2510
1278,2510
1260,2510
1229,2510
1180,2510
1133,2510
1115,2510
1087,2510
1015,2510
992,2510
916,2510
900,2510
825,2510
769,2510
753,2510
744,2510
724,2510
690,2510
687,2510
620,2510
601,2510
559,2510
545,2510
539,2510
480,2510
471,2510
428,2510
410,2510
372,2510
293,2510
258,2510
244,2510
211,2510
204,2510
143,2510
1315,2511
1288,2511
1263,2511
1255,2511
1249,2511
1246,2511
1240,2511
1178,2511
1160,2511
1122,2511
1105,2511
1050,2511
1029,2511
1022,2511
1014,2511
893,2511
873,2511
853,2511
815,2511
812,2511
800,2511
763,2511
662,2511
598,2511
479,2511
434,2511
374,2511
301,2511
279,2511
198,2511
72,2511
40,2511
35,2511
34,2511
23,2511
1340,2512
1281,2512
1263,2512
1260,2512
1259,2512
1229,2512
1214,2512
1186,2512
1177,2512
1163,2512
1133,2512
1106,2512
965,2512
895,2512
894,2512
867,2512
859,2512
809,2512
792,2512
769,2512
744,2512
687,2512
629,2512
513,2512
478,2512
463,2512
462,2512
385,2512
260,2512
258,2512
231,2512
204,2512
170,2512
154,2512
14,2512
1339,2513
1288,2513
1240,2513
1178,2513
1105,2513
1100,2513
1022,2513
1020,2513
1014,2513
1013,2513
893,2513
879,2513
815,2513
812,2513
800,2513
777,2513
775,2513
773,2513
760,2513
756,2513
707,2513
657,2513
626,2513
479,2513
434,2513
427,2513
379,2513
373,2513
344,2513
300,2513
276,2513
161,2513
104,2513
72,2513
58,2513
1275,2514
1259,2514
1181,2514
1163,2514
1110,2514
1097,2514
986,2514
970,2514
941,2514
895,2514
824,2514
822,2514
809,2514
792,2514
769,2514
754,2514
688,2514
554,2514
472,2514
468,2514
462,2514
421,2514
258,2514
244,2514
231,2514
215,2514
204,2514
173,2514
170,2514
154,2514
149,2514
143,2514
133,2514
106,2514
14,2514
1337,2515
1330,2515
1246,2515
1222,2515
1192,2515
1128,2515
1111,2515
976,2515
905,2515
901,2515
870,2515
827,2515
812,2515
781,2515
737,2515
715,2515
664,2515
598,2515
529,2515
462,2515
453,2515
447,2515
411,2515
381,2515
323,2515
319,2515
180,2515
171,2515
129,2515
126,2515
116,2515
115,2515
100,2515
93,2515
85,2515
1333,2516
1259,2516
1150,2516
1120,2516
1029,2516
992,2516
973,2516
963,2516
947,2516
941,2516
910,2516
867,2516
836,2516
824,2516
792,2516
778,2516
769,2516
754,2516
744,2516
732,2516
702,2516
688,2516
629,2516
457,2516
260,2516
240,2516
236,2516
231,2516
204,2516
170,2516
149,2516
143,2516
135,2516
91,2516
24,2516
1339,2517
1330,2517
1322,2517
1240,2517
1236,2517
1218,2517
1179,2517
1178,2517
1172,2517
1105,2517
1022,2517
1014,2517
911,2517
815,2517
755,2517
716,2517
707,2517
696,2517
657,2517
479,2517
447,2517
434,2517
377,2517
373,2517
362,2517
310,2517
306,2517
268,2517
186,2517
93,2517
86,2517
85,2517
72,2517
52,2517
22,2517
1286,2518
1278,2518
1259,2518
1243,2518
1229,2518
1227,2518
1222,2518
1110,2518
1099,2518
1011,2518
1005,2518
992,2518
986,2518
963,2518
935,2518
867,2518
809,2518
807,2518
792,2518
744,2518
717,2518
687,2518
627,2518
482,2518
468,2518
421,2518
391,2518
331,2518
260,2518
255,2518
212,2518
204,2518
154,2518
149,2518
143,2518
1327,2519
1263,2519
1259,2519
1239,2519
1232,2519
1167,2519
1156,2519
1154,2519
1055,2519
1029,2519
944,2519
859,2519
753,2519
719,2519
691,2519
687,2519
663,2519
621,2519
574,2519
571,2519
524,2519
517,2519
491,2519
445,2519
385,2519
341,2519
332,2519
301,2519
271,2519
215,2519
198,2519
184,2519
173,2519
156,2519
34,2519
1268,2520
1255,2520
1214,2520
1212,2520
1163,2520
1110,2520
1091,2520
1061,2520
992,2520
986,2520
910,2520
828,2520
824,2520
809,2520
744,2520
688,2520
687,2520
647,2520
629,2520
588,2520
483,2520
421,2520
391,2520
260,2520
244,2520
240,2520
231,2520
204,2520
171,2520
170,2520
149,2520
143,2520
80,2520
14,2520
12,2520
1349,2521
1333,2521
1290,2521
1263,2521
1163,2521
1161,2521
1097,2521
975,2521
966,2521
910,2521
830,2521
824,2521
809,2521
769,2521
701,2521
688,2521
687,2521
646,2521
589,2521
513,2521
447,2521
391,2521
324,2521
258,2521
244,2521
231,2521
210,2521
204,2521
170,2521
149,2521
143,2521
138,2521
106,2521
17,2521
14,2521
1349,2522
1310,2522
1239,2522
1222,2522
1163,2522
1150,2522
1144,2522
1045,2522
1033,2522
977,2522
963,2522
935,2522
867,2522
861,2522
839,2522
719,2522
695,2522
589,2522
564,2522
457,2522
431,2522
377,2522
255,2522
212,2522
211,2522
205,2522
201,2522
197,2522
165,2522
156,2522
154,2522
134,2522
110,2522
107,2522
11,2522
1278,2523
1229,2523
1228,2523
1223,2523
1222,2523
1173,2523
1161,2523
1123,2523
1063,2523
1056,2523
972,2523
952,2523
947,2523
941,2523
909,2523
792,2523
754,2523
737,2523
730,2523
694,2523
687,2523
671,2523
482,2523
455,2523
411,2523
385,2523
293,2523
251,2523
244,2523
223,2523
170,2523
149,2523
143,2523
135,2523
76,2523
1280,2524
1259,2524
1253,2524
1222,2524
1214,2524
1167,2524
1133,2524
1120,2524
1115,2524
993,2524
921,2524
886,2524
833,2524
824,2524
809,2524
730,2524
691,2524
688,2524
635,2524
580,2524
566,2524
556,2524
553,2524
535,2524
517,2524
509,2524
273,2524
270,2524
240,2524
160,2524
149,2524
143,2524
106,2524
80,2524
76,2524
1338,2525
1333,2525
1329,2525
1272,2525
1214,2525
1128,2525
1124,2525
1042,2525
973,2525
955,2525
935,2525
824,2525
769,2525
702,2525
688,2525
687,2525
629,2525
624,2525
620,2525
554,2525
545,2525
509,2525
483,2525
468,2525
457,2525
414,2525
324,2525
260,2525
204,2525
187,2525
170,2525
154,2525
143,2525
63,2525
49,2525
1349,2526
1310,2526
1296,2526
1206,2526
1124,2526
1045,2526
935,2526
928,2526
867,2526
839,2526
809,2526
792,2526
754,2526
589,2526
568,2526
563,2526
518,2526
513,2526
498,2526
487,2526
391,2526
324,2526
258,2526
255,2526
244,2526
212,2526
211,2526
198,2526
197,2526
189,2526
157,2526
156,2526
134,2526
107,2526
12,2526
1291,2528
1276,2528
1269,2528
1252,2528
1227,2528
1185,2528
1171,2528
1128,2528
1017,2528
1002,2528
992,2528
970,2528
965,2528
959,2528
952,2528
943,2528
868,2528
862,2528
789,2528
715,2528
704,2528
687,2528
622,2528
579,2528
562,2528
535,2528
503,2528
411,2528
311,2528
266,2528
222,2528
107,2528
93,2528
63,2528
38,2528
1321,2529
1284,2529
1255,2529
1254,2529
1212,2529
1158,2529
1150,2529
1146,2529
1128,2529
1097,2529
1094,2529
1065,2529
1050,2529
1010,2529
993,2529
894,2529
855,2529
851,2529
848,2529
730,2529
717,2529
681,2529
411,2529
356,2529
333,2529
306,2529
293,2529
289,2529
267,2529
250,2529
233,2529
168,2529
158,2529
82,2529
49,2529
1259,2530
1243,2530
1214,2530
1181,2530
1163,2530
1150,2530
1133,2530
1110,2530
1104,2530
1087,2530
986,2530
973,2530
970,2530
895,2530
873,2530
867,2530
851,2530
822,2530
819,2530
769,2530
750,2530
744,2530
715,2530
687,2530
629,2530
563,2530
411,2530
293,2530
260,2530
255,2530
212,2530
204,2530
193,2530
170,2530
143,2530
74,2530
1278,2531
1263,2531
1249,2531
1222,2531
1186,2531
1181,2531
986,2531
894,2531
822,2531
809,2531
797,2531
769,2531
754,2531
753,2531
702,2531
687,2531
663,2531
646,2531
637,2531
468,2531
421,2531
411,2531
324,2531
260,2531
258,2531
255,2531
237,2531
212,2531
204,2531
170,2531
154,2531
53,2531
18,2531
12,2531
11,2531
1284,2532
1274,2532
1263,2532
1173,2532
1150,2532
1114,2532
1106,2532
1101,2532
1094,2532
1057,2532
1033,2532
1029,2532
1010,2532
993,2532
979,2532
975,2532
949,2532
941,2532
913,2532
873,2532
867,2532
861,2532
851,2532
845,2532
808,2532
730,2532
681,2532
662,2532
588,2532
286,2532
270,2532
222,2532
143,2532
61,2532
27,2532
1278,2533
1274,2533
1255,2533
1184,2533
1181,2533
1150,2533
1147,2533
1099,2533
1063,2533
1011,2533
1005,2533
971,2533
963,2533
892,2533
822,2533
807,2533
737,2533
717,2533
666,2533
663,2533
607,2533
526,2533
427,2533
421,2533
418,2533
349,2533
301,2533
284,2533
268,2533
171,2533
102,2533
82,2533
37,2533
24,2533
3,2533
1327,2534
1284,2534
1259,2534
1181,2534
1157,2534
1150,2534
1114,2534
1101,2534
1059,2534
1029,2534
1010,2534
996,2534
943,2534
901,2534
900,2534
873,2534
854,2534
843,2534
755,2534
744,2534
717,2534
666,2534
663,2534
621,2534
607,2534
600,2534
577,2534
417,2534
253,2534
233,2534
227,2534
175,2534
156,2534
150,2534
145,2534
1280,2535
1274,2535
1272,2535
1263,2535
1214,2535
1160,2535
1150,2535
1133,2535
1110,2535
1097,2535
1059,2535
1029,2535
986,2535
947,2535
867,2535
851,2535
824,2535
809,2535
747,2535
744,2535
688,2535
600,2535
588,2535
566,2535
556,2535
553,2535
491,2535
271,2535
233,2535
223,2535
198,2535
168,2535
156,2535
134,2535
74,2535
1349,2536
1343,2536
1333,2536
1310,2536
1231,2536
1163,2536
1133,2536
1097,2536
1056,2536
963,2536
910,2536
844,2536
824,2536
809,2536
792,2536
769,2536
688,2536
687,2536
589,2536
491,2536
457,2536
324,2536
260,2536
258,2536
255,2536
244,2536
231,2536
212,2536
204,2536
187,2536
156,2536
154,2536
143,2536
134,2536
14,2536
1278,2537
1259,2537
1229,2537
1181,2537
1124,2537
1115,2537
1110,2537
986,2537
965,2537
963,2537
955,2537
918,2537
910,2537
895,2537
833,2537
826,2537
769,2537
744,2537
716,2537
697,2537
687,2537
595,2537
461,2537
455,2537
421,2537
391,2537
385,2537
275,2537
268,2537
260,2537
204,2537
170,2537
159,2537
154,2537
143,2537
1280,2538
1263,2538
1254,2538
1250,2538
1249,2538
1243,2538
1239,2538
1194,2538
1133,2538
1110,2538
1087,2538
1015,2538
986,2538
970,2538
917,2538
894,2538
868,2538
861,2538
859,2538
744,2538
737,2538
687,2538
663,2538
563,2538
562,2538
461,2538
447,2538
293,2538
210,2538
170,2538
156,2538
135,2538
106,2538
102,2538
63,2538
1281,2539
1263,2539
1260,2539
1229,2539
1186,2539
1176,2539
1173,2539
1141,2539
1128,2539
1097,2539
972,2539
851,2539
809,2539
807,2539
772,2539
769,2539
646,2539
643,2539
418,2539
411,2539
324,2539
293,2539
289,2539
260,2539
258,2539
215,2539
204,2539
192,2539
173,2539
170,2539
154,2539
42,2539
24,2539
18,2539
11,2539
1263,2540
1163,2540
1150,2540
1133,2540
1110,2540
1077,2540
1029,2540
986,2540
910,2540
900,2540
895,2540
867,2540
824,2540
809,2540
769,2540
744,2540
716,2540
688,2540
687,2540
629,2540
566,2540
556,2540
553,2540
440,2540
421,2540
391,2540
385,2540
293,2540
260,2540
244,2540
210,2540
198,2540
170,2540
143,2540
3,2540
1263,2541
1239,2541
1186,2541
1176,2541
1150,2541
1091,2541
1090,2541
1069,2541
1061,2541
963,2541
867,2541
861,2541
851,2541
826,2541
822,2541
801,2541
772,2541
769,2541
719,2541
717,2541
690,2541
687,2541
646,2541
629,2541
568,2541
513,2541
455,2541
421,2541
391,2541
324,2541
301,2541
250,2541
235,2541
210,2541
160,2541
1349,2542
1310,2542
1239,2542
1163,2542
1124,2542
1057,2542
1045,2542
1033,2542
992,2542
963,2542
935,2542
928,2542
867,2542
839,2542
822,2542
817,2542
792,2542
589,2542
563,2542
457,2542
380,2542
352,2542
301,2542
255,2542
212,2542
211,2542
207,2542
204,2542
201,2542
198,2542
157,2542
156,2542
154,2542
134,2542
107,2542
1334,2543
1321,2543
1263,2543
1249,2543
1243,2543
1233,2543
1220,2543
1194,2543
1184,2543
1173,2543
1162,2543
1118,2543
1065,2543
1029,2543
993,2543
952,2543
949,2543
871,2543
867,2543
851,2543
797,2543
775,2543
737,2543
730,2543
687,2543
646,2543
592,2543
421,2543
324,2543
180,2543
168,2543
100,2543
61,2543
12,2543
6,2543
1163,2544
1124,2544
1035,2544
869,2544
839,2544
788,2544
769,2544
643,2544
628,2544
617,2544
563,2544
502,2544
468,2544
464,2544
457,2544
426,2544
372,2544
260,2544
255,2544
246,2544
223,2544
212,2544
204,2544
201,2544
198,2544
156,2544
154,2544
149,2544
143,2544
138,2544
128,2544
106,2544
67,2544
17,2544
11,2544
1163,2545
1124,2545
1035,2545
869,2545
839,2545
788,2545
769,2545
643,2545
628,2545
617,2545
563,2545
502,2545
468,2545
464,2545
457,2545
426,2545
372,2545
260,2545
255,2545
246,2545
223,2545
212,2545
204,2545
201,2545
198,2545
156,2545
154,2545
149,2545
143,2545
138,2545
128,2545
106,2545
67,2545
17,2545
11,2545
1301,2546
1292,2546
1183,2546
935,2546
904,2546
900,2546
753,2546
742,2546
724,2546
680,2546
628,2546
623,2546
575,2546
563,2546
539,2546
529,2546
457,2546
449,2546
426,2546
424,2546
378,2546
375,2546
372,2546
351,2546
346,2546
312,2546
251,2546
223,2546
215,2546
208,2546
201,2546
173,2546
74,2546
53,2546
24,2546
1327,2547
1289,2547
1275,2547
1271,2547
1260,2547
1258,2547
1239,2547
1214,2547
1159,2547
1098,2547
1090,2547
1055,2547
1015,2547
992,2547
976,2547
963,2547
927,2547
859,2547
817,2547
788,2547
768,2547
733,2547
717,2547
674,2547
663,2547
660,2547
644,2547
629,2547
621,2547
568,2547
546,2547
406,2547
284,2547
204,2547
24,2547
1341,2548
1333,2548
1271,2548
1179,2548
1133,2548
1077,2548
1063,2548
1016,2548
913,2548
880,2548
746,2548
737,2548
716,2548
687,2548
672,2548
644,2548
638,2548
598,2548
540,2548
498,2548
489,2548
435,2548
427,2548
421,2548
408,2548
391,2548
376,2548
348,2548
248,2548
204,2548
186,2548
171,2548
145,2548
130,2548
87,2548
1307,2549
1294,2549
1275,2549
1266,2549
1239,2549
1181,2549
1173,2549
1159,2549
1150,2549
1143,2549
1096,2549
1072,2549
1020,2549
966,2549
917,2549
881,2549
859,2549
843,2549
830,2549
813,2549
721,2549
694,2549
689,2549
672,2549
663,2549
646,2549
644,2549
634,2549
629,2549
540,2549
525,2549
435,2549
418,2549
401,2549
318,2549
1349,2550
1333,2550
1310,2550
1296,2550
1045,2550
935,2550
928,2550
867,2550
862,2550
839,2550
809,2550
792,2550
754,2550
589,2550
563,2550
487,2550
457,2550
391,2550
258,2550
255,2550
244,2550
212,2550
211,2550
201,2550
197,2550
193,2550
187,2550
156,2550
154,2550
134,2550
107,2550
87,2550
12,2550
11,2550
7,2550
1207,2551
1163,2551
1154,2551
1102,2551
1087,2551
992,2551
963,2551
910,2551
904,2551
867,2551
822,2551
792,2551
767,2551
744,2551
687,2551
631,2551
618,2551
617,2551
594,2551
554,2551
545,2551
527,2551
472,2551
468,2551
429,2551
260,2551
258,2551
255,2551
227,2551
212,2551
204,2551
191,2551
170,2551
154,2551
24,2551
1269,2552
1259,2552
1257,2552
1229,2552
1212,2552
1171,2552
1163,2552
1161,2552
1124,2552
1069,2552
1029,2552
965,2552
952,2552
947,2552
943,2552
941,2552
926,2552
868,2552
833,2552
826,2552
820,2552
811,2552
789,2552
776,2552
744,2552
687,2552
535,2552
476,2552
363,2552
267,2552
266,2552
250,2552
222,2552
168,2552
107,2552
1333,2553
1320,2553
1259,2553
1239,2553
1199,2553
1167,2553
1110,2553
1087,2553
1035,2553
992,2553
986,2553
985,2553
963,2553
781,2553
769,2553
755,2553
744,2553
717,2553
644,2553
629,2553
421,2553
409,2553
406,2553
385,2553
260,2553
253,2553
204,2553
171,2553
154,2553
145,2553
129,2553
126,2553
91,2553
63,2553
13,2553
1269,2554
1264,2554
1259,2554
1257,2554
1229,2554
1223,2554
1212,2554
1167,2554
1115,2554
965,2554
963,2554
952,2554
910,2554
896,2554
871,2554
868,2554
848,2554
833,2554
820,2554
794,2554
789,2554
744,2554
715,2554
644,2554
617,2554
535,2554
506,2554
500,2554
363,2554
322,2554
321,2554
267,2554
266,2554
222,2554
107,2554
1269,2555
1259,2555
1257,2555
1229,2555
1223,2555
1212,2555
1167,2555
1115,2555
965,2555
963,2555
952,2555
910,2555
896,2555
871,2555
868,2555
848,2555
833,2555
825,2555
822,2555
820,2555
794,2555
789,2555
744,2555
732,2555
715,2555
644,2555
535,2555
506,2555
363,2555
322,2555
321,2555
267,2555
266,2555
236,2555
222,2555
1333,2556
1320,2556
1259,2556
1239,2556
1199,2556
1167,2556
1110,2556
1087,2556
1035,2556
992,2556
986,2556
985,2556
966,2556
963,2556
830,2556
781,2556
769,2556
755,2556
744,2556
717,2556
666,2556
644,2556
629,2556
421,2556
409,2556
406,2556
385,2556
260,2556
253,2556
204,2556
171,2556
154,2556
145,2556
129,2556
63,2556
1284,2557
1257,2557
1255,2557
1249,2557
1229,2557
1223,2557
1216,2557
1212,2557
1128,2557
1057,2557
1010,2557
979,2557
965,2557
952,2557
947,2557
871,2557
848,2557
844,2557
843,2557
833,2557
826,2557
789,2557
746,2557
744,2557
717,2557
647,2557
638,2557
599,2557
588,2557
535,2557
321,2557
289,2557
168,2557
160,2557
90,2557
1333,2558
1312,2558
1284,2558
1267,2558
1265,2558
1239,2558
1236,2558
1159,2558
1105,2558
1013,2558
992,2558
963,2558
938,2558
910,2558
909,2558
846,2558
839,2558
838,2558
827,2558
788,2558
744,2558
737,2558
717,2558
707,2558
696,2558
675,2558
658,2558
644,2558
629,2558
381,2558
268,2558
260,2558
129,2558
126,2558
13,2558
1281,2559
1263,2559
1249,2559
1243,2559
1186,2559
1176,2559
1163,2559
1110,2559
1087,2559
1072,2559
986,2559
894,2559
881,2559
867,2559
833,2559
824,2559
822,2559
809,2559
769,2559
744,2559
688,2559
663,2559
646,2559
637,2559
468,2559
462,2559
411,2559
379,2559
376,2559
324,2559
260,2559
258,2559
244,2559
204,2559
149,2559
59,2559
1333,2560
1271,2560
1260,2560
1250,2560
1239,2560
1193,2560
1159,2560
1143,2560
1071,2560
1065,2560
1055,2560
1015,2560
963,2560
843,2560
814,2560
813,2560
778,2560
737,2560
728,2560
717,2560
679,2560
672,2560
660,2560
653,2560
644,2560
629,2560
617,2560
500,2560
455,2560
435,2560
307,2560
303,2560
266,2560
168,2560
145,2560
1284,2561
1267,2561
1265,2561
1251,2561
1159,2561
1098,2561
1073,2561
1067,2561
1049,2561
1033,2561
1010,2561
992,2561
963,2561
938,2561
909,2561
846,2561
839,2561
838,2561
821,2561
806,2561
788,2561
744,2561
719,2561
717,2561
696,2561
675,2561
658,2561
644,2561
629,2561
479,2561
432,2561
268,2561
260,2561
204,2561
13,2561
1263,2562
1250,2562
1239,2562
1229,2562
1222,2562
1214,2562
1207,2562
1173,2562
1162,2562
1152,2562
1145,2562
1110,2562
1106,2562
1101,2562
1019,2562
986,2562
963,2562
941,2562
925,2562
869,2562
867,2562
774,2562
769,2562
719,2562
681,2562
546,2562
539,2562
501,2562
480,2562
454,2562
428,2562
369,2562
272,2562
145,2562
24,2562
1278,2563
1275,2563
1272,2563
1260,2563
1180,2563
1110,2563
1099,2563
1055,2563
992,2563
986,2563
975,2563
963,2563
940,2563
929,2563
918,2563
903,2563
900,2563
867,2563
859,2563
843,2563
814,2563
744,2563
728,2563
717,2563
702,2563
700,2563
687,2563
663,2563
644,2563
540,2563
406,2563
282,2563
275,2563
227,2563
204,2563
1333,2564
1307,2564
1271,2564
1239,2564
1214,2564
1164,2564
1150,2564
1078,2564
1050,2564
1028,2564
1014,2564
979,2564
913,2564
906,2564
802,2564
793,2564
737,2564
687,2564
682,2564
672,2564
664,2564
644,2564
636,2564
453,2564
435,2564
421,2564
418,2564
376,2564
338,2564
102,2564
57,2564
56,2564
28,2564
27,2564
24,2564
1333,2566
1281,2566
1252,2566
1245,2566
1193,2566
1173,2566
1159,2566
1140,2566
1071,2566
1055,2566
1020,2566
1019,2566
971,2566
963,2566
869,2566
837,2566
822,2566
813,2566
771,2566
760,2566
728,2566
716,2566
679,2566
663,2566
661,2566
649,2566
644,2566
617,2566
430,2566
336,2566
329,2566
303,2566
117,2566
28,2566
24,2566
1333,2567
1315,2567
1263,2567
1249,2567
1239,2567
1235,2567
1222,2567
1214,2567
1207,2567
1173,2567
1152,2567
1145,2567
1110,2567
1087,2567
986,2567
973,2567
963,2567
941,2567
867,2567
789,2567
778,2567
719,2567
681,2567
546,2567
539,2567
532,2567
529,2567
501,2567
454,2567
428,2567
426,2567
369,2567
332,2567
145,2567
24,2567
1333,2568
1281,2568
1274,2568
1255,2568
1250,2568
1239,2568
1235,2568
1161,2568
1152,2568
1150,2568
1104,2568
1069,2568
1029,2568
1020,2568
947,2568
941,2568
930,2568
910,2568
895,2568
794,2568
763,2568
744,2568
715,2568
599,2568
509,2568
487,2568
482,2568
462,2568
436,2568
295,2568
180,2568
145,2568
100,2568
76,2568
44,2568
1259,2569
1258,2569
1236,2569
1235,2569
1195,2569
1173,2569
1141,2569
1117,2569
1112,2569
1055,2569
1042,2569
998,2569
966,2569
927,2569
890,2569
830,2569
828,2569
824,2569
759,2569
700,2569
696,2569
693,2569
690,2569
688,2569
684,2569
679,2569
620,2569
616,2569
549,2569
411,2569
382,2569
336,2569
268,2569
204,2569
84,2569
1333,2570
1327,2570
1278,2570
1259,2570
1239,2570
1227,2570
1212,2570
1195,2570
1191,2570
1184,2570
1181,2570
1173,2570
1146,2570
1055,2570
1032,2570
917,2570
913,2570
836,2570
828,2570
819,2570
768,2570
740,2570
717,2570
663,2570
644,2570
621,2570
620,2570
549,2570
526,2570
427,2570
336,2570
317,2570
204,2570
198,2570
102,2570
1337,2571
1315,2571
1294,2571
1289,2571
1275,2571
1260,2571
1239,2571
1176,2571
1078,2571
1071,2571
1055,2571
1034,2571
1015,2571
1009,2571
990,2571
963,2571
917,2571
913,2571
859,2571
828,2571
761,2571
706,2571
693,2571
687,2571
684,2571
679,2571
646,2571
644,2571
526,2571
525,2571
453,2571
382,2571
338,2571
332,2571
204,2571
1307,2572
1246,2572
1150,2572
1107,2572
1065,2572
1028,2572
1014,2572
1010,2572
990,2572
979,2572
966,2572
963,2572
918,2572
906,2572
900,2572
881,2572
830,2572
777,2572
764,2572
723,2572
682,2572
664,2572
663,2572
644,2572
629,2572
445,2572
438,2572
434,2572
421,2572
418,2572
309,2572
301,2572
117,2572
44,2572
29,2572
1326,2573
1307,2573
1284,2573
1271,2573
1267,2573
1265,2573
1263,2573
1159,2573
1098,2573
1073,2573
1049,2573
1010,2573
992,2573
963,2573
938,2573
909,2573
880,2573
846,2573
838,2573
821,2573
788,2573
723,2573
719,2573
696,2573
675,2573
658,2573
653,2573
644,2573
629,2573
391,2573
268,2573
260,2573
255,2573
212,2573
204,2573
1246,2574
1163,2574
1133,2574
1097,2574
1087,2574
1085,2574
992,2574
910,2574
859,2574
824,2574
809,2574
780,2574
769,2574
688,2574
687,2574
554,2574
545,2574
541,2574
493,2574
462,2574
461,2574
457,2574
442,2574
411,2574
385,2574
301,2574
293,2574
260,2574
255,2574
212,2574
204,2574
170,2574
156,2574
154,2574
102,2574
1263,2575
1259,2575
1227,2575
1163,2575
1110,2575
1087,2575
1069,2575
1029,2575
986,2575
947,2575
941,2575
935,2575
867,2575
859,2575
822,2575
807,2575
744,2575
687,2575
554,2575
524,2575
454,2575
421,2575
385,2575
324,2575
301,2575
293,2575
260,2575
255,2575
212,2575
204,2575
156,2575
154,2575
143,2575
102,2575
12,2575
1284,2576
1281,2576
1274,2576
1263,2576
1259,2576
1249,2576
1229,2576
1186,2576
1057,2576
1055,2576
1050,2576
1010,2576
992,2576
942,2576
894,2576
858,2576
851,2576
836,2576
809,2576
807,2576
772,2576
744,2576
717,2576
637,2576
411,2576
324,2576
310,2576
260,2576
258,2576
204,2576
160,2576
154,2576
102,2576
82,2576
15,2576
1338,2577
1333,2577
1321,2577
1292,2577
1278,2577
1243,2577
1128,2577
1055,2577
972,2577
955,2577
846,2577
824,2577
809,2577
769,2577
722,2577
701,2577
688,2577
687,2577
671,2577
663,2577
637,2577
534,2577
507,2577
468,2577
461,2577
442,2577
428,2577
404,2577
403,2577
367,2577
324,2577
293,2577
231,2577
170,2577
49,2577
1340,2578
1333,2578
1325,2578
1295,2578
1292,2578
1263,2578
1259,2578
1246,2578
1239,2578
1177,2578
1163,2578
1128,2578
992,2578
963,2578
913,2578
822,2578
809,2578
792,2578
769,2578
754,2578
687,2578
663,2578
637,2578
463,2578
421,2578
360,2578
324,2578
231,2578
204,2578
187,2578
170,2578
154,2578
149,2578
143,2578
18,2578
1268,2579
1259,2579
1214,2579
1195,2579
1181,2579
1163,2579
1150,2579
966,2579
873,2579
867,2579
859,2579
851,2579
830,2579
819,2579
809,2579
750,2579
744,2579
715,2579
687,2579
629,2579
556,2579
553,2579
546,2579
468,2579
293,2579
260,2579
210,2579
204,2579
170,2579
156,2579
150,2579
143,2579
106,2579
74,2579
24,2579
1333,2580
1295,2580
1274,2580
1257,2580
1245,2580
1243,2580
1239,2580
1180,2580
1150,2580
1099,2580
1091,2580
1067,2580
979,2580
909,2580
897,2580
844,2580
838,2580
817,2580
769,2580
756,2580
687,2580
663,2580
658,2580
462,2580
379,2580
362,2580
352,2580
344,2580
293,2580
270,2580
170,2580
98,2580
37,2580
33,2580
14,2580
1333,2581
1329,2581
1278,2581
1259,2581
1222,2581
1061,2581
1055,2581
972,2581
837,2581
824,2581
822,2581
769,2581
767,2581
754,2581
688,2581
687,2581
671,2581
646,2581
534,2581
440,2581
421,2581
418,2581
403,2581
324,2581
309,2581
244,2581
237,2581
231,2581
204,2581
171,2581
170,2581
160,2581
149,2581
143,2581
12,2581
1229,2582
1167,2582
1163,2582
1133,2582
1115,2582
1006,2582
979,2582
965,2582
935,2582
910,2582
841,2582
819,2582
809,2582
792,2582
769,2582
737,2582
680,2582
554,2582
468,2582
457,2582
270,2582
260,2582
255,2582
244,2582
231,2582
212,2582
204,2582
187,2582
159,2582
154,2582
149,2582
143,2582
110,2582
54,2582
42,2582
1280,2583
1278,2583
1268,2583
1259,2583
1250,2583
1239,2583
1214,2583
1181,2583
1167,2583
1139,2583
1133,2583
1099,2583
992,2583
966,2583
965,2583
958,2583
938,2583
895,2583
830,2583
744,2583
737,2583
644,2583
629,2583
461,2583
455,2583
446,2583
411,2583
391,2583
385,2583
284,2583
275,2583
215,2583
191,2583
173,2583
80,2583
1260,2584
1259,2584
1214,2584
1133,2584
1087,2584
1029,2584
992,2584
973,2584
963,2584
935,2584
895,2584
867,2584
824,2584
807,2584
792,2584
769,2584
744,2584
688,2584
663,2584
578,2584
563,2584
527,2584
457,2584
429,2584
385,2584
341,2584
223,2584
204,2584
187,2584
170,2584
154,2584
149,2584
145,2584
143,2584
110,2584
1281,2585
1263,2585
1249,2585
1243,2585
1239,2585
1186,2585
1176,2585
1173,2585
1158,2585
1115,2585
1110,2585
1087,2585
1069,2585
1035,2585
992,2585
986,2585
963,2585
843,2585
809,2585
801,2585
772,2585
769,2585
646,2585
629,2585
331,2585
324,2585
289,2585
260,2585
258,2585
231,2585
204,2585
154,2585
74,2585
59,2585
53,2585
1292,2586
1259,2586
1239,2586
1133,2586
1118,2586
1097,2586
1055,2586
1042,2586
960,2586
931,2586
900,2586
895,2586
841,2586
837,2586
737,2586
728,2586
702,2586
687,2586
629,2586
620,2586
487,2586
413,2586
340,2586
324,2586
297,2586
293,2586
244,2586
237,2586
231,2586
189,2586
188,2586
159,2586
124,2586
59,2586
54,2586
1280,2587
1259,2587
1245,2587
1228,2587
1222,2587
1156,2587
1150,2587
1120,2587
1110,2587
986,2587
963,2587
955,2587
867,2587
841,2587
824,2587
802,2587
688,2587
574,2587
471,2587
447,2587
446,2587
440,2587
421,2587
391,2587
331,2587
309,2587
284,2587
270,2587
210,2587
171,2587
159,2587
156,2587
134,2587
75,2587
61,2587
1333,2588
1325,2588
1281,2588
1278,2588
1275,2588
1263,2588
1260,2588
1255,2588
1249,2588
1214,2588
1186,2588
1181,2588
1173,2588
1115,2588
1106,2588
1096,2588
1069,2588
1057,2588
1048,2588
1015,2588
859,2588
843,2588
825,2588
821,2588
801,2588
769,2588
709,2588
698,2588
646,2588
478,2588
456,2588
325,2588
293,2588
52,2588
32,2588
1334,2589
1315,2589
1296,2589
1214,2589
1189,2589
1183,2589
1093,2589
1055,2589
1042,2589
1035,2589
987,2589
975,2589
973,2589
944,2589
895,2589
894,2589
856,2589
824,2589
809,2589
688,2589
684,2589
662,2589
655,2589
625,2589
592,2589
531,2589
509,2589
487,2589
447,2589
357,2589
170,2589
145,2589
135,2589
106,2589
74,2589
1263,2590
1181,2590
1163,2590
1156,2590
1150,2590
1110,2590
1087,2590
1061,2590
1029,2590
992,2590
986,2590
966,2590
830,2590
824,2590
822,2590
809,2590
807,2590
792,2590
769,2590
767,2590
744,2590
688,2590
687,2590
624,2590
472,2590
403,2590
385,2590
260,2590
231,2590
204,2590
170,2590
160,2590
154,2590
149,2590
143,2590
1334,2591
1266,2591
1250,2591
1243,2591
1228,2591
1214,2591
1198,2591
1181,2591
1176,2591
1162,2591
1154,2591
1139,2591
1110,2591
1106,2591
1099,2591
1079,2591
996,2591
986,2591
923,2591
913,2591
801,2591
737,2591
702,2591
598,2591
561,2591
436,2591
421,2591
366,2591
309,2591
286,2591
215,2591
173,2591
171,2591
145,2591
102,2591
1333,2592
1280,2592
1274,2592
1263,2592
1253,2592
1097,2592
1012,2592
992,2592
979,2592
867,2592
824,2592
809,2592
754,2592
737,2592
688,2592
635,2592
629,2592
566,2592
556,2592
553,2592
513,2592
491,2592
421,2592
367,2592
324,2592
260,2592
258,2592
244,2592
231,2592
227,2592
189,2592
171,2592
170,2592
135,2592
14,2592
1280,2593
1272,2593
1222,2593
1207,2593
1150,2593
1133,2593
1087,2593
1079,2593
1029,2593
992,2593
947,2593
941,2593
935,2593
867,2593
859,2593
824,2593
809,2593
792,2593
744,2593
688,2593
687,2593
629,2593
624,2593
573,2593
564,2593
558,2593
482,2593
417,2593
293,2593
244,2593
223,2593
198,2593
170,2593
156,2593
143,2593
1280,2594
1272,2594
1268,2594
1250,2594
1239,2594
1235,2594
1232,2594
1218,2594
1204,2594
1187,2594
1126,2594
1114,2594
1040,2594
944,2594
886,2594
861,2594
837,2594
822,2594
807,2594
792,2594
721,2594
678,2594
576,2594
568,2594
563,2594
499,2594
493,2594
478,2594
421,2594
416,2594
306,2594
240,2594
210,2594
146,2594
134,2594
1333,2595
1296,2595
1268,2595
1239,2595
1214,2595
1212,2595
1173,2595
1050,2595
1016,2595
963,2595
895,2595
894,2595
867,2595
824,2595
809,2595
771,2595
769,2595
737,2595
688,2595
672,2595
627,2595
566,2595
563,2595
556,2595
553,2595
518,2595
487,2595
258,2595
231,2595
204,2595
154,2595
149,2595
134,2595
133,2595
14,2595
1340,2596
1333,2596
1325,2596
1264,2596
1259,2596
1177,2596
1163,2596
1133,2596
1101,2596
1087,2596
1069,2596
1029,2596
992,2596
965,2596
897,2596
873,2596
867,2596
854,2596
809,2596
807,2596
792,2596
769,2596
744,2596
600,2596
457,2596
454,2596
417,2596
360,2596
301,2596
293,2596
223,2596
204,2596
156,2596
154,2596
87,2596
1333,2597
1292,2597
1275,2597
1222,2597
1171,2597
973,2597
966,2597
963,2597
944,2597
935,2597
861,2597
859,2597
830,2597
792,2597
769,2597
766,2597
719,2597
663,2597
563,2597
562,2597
554,2597
545,2597
457,2597
445,2597
385,2597
341,2597
309,2597
301,2597
255,2597
231,2597
212,2597
187,2597
156,2597
76,2597
45,2597
1333,2598
1260,2598
1259,2598
1229,2598
1163,2598
1160,2598
1133,2598
1110,2598
1087,2598
992,2598
986,2598
965,2598
947,2598
941,2598
935,2598
910,2598
851,2598
809,2598
792,2598
769,2598
754,2598
744,2598
687,2598
554,2598
457,2598
293,2598
260,2598
258,2598
244,2598
231,2598
204,2598
170,2598
154,2598
143,2598
24,2598
1281,2599
1263,2599
1186,2599
1163,2599
1161,2599
1133,2599
1110,2599
1087,2599
1069,2599
992,2599
986,2599
965,2599
910,2599
867,2599
861,2599
826,2599
809,2599
772,2599
769,2599
744,2599
646,2599
637,2599
472,2599
385,2599
260,2599
258,2599
215,2599
210,2599
204,2599
187,2599
173,2599
170,2599
154,2599
143,2599
12,2599
1263,2600
1259,2600
1227,2600
1214,2600
1167,2600
1163,2600
1115,2600
1110,2600
1087,2600
986,2600
947,2600
910,2600
896,2600
895,2600
833,2600
824,2600
809,2600
769,2600
744,2600
737,2600
688,2600
687,2600
637,2600
629,2600
461,2600
421,2600
385,2600
331,2600
324,2600
309,2600
235,2600
204,2600
154,2600
80,2600
10,2600
1327,2601
1280,2601
1263,2601
1260,2601
1259,2601
1257,2601
1237,2601
1235,2601
1227,2601
1196,2601
1179,2601
1173,2601
1120,2601
1110,2601
1101,2601
1086,2601
1015,2601
992,2601
986,2601
965,2601
744,2601
737,2601
695,2601
681,2601
621,2601
562,2601
421,2601
385,2601
244,2601
227,2601
215,2601
173,2601
156,2601
145,2601
110,2601
1281,2602
1268,2602
1263,2602
1259,2602
1253,2602
1249,2602
1214,2602
1186,2602
1176,2602
1163,2602
1133,2602
1106,2602
1087,2602
1069,2602
1029,2602
992,2602
965,2602
867,2602
824,2602
809,2602
792,2602
744,2602
688,2602
635,2602
588,2602
385,2602
258,2602
255,2602
212,2602
204,2602
170,2602
156,2602
154,2602
150,2602
134,2602
1340,2603
1333,2603
1325,2603
1268,2603
1263,2603
1229,2603
1177,2603
1150,2603
1087,2603
1063,2603
1029,2603
992,2603
924,2603
824,2603
822,2603
789,2603
769,2603
744,2603
688,2603
636,2603
629,2603
628,2603
575,2603
564,2603
463,2603
455,2603
421,2603
411,2603
385,2603
360,2603
331,2603
293,2603
260,2603
204,2603
154,2603
1349,2604
1327,2604
1259,2604
1242,2604
1239,2604
1214,2604
1181,2604
1163,2604
1124,2604
1097,2604
1061,2604
955,2604
867,2604
769,2604
754,2604
697,2604
687,2604
621,2604
589,2604
483,2604
472,2604
421,2604
260,2604
258,2604
237,2604
204,2604
198,2604
189,2604
171,2604
170,2604
160,2604
154,2604
143,2604
14,2604
12,2604
1338,2605
1333,2605
1259,2605
1243,2605
1239,2605
1173,2605
1128,2605
992,2605
965,2605
955,2605
910,2605
851,2605
809,2605
769,2605
744,2605
687,2605
673,2605
663,2605
625,2605
509,2605
468,2605
457,2605
454,2605
421,2605
418,2605
293,2605
260,2605
252,2605
204,2605
171,2605
154,2605
150,2605
106,2605
74,2605
63,2605
1163,2606
1061,2606
1045,2606
1029,2606
977,2606
973,2606
963,2606
935,2606
895,2606
894,2606
867,2606
839,2606
832,2606
824,2606
822,2606
769,2606
715,2606
688,2606
663,2606
462,2606
457,2606
421,2606
309,2606
301,2606
260,2606
255,2606
212,2606
211,2606
204,2606
201,2606
160,2606
156,2606
154,2606
149,2606
107,2606
1284,2611
1267,2611
1236,2611
1187,2611
1186,2611
1159,2611
1057,2611
1024,2611
1012,2611
1010,2611
995,2611
992,2611
963,2611
938,2611
909,2611
858,2611
851,2611
846,2611
838,2611
788,2611
717,2611
707,2611
696,2611
690,2611
675,2611
658,2611
644,2611
629,2611
627,2611
564,2611
268,2611
250,2611
160,2611
59,2611
19,2611
1337,2613
1323,2613
1243,2613
1194,2613
1181,2613
1180,2613
1044,2613
1041,2613
1011,2613
1005,2613
944,2613
918,2613
904,2613
840,2613
832,2613
807,2613
753,2613
722,2613
697,2613
663,2613
660,2613
643,2613
617,2613
615,2613
603,2613
549,2613
446,2613
413,2613
411,2613
388,2613
385,2613
309,2613
293,2613
275,2613
63,2613
1280,2614
1274,2614
1263,2614
1259,2614
1160,2614
1050,2614
1029,2614
1015,2614
973,2614
966,2614
947,2614
941,2614
830,2614
828,2614
824,2614
809,2614
769,2614
744,2614
696,2614
688,2614
687,2614
663,2614
629,2614
628,2614
584,2614
482,2614
421,2614
417,2614
293,2614
268,2614
244,2614
204,2614
160,2614
156,2614
143,2614
1340,2615
1333,2615
1325,2615
1263,2615
1260,2615
1177,2615
1173,2615
1133,2615
1072,2615
1048,2615
992,2615
965,2615
821,2615
809,2615
792,2615
754,2615
744,2615
709,2615
687,2615
601,2615
559,2615
463,2615
410,2615
360,2615
324,2615
260,2615
258,2615
244,2615
204,2615
201,2615
187,2615
154,2615
149,2615
143,2615
10,2615
1284,2616
1267,2616
1248,2616
1236,2616
1187,2616
1186,2616
1159,2616
1069,2616
1012,2616
995,2616
992,2616
963,2616
938,2616
937,2616
929,2616
909,2616
846,2616
838,2616
817,2616
788,2616
772,2616
707,2616
696,2616
690,2616
675,2616
658,2616
644,2616
564,2616
495,2616
478,2616
352,2616
268,2616
52,2616
49,2616
19,2616
1284,2617
1267,2617
1255,2617
1240,2617
1236,2617
1187,2617
1186,2617
1159,2617
1107,2617
1024,2617
1012,2617
1010,2617
995,2617
992,2617
963,2617
938,2617
909,2617
851,2617
846,2617
838,2617
825,2617
788,2617
746,2617
717,2617
696,2617
690,2617
675,2617
658,2617
564,2617
480,2617
479,2617
321,2617
268,2617
132,2617
90,2617
1259,2618
1257,2618
1229,2618
1222,2618
1212,2618
1163,2618
1145,2618
1087,2618
1061,2618
1015,2618
975,2618
965,2618
943,2618
926,2618
910,2618
868,2618
848,2618
843,2618
833,2618
826,2618
794,2618
789,2618
776,2618
762,2618
638,2618
629,2618
562,2618
535,2618
447,2618
355,2618
260,2618
204,2618
160,2618
107,2618
93,2618
1284,2619
1259,2619
1257,2619
1250,2619
1214,2619
1173,2619
1167,2619
1150,2619
1115,2619
1101,2619
1094,2619
1029,2619
1012,2619
1010,2619
993,2619
981,2619
858,2619
851,2619
833,2619
808,2619
730,2619
717,2619
691,2619
681,2619
666,2619
627,2619
600,2619
306,2619
267,2619
233,2619
168,2619
160,2619
158,2619
75,2619
61,2619
1323,2620
1259,2620
1257,2620
1239,2620
1231,2620
1227,2620
1223,2620
1171,2620
1161,2620
1153,2620
1120,2620
1118,2620
1104,2620
970,2620
965,2620
935,2620
922,2620
910,2620
871,2620
855,2620
854,2620
822,2620
819,2620
818,2620
797,2620
792,2620
769,2620
762,2620
744,2620
501,2620
476,2620
448,2620
272,2620
170,2620
110,2620
1338,2621
1336,2621
1317,2621
1304,2621
1285,2621
1193,2621
1111,2621
1071,2621
1055,2621
1011,2621
814,2621
813,2621
785,2621
728,2621
720,2621
595,2621
507,2621
477,2621
442,2621
418,2621
404,2621
392,2621
387,2621
367,2621
358,2621
347,2621
329,2621
328,2621
324,2621
282,2621
277,2621
245,2621
64,2621
55,2621
9,2621
1263,2622
1255,2622
1249,2622
1161,2622
1115,2622
1107,2622
1062,2622
1057,2622
1053,2622
992,2622
965,2622
963,2622
947,2622
941,2622
935,2622
868,2622
867,2622
861,2622
843,2622
833,2622
822,2622
819,2622
797,2622
769,2622
715,2622
687,2622
646,2622
462,2622
301,2622
260,2622
255,2622
237,2622
212,2622
204,2622
154,2622
1269,2623
1259,2623
1229,2623
1212,2623
1167,2623
1061,2623
1001,2623
963,2623
956,2623
896,2623
833,2623
820,2623
755,2623
744,2623
732,2623
715,2623
655,2623
647,2623
644,2623
617,2623
535,2623
506,2623
480,2623
431,2623
400,2623
321,2623
266,2623
236,2623
222,2623
187,2623
160,2623
145,2623
143,2623
63,2623
54,2623
1328,2625
1284,2625
1267,2625
1244,2625
1236,2625
1187,2625
1159,2625
1149,2625
1107,2625
1057,2625
1014,2625
1012,2625
1010,2625
995,2625
992,2625
963,2625
938,2625
932,2625
909,2625
846,2625
838,2625
788,2625
707,2625
696,2625
690,2625
675,2625
663,2625
658,2625
644,2625
564,2625
518,2625
438,2625
434,2625
268,2625
19,2625
1321,2627
1284,2627
1259,2627
1257,2627
1250,2627
1214,2627
1194,2627
1167,2627
1150,2627
1115,2627
1101,2627
1094,2627
1059,2627
1012,2627
1010,2627
993,2627
851,2627
833,2627
808,2627
730,2627
717,2627
691,2627
681,2627
666,2627
627,2627
600,2627
431,2627
306,2627
287,2627
267,2627
233,2627
168,2627
160,2627
75,2627
61,2627
1257,2628
1229,2628
1216,2628
1212,2628
1012,2628
965,2628
959,2628
952,2628
947,2628
943,2628
941,2628
868,2628
861,2628
855,2628
848,2628
844,2628
833,2628
826,2628
821,2628
794,2628
789,2628
762,2628
717,2628
715,2628
588,2628
579,2628
535,2628
521,2628
501,2628
476,2628
272,2628
267,2628
250,2628
107,2628
90,2628
1236,2629
1178,2629
1173,2629
1108,2629
1048,2629
963,2629
911,2629
901,2629
828,2629
824,2629
823,2629
812,2629
806,2629
781,2629
772,2629
707,2629
700,2629
696,2629
691,2629
690,2629
688,2629
628,2629
617,2629
479,2629
434,2629
421,2629
411,2629
294,2629
268,2629
204,2629
171,2629
154,2629
86,2629
85,2629
58,2629
1338,2630
1329,2630
1240,2630
1200,2630
1041,2630
1022,2630
1014,2630
1013,2630
893,2630
856,2630
824,2630
815,2630
814,2630
707,2630
702,2630
690,2630
688,2630
564,2630
507,2630
480,2630
479,2630
442,2630
434,2630
428,2630
418,2630
413,2630
404,2630
365,2630
349,2630
341,2630
324,2630
204,2630
186,2630
178,2630
9,2630
1304,2631
1043,2631
1042,2631
1028,2631
997,2631
969,2631
898,2631
814,2631
802,2631
783,2631
781,2631
728,2631
711,2631
702,2631
665,2631
620,2631
595,2631
564,2631
507,2631
497,2631
466,2631
418,2631
404,2631
367,2631
365,2631
359,2631
358,2631
340,2631
324,2631
285,2631
277,2631
178,2631
124,2631
55,2631
9,2631
1302,2632
1301,2632
1292,2632
1183,2632
999,2632
925,2632
904,2632
753,2632
747,2632
643,2632
642,2632
564,2632
539,2632
531,2632
502,2632
475,2632
468,2632
449,2632
426,2632
424,2632
419,2632
386,2632
378,2632
375,2632
372,2632
354,2632
312,2632
263,2632
246,2632
223,2632
149,2632
67,2632
42,2632
24,2632
11,2632
1259,2633
1257,2633
1255,2633
1254,2633
1246,2633
1239,2633
1229,2633
1227,2633
1157,2633
1139,2633
1135,2633
1130,2633
1128,2633
1122,2633
1120,2633
1064,2633
1006,2633
943,2633
922,2633
900,2633
868,2633
858,2633
855,2633
849,2633
626,2633
501,2633
476,2633
439,2633
272,2633
235,2633
222,2633
182,2633
41,2633
38,2633
15,2633
1346,2634
1336,2634
1329,2634
1222,2634
1187,2634
1046,2634
1044,2634
1041,2634
1011,2634
1005,2634
987,2634
955,2634
950,2634
909,2634
856,2634
766,2634
728,2634
727,2634
676,2634
580,2634
523,2634
507,2634
447,2634
394,2634
392,2634
368,2634
367,2634
349,2634
319,2634
317,2634
178,2634
107,2634
59,2634
45,2634
29,2634
1341,2635
1289,2635
1254,2635
1250,2635
1202,2635
1129,2635
1074,2635
1064,2635
1042,2635
1034,2635
1027,2635
1009,2635
989,2635
929,2635
917,2635
907,2635
791,2635
778,2635
771,2635
728,2635
652,2635
629,2635
616,2635
453,2635
413,2635
366,2635
318,2635
303,2635
290,2635
211,2635
192,2635
188,2635
124,2635
104,2635
33,2635
1266,2636
1138,2636
1111,2636
1103,2636
1093,2636
1055,2636
1050,2636
1042,2636
1036,2636
1031,2636
1020,2636
1018,2636
888,2636
803,2636
787,2636
773,2636
768,2636
740,2636
735,2636
679,2636
674,2636
661,2636
606,2636
560,2636
485,2636
379,2636
366,2636
337,2636
283,2636
280,2636
66,2636
63,2636
58,2636
28,2636
18,2636
1339,2637
1338,2637
1288,2637
1240,2637
1236,2637
1178,2637
1105,2637
1088,2637
1022,2637
1014,2637
1013,2637
893,2637
824,2637
815,2637
812,2637
800,2637
744,2637
707,2637
702,2637
696,2637
690,2637
688,2637
507,2637
480,2637
479,2637
434,2637
365,2637
295,2637
268,2637
186,2637
178,2637
72,2637
59,2637
49,2637
45,2637
1338,2638
1329,2638
1274,2638
1240,2638
1236,2638
1214,2638
1178,2638
1105,2638
1088,2638
1041,2638
1022,2638
1014,2638
1013,2638
955,2638
893,2638
824,2638
815,2638
707,2638
702,2638
690,2638
688,2638
564,2638
507,2638
480,2638
479,2638
442,2638
434,2638
413,2638
365,2638
341,2638
324,2638
268,2638
178,2638
72,2638
9,2638
1295,2639
1245,2639
1244,2639
1236,2639
1164,2639
1150,2639
1138,2639
1123,2639
1076,2639
1055,2639
1038,2639
989,2639
913,2639
828,2639
823,2639
812,2639
794,2639
772,2639
707,2639
696,2639
691,2639
690,2639
687,2639
684,2639
628,2639
617,2639
616,2639
525,2639
434,2639
411,2639
268,2639
124,2639
86,2639
85,2639
48,2639
1275,2640
1245,2640
1239,2640
1236,2640
1164,2640
1150,2640
1138,2640
1123,2640
1090,2640
1088,2640
1076,2640
1055,2640
1015,2640
989,2640
913,2640
828,2640
823,2640
794,2640
772,2640
707,2640
696,2640
691,2640
690,2640
687,2640
684,2640
666,2640
628,2640
617,2640
584,2640
525,2640
434,2640
411,2640
268,2640
124,2640
48,2640
1289,2641
1246,2641
1236,2641
1145,2641
1108,2641
1077,2641
1045,2641
1035,2641
1027,2641
1024,2641
1014,2641
996,2641
965,2641
963,2641
911,2641
908,2641
844,2641
824,2641
781,2641
755,2641
707,2641
700,2641
696,2641
690,2641
688,2641
686,2641
575,2641
453,2641
434,2641
368,2641
318,2641
268,2641
211,2641
192,2641
128,2641
22,2641
1289,2642
1278,2642
1263,2642
1255,2642
1240,2642
1236,2642
1217,2642
1186,2642
1178,2642
1108,2642
1105,2642
1022,2642
1014,2642
1013,2642
1009,2642
911,2642
828,2642
824,2642
815,2642
812,2642
800,2642
707,2642
700,2642
696,2642
690,2642
688,2642
686,2642
479,2642
453,2642
434,2642
268,2642
260,2642
186,2642
95,2642
72,2642
1289,2643
1288,2643
1240,2643
1236,2643
1178,2643
1105,2643
1045,2643
1027,2643
1022,2643
1014,2643
1013,2643
1009,2643
917,2643
911,2643
908,2643
893,2643
824,2643
815,2643
813,2643
812,2643
800,2643
781,2643
707,2643
700,2643
696,2643
690,2643
688,2643
686,2643
657,2643
479,2643
453,2643
434,2643
268,2643
186,2643
72,2643
1240,2644
1239,2644
1173,2644
1088,2644
1055,2644
1014,2644
1013,2644
893,2644
856,2644
824,2644
815,2644
814,2644
728,2644
707,2644
702,2644
696,2644
690,2644
688,2644
665,2644
507,2644
480,2644
479,2644
442,2644
434,2644
418,2644
404,2644
392,2644
367,2644
365,2644
349,2644
335,2644
328,2644
324,2644
178,2644
9,2644
1275,2645
1245,2645
1236,2645
1138,2645
1100,2645
1063,2645
1013,2645
998,2645
913,2645
903,2645
874,2645
749,2645
707,2645
696,2645
690,2645
686,2645
684,2645
663,2645
629,2645
617,2645
584,2645
570,2645
434,2645
427,2645
411,2645
388,2645
329,2645
327,2645
268,2645
186,2645
115,2645
58,2645
57,2645
46,2645
19,2645
1339,2646
1330,2646
1290,2646
1269,2646
1240,2646
1178,2646
1167,2646
1105,2646
1022,2646
1014,2646
956,2646
896,2646
833,2646
815,2646
812,2646
719,2646
717,2646
707,2646
680,2646
677,2646
675,2646
657,2646
480,2646
479,2646
431,2646
426,2646
373,2646
310,2646
232,2646
186,2646
183,2646
86,2646
85,2646
72,2646
52,2646
1284,2647
1281,2647
1257,2647
1246,2647
1239,2647
1227,2647
1161,2647
1157,2647
1150,2647
1139,2647
1118,2647
1092,2647
1065,2647
1057,2647
1010,2647
981,2647
965,2647
947,2647
941,2647
868,2647
861,2647
858,2647
855,2647
844,2647
833,2647
826,2647
797,2647
717,2647
715,2647
501,2647
462,2647
418,2647
272,2647
168,2647
76,2647
1263,2648
1254,2648
1233,2648
1231,2648
1214,2648
1212,2648
1173,2648
1167,2648
1150,2648
1139,2648
1094,2648
1087,2648
1029,2648
996,2648
973,2648
963,2648
935,2648
851,2648
833,2648
822,2648
769,2648
744,2648
730,2648
717,2648
687,2648
681,2648
632,2648
600,2648
539,2648
462,2648
370,2648
322,2648
267,2648
145,2648
61,2648
1284,2649
1259,2649
1257,2649
1229,2649
1227,2649
1212,2649
1150,2649
1057,2649
1010,2649
966,2649
965,2649
910,2649
868,2649
851,2649
848,2649
833,2649
830,2649
825,2649
762,2649
746,2649
717,2649
687,2649
629,2649
562,2649
501,2649
439,2649
321,2649
272,2649
250,2649
160,2649
90,2649
76,2649
61,2649
54,2649
6,2649
1284,2650
1259,2650
1229,2650
1212,2650
1139,2650
1128,2650
1057,2650
1029,2650
1010,2650
996,2650
992,2650
965,2650
963,2650
952,2650
947,2650
943,2650
941,2650
900,2650
868,2650
858,2650
851,2650
848,2650
833,2650
789,2650
687,2650
562,2650
535,2650
380,2650
322,2650
267,2650
260,2650
235,2650
233,2650
143,2650
107,2650
1263,2651
1212,2651
1163,2651
1133,2651
1061,2651
992,2651
965,2651
935,2651
848,2651
820,2651
789,2651
769,2651
744,2651
737,2651
687,2651
658,2651
635,2651
494,2651
472,2651
407,2651
369,2651
271,2651
266,2651
260,2651
235,2651
225,2651
204,2651
187,2651
186,2651
170,2651
160,2651
154,2651
143,2651
91,2651
76,2651
1259,2652
1257,2652
1229,2652
1227,2652
1214,2652
1173,2652
1161,2652
1115,2652
1107,2652
1104,2652
1061,2652
993,2652
992,2652
970,2652
947,2652
941,2652
910,2652
869,2652
868,2652
862,2652
843,2652
833,2652
825,2652
819,2652
769,2652
744,2652
687,2652
629,2652
476,2652
472,2652
464,2652
462,2652
377,2652
260,2652
160,2652
1349,2653
1281,2653
1259,2653
1257,2653
1239,2653
1231,2653
1163,2653
1161,2653
1157,2653
1153,2653
1118,2653
1104,2653
1061,2653
992,2653
973,2653
970,2653
963,2653
947,2653
941,2653
922,2653
910,2653
857,2653
855,2653
833,2653
826,2653
819,2653
818,2653
797,2653
589,2653
476,2653
462,2653
287,2653
201,2653
168,2653
145,2653
1339,2654
1330,2654
1284,2654
1255,2654
1240,2654
1186,2654
1178,2654
1167,2654
1114,2654
1105,2654
1066,2654
1022,2654
1014,2654
1013,2654
1010,2654
858,2654
815,2654
812,2654
806,2654
719,2654
717,2654
707,2654
680,2654
677,2654
675,2654
657,2654
611,2654
479,2654
446,2654
186,2654
90,2654
86,2654
85,2654
52,2654
15,2654
1321,2655
1294,2655
1266,2655
1243,2655
1226,2655
1194,2655
1164,2655
1150,2655
1147,2655
1146,2655
1124,2655
1094,2655
993,2655
949,2655
891,2655
846,2655
845,2655
822,2655
730,2655
669,2655
600,2655
559,2655
546,2655
538,2655
522,2655
514,2655
462,2655
455,2655
293,2655
267,2655
233,2655
157,2655
107,2655
75,2655
30,2655
1292,2656
1142,2656
1128,2656
1053,2656
1048,2656
935,2656
925,2656
869,2656
851,2656
825,2656
819,2656
805,2656
719,2656
709,2656
610,2656
464,2656
457,2656
449,2656
426,2656
404,2656
386,2656
377,2656
375,2656
351,2656
346,2656
325,2656
312,2656
260,2656
95,2656
79,2656
74,2656
42,2656
39,2656
27,2656
24,2656
1284,2657
1281,2657
1257,2657
1246,2657
1239,2657
1227,2657
1186,2657
1161,2657
1157,2657
1130,2657
1118,2657
1092,2657
1057,2657
1010,2657
981,2657
965,2657
947,2657
941,2657
894,2657
868,2657
858,2657
855,2657
848,2657
844,2657
843,2657
833,2657
826,2657
797,2657
717,2657
715,2657
564,2657
462,2657
250,2657
168,2657
76,2657
1349,2658
1206,2658
1137,2658
1002,2658
976,2658
816,2658
767,2658
647,2658
599,2658
589,2658
544,2658
518,2658
503,2658
487,2658
484,2658
473,2658
441,2658
440,2658
404,2658
391,2658
369,2658
269,2658
246,2658
225,2658
218,2658
189,2658
153,2658
145,2658
135,2658
96,2658
93,2658
74,2658
68,2658
59,2658
12,2658
1344,2659
1342,2659
1332,2659
1329,2659
1320,2659
1312,2659
1256,2659
1241,2659
1007,2659
982,2659
972,2659
962,2659
952,2659
882,2659
724,2659
671,2659
667,2659
639,2659
603,2659
593,2659
552,2659
550,2659
548,2659
512,2659
446,2659
406,2659
387,2659
384,2659
276,2659
274,2659
176,2659
129,2659
109,2659
105,2659
44,2659
1346,2660
1335,2660
1306,2660
1246,2660
1228,2660
1222,2660
997,2660
976,2660
972,2660
827,2660
825,2660
762,2660
724,2660
717,2660
626,2660
603,2660
534,2660
446,2660
403,2660
381,2660
377,2660
371,2660
364,2660
288,2660
277,2660
276,2660
275,2660
269,2660
260,2660
168,2660
134,2660
131,2660
111,2660
93,2660
20,2660
1321,2662
1267,2662
1262,2662
1233,2662
1226,2662
1214,2662
1145,2662
1135,2662
1065,2662
1001,2662
965,2662
952,2662
943,2662
926,2662
848,2662
776,2662
766,2662
546,2662
513,2662
501,2662
490,2662
481,2662
380,2662
363,2662
272,2662
270,2662
267,2662
235,2662
222,2662
168,2662
157,2662
107,2662
88,2662
76,2662
6,2662
1284,2663
1280,2663
1268,2663
1267,2663
1260,2663
1255,2663
1249,2663
1181,2663
1133,2663
1114,2663
1101,2663
1012,2663
1010,2663
996,2663
995,2663
900,2663
861,2663
858,2663
851,2663
846,2663
843,2663
717,2663
624,2663
611,2663
592,2663
588,2663
564,2663
558,2663
198,2663
189,2663
160,2663
90,2663
51,2663
23,2663
15,2663
1291,2664
1227,2664
1207,2664
1181,2664
1143,2664
1137,2664
1132,2664
1128,2664
1122,2664
1056,2664
979,2664
973,2664
922,2664
822,2664
766,2664
715,2664
687,2664
599,2664
546,2664
496,2664
494,2664
440,2664
419,2664
311,2664
280,2664
260,2664
253,2664
246,2664
233,2664
210,2664
198,2664
168,2664
162,2664
154,2664
133,2664
1283,2665
1259,2665
1257,2665
1229,2665
1163,2665
1161,2665
1159,2665
1150,2665
1008,2665
992,2665
965,2665
910,2665
866,2665
839,2665
838,2665
817,2665
800,2665
788,2665
744,2665
675,2665
658,2665
528,2665
500,2665
479,2665
431,2665
391,2665
355,2665
352,2665
260,2665
227,2665
204,2665
201,2665
193,2665
154,2665
143,2665
1259,2666
1257,2666
1246,2666
1229,2666
1223,2666
1133,2666
1110,2666
1087,2666
1050,2666
992,2666
986,2666
965,2666
963,2666
952,2666
941,2666
894,2666
871,2666
833,2666
826,2666
822,2666
800,2666
789,2666
769,2666
767,2666
744,2666
663,2666
658,2666
617,2666
529,2666
513,2666
462,2666
421,2666
411,2666
204,2666
154,2666
1306,2667
1302,2667
1301,2667
1292,2667
1197,2667
1136,2667
1107,2667
1105,2667
1090,2667
1088,2667
1061,2667
990,2667
932,2667
855,2667
763,2667
623,2667
610,2667
603,2667
544,2667
539,2667
515,2667
512,2667
480,2667
479,2667
457,2667
449,2667
446,2667
428,2667
426,2667
332,2667
312,2667
287,2667
160,2667
79,2667
13,2667
1284,2668
1259,2668
1242,2668
1229,2668
1227,2668
1158,2668
1150,2668
1139,2668
1128,2668
1115,2668
1106,2668
1012,2668
1010,2668
979,2668
965,2668
935,2668
910,2668
851,2668
789,2668
767,2668
687,2668
681,2668
666,2668
588,2668
421,2668
270,2668
260,2668
235,2668
227,2668
171,2668
149,2668
110,2668
93,2668
24,2668
15,2668
1301,2669
1292,2669
1286,2669
1232,2669
1183,2669
1136,2669
1117,2669
935,2669
925,2669
835,2669
742,2669
719,2669
680,2669
623,2669
599,2669
554,2669
545,2669
531,2669
449,2669
426,2669
424,2669
378,2669
375,2669
372,2669
351,2669
346,2669
312,2669
270,2669
246,2669
201,2669
79,2669
74,2669
42,2669
24,2669
3,2669
1284,2670
1242,2670
1132,2670
1097,2670
1010,2670
858,2670
816,2670
767,2670
766,2670
746,2670
670,2670
647,2670
599,2670
598,2670
588,2670
580,2670
544,2670
541,2670
505,2670
502,2670
473,2670
441,2670
421,2670
402,2670
278,2670
271,2670
269,2670
235,2670
218,2670
168,2670
102,2670
90,2670
76,2670
15,2670
12,2670
1352,2671
1320,2671
1263,2671
1262,2671
1185,2671
1163,2671
1135,2671
1127,2671
1064,2671
1001,2671
956,2671
952,2671
943,2671
876,2671
820,2671
658,2671
635,2671
612,2671
431,2671
407,2671
287,2671
284,2671
270,2671
266,2671
235,2671
222,2671
187,2671
168,2671
93,2671
76,2671
63,2671
53,2671
28,2671
24,2671
3,2671
1349,2672
1281,2672
1263,2672
1260,2672
1255,2672
1250,2672
1214,2672
1167,2672
1163,2672
1133,2672
1115,2672
1087,2672
1061,2672
1015,2672
992,2672
963,2672
910,2672
843,2672
822,2672
746,2672
744,2672
713,2672
691,2672
687,2672
589,2672
506,2672
472,2672
462,2672
321,2672
211,2672
168,2672
160,2672
154,2672
145,2672
32,2672
30,2672
1270,2673
1232,2673
1136,2673
1097,2673
928,2673
880,2673
774,2673
766,2673
737,2673
716,2673
599,2673
598,2673
580,2673
572,2673
544,2673
541,2673
530,2673
515,2673
498,2673
493,2673
473,2673
467,2673
447,2673
407,2673
348,2673
271,2673
269,2673
253,2673
215,2673
211,2673
184,2673
173,2673
160,2673
131,2673
12,2673
1284,2674
1259,2674
1257,2674
1229,2674
1227,2674
1186,2674
1163,2674
1161,2674
1128,2674
1087,2674
1071,2674
1057,2674
1010,2674
992,2674
965,2674
947,2674
941,2674
930,2674
910,2674
868,2674
858,2674
848,2674
833,2674
792,2674
789,2674
769,2674
744,2674
535,2674
322,2674
267,2674
204,2674
154,2674
107,2674
27,2674
15,2674
1302,2675
1301,2675
1292,2675
1286,2675
1183,2675
1066,2675
1013,2675
990,2675
944,2675
932,2675
925,2675
904,2675
840,2675
753,2675
747,2675
719,2675
680,2675
642,2675
641,2675
623,2675
539,2675
502,2675
457,2675
449,2675
426,2675
424,2675
375,2675
372,2675
354,2675
312,2675
246,2675
223,2675
79,2675
42,2675
24,2675
1281,2676
1278,2676
1263,2676
1246,2676
1242,2676
1229,2676
1214,2676
1133,2676
1087,2676
1077,2676
1048,2676
1029,2676
992,2676
963,2676
947,2676
941,2676
935,2676
769,2676
767,2676
744,2676
687,2676
663,2676
658,2676
647,2676
598,2676
496,2676
457,2676
411,2676
403,2676
385,2676
260,2676
204,2676
187,2676
160,2676
154,2676
1309,2677
1234,2677
1205,2677
1203,2677
1145,2677
1135,2677
1111,2677
1043,2677
969,2677
955,2677
824,2677
766,2677
712,2677
711,2677
688,2677
665,2677
620,2677
595,2677
575,2677
570,2677
446,2677
442,2677
404,2677
368,2677
365,2677
359,2677
340,2677
324,2677
296,2677
285,2677
282,2677
64,2677
59,2677
37,2677
9,2677
1326,2678
1223,2678
1222,2678
1107,2678
1061,2678
1014,2678
979,2678
952,2678
932,2678
880,2678
871,2678
836,2678
817,2678
766,2678
732,2678
640,2678
545,2678
497,2678
440,2678
421,2678
370,2678
368,2678
272,2678
251,2678
246,2678
236,2678
180,2678
166,2678
160,2678
143,2678
134,2678
100,2678
91,2678
76,2678
7,2678
1284,2679
1269,2679
1259,2679
1257,2679
1229,2679
1212,2679
1163,2679
1012,2679
965,2679
947,2679
941,2679
868,2679
861,2679
851,2679
848,2679
843,2679
833,2679
826,2679
821,2679
794,2679
789,2679
762,2679
717,2679
715,2679
709,2679
599,2679
588,2679
535,2679
501,2679
321,2679
272,2679
267,2679
160,2679
107,2679
90,2679
1239,2680
1216,2680
1199,2680
1168,2680
1161,2680
1151,2680
1135,2680
1122,2680
1106,2680
1059,2680
1048,2680
973,2680
956,2680
943,2680
867,2680
857,2680
844,2680
819,2680
607,2680
594,2680
546,2680
545,2680
541,2680
431,2680
430,2680
409,2680
402,2680
334,2680
272,2680
271,2680
260,2680
156,2680
93,2680
91,2680
3,2680
1334,2681
1306,2681
1295,2681
1180,2681
1136,2681
1046,2681
1044,2681
1041,2681
1017,2681
1011,2681
1005,2681
995,2681
958,2681
925,2681
895,2681
879,2681
812,2681
786,2681
766,2681
676,2681
665,2681
654,2681
629,2681
603,2681
564,2681
557,2681
518,2681
515,2681
510,2681
495,2681
287,2681
211,2681
165,2681
116,2681
6,2681
1306,2682
1258,2682
1254,2682
1163,2682
1139,2682
1129,2682
1127,2682
1122,2682
1110,2682
1101,2682
1095,2682
996,2682
986,2682
974,2682
873,2682
848,2682
802,2682
781,2682
762,2682
695,2682
673,2682
664,2682
588,2682
568,2682
436,2682
431,2682
430,2682
426,2682
394,2682
343,2682
334,2682
168,2682
146,2682
93,2682
60,2682
1321,2683
1263,2683
1259,2683
1239,2683
1226,2683
1220,2683
1186,2683
1159,2683
1133,2683
1124,2683
1055,2683
1011,2683
1010,2683
947,2683
941,2683
900,2683
894,2683
868,2683
851,2683
826,2683
808,2683
746,2683
736,2683
728,2683
716,2683
687,2683
584,2683
462,2683
442,2683
333,2683
267,2683
250,2683
186,2683
88,2683
44,2683
1334,2684
1284,2684
1233,2684
1204,2684
1064,2684
1010,2684
948,2684
900,2684
876,2684
858,2684
766,2684
746,2684
721,2684
607,2684
604,2684
599,2684
598,2684
580,2684
574,2684
542,2684
517,2684
515,2684
473,2684
440,2684
416,2684
377,2684
348,2684
271,2684
243,2684
168,2684
102,2684
93,2684
15,2684
12,2684
7,2684
1336,2685
1317,2685
1285,2685
1254,2685
1160,2685
1101,2685
1065,2685
1055,2685
1020,2685
888,2685
873,2685
814,2685
785,2685
766,2685
728,2685
648,2685
595,2685
546,2685
525,2685
477,2685
456,2685
447,2685
398,2685
392,2685
367,2685
358,2685
356,2685
347,2685
303,2685
290,2685
245,2685
233,2685
185,2685
55,2685
37,2685
1321,2686
1304,2686
1285,2686
1243,2686
1071,2686
1055,2686
987,2686
898,2686
881,2686
856,2686
814,2686
813,2686
783,2686
728,2686
727,2686
665,2686
570,2686
507,2686
442,2686
406,2686
404,2686
392,2686
368,2686
367,2686
358,2686
347,2686
335,2686
329,2686
324,2686
277,2686
245,2686
224,2686
213,2686
34,2686
9,2686
1349,2687
1283,2687
1250,2687
1233,2687
1232,2687
1204,2687
1126,2687
948,2687
880,2687
816,2687
766,2687
721,2687
598,2687
589,2687
580,2687
571,2687
544,2687
518,2687
493,2687
489,2687
484,2687
473,2687
467,2687
441,2687
440,2687
357,2687
348,2687
271,2687
269,2687
248,2687
225,2687
218,2687
146,2687
93,2687
12,2687
1351,2688
1254,2688
1249,2688
1239,2688
1233,2688
1232,2688
1214,2688
1174,2688
1139,2688
1135,2688
1132,2688
1069,2688
1065,2688
1023,2688
996,2688
960,2688
952,2688
866,2688
844,2688
766,2688
598,2688
580,2688
503,2688
484,2688
476,2688
456,2688
357,2688
343,2688
270,2688
269,2688
235,2688
168,2688
88,2688
34,2688
7,2688
1353,2689
1348,2689
1276,2689
1254,2689
1198,2689
1179,2689
1174,2689
1160,2689
1135,2689
1122,2689
1101,2689
1077,2689
1075,2689
1065,2689
939,2689
873,2689
731,2689
692,2689
689,2689
622,2689
600,2689
546,2689
541,2689
478,2689
454,2689
356,2689
306,2689
256,2689
233,2689
185,2689
158,2689
116,2689
53,2689
29,2689
20,2689
1346,2690
1261,2690
1245,2690
1160,2690
1137,2690
1101,2690
1029,2690
996,2690
873,2690
848,2690
826,2690
795,2690
763,2690
731,2690
696,2690
692,2690
600,2690
599,2690
454,2690
447,2690
420,2690
417,2690
393,2690
364,2690
358,2690
356,2690
353,2690
312,2690
285,2690
269,2690
268,2690
233,2690
61,2690
34,2690
23,2690
1341,2691
1298,2691
1287,2691
1230,2691
1223,2691
1218,2691
1193,2691
1172,2691
1135,2691
938,2691
858,2691
838,2691
817,2691
800,2691
785,2691
766,2691
658,2691
654,2691
500,2691
456,2691
431,2691
376,2691
355,2691
352,2691
334,2691
325,2691
310,2691
233,2691
227,2691
168,2691
118,2691
93,2691
88,2691
65,2691
32,2691
1259,2692
1257,2692
1239,2692
1231,2692
1229,2692
1227,2692
1223,2692
1218,2692
1216,2692
1172,2692
1160,2692
1157,2692
1145,2692
1135,2692
1064,2692
1023,2692
1001,2692
943,2692
922,2692
907,2692
871,2692
857,2692
854,2692
794,2692
476,2692
448,2692
439,2692
431,2692
409,2692
355,2692
284,2692
279,2692
190,2692
152,2692
38,2692
1306,2693
1242,2693
1137,2693
1136,2693
886,2693
766,2693
746,2693
720,2693
654,2693
588,2693
568,2693
565,2693
563,2693
519,2693
518,2693
517,2693
515,2693
503,2693
494,2693
473,2693
467,2693
402,2693
348,2693
271,2693
269,2693
207,2693
180,2693
156,2693
153,2693
146,2693
141,2693
100,2693
93,2693
68,2693
12,2693
1284,2694
1161,2694
1132,2694
1097,2694
858,2694
816,2694
767,2694
766,2694
746,2694
717,2694
647,2694
603,2694
599,2694
598,2694
580,2694
544,2694
541,2694
513,2694
502,2694
473,2694
446,2694
441,2694
402,2694
278,2694
271,2694
235,2694
218,2694
168,2694
135,2694
102,2694
93,2694
90,2694
76,2694
15,2694
12,2694
1346,2695
1334,2695
1329,2695
1290,2695
1262,2695
1217,2695
1192,2695
1104,2695
1056,2695
1046,2695
1011,2695
1005,2695
970,2695
896,2695
773,2695
748,2695
745,2695
680,2695
677,2695
403,2695
400,2695
397,2695
388,2695
384,2695
364,2695
357,2695
347,2695
319,2695
288,2695
287,2695
183,2695
80,2695
73,2695
66,2695
10,2695
1344,2696
1332,2696
1320,2696
1312,2696
1256,2696
1241,2696
982,2696
972,2696
962,2696
916,2696
882,2696
733,2696
724,2696
671,2696
661,2696
639,2696
603,2696
593,2696
552,2696
550,2696
548,2696
544,2696
512,2696
446,2696
387,2696
276,2696
275,2696
274,2696
176,2696
111,2696
109,2696
105,2696
44,2696
32,2696
20,2696
1284,2697
1107,2697
1062,2697
1057,2697
1010,2697
880,2697
861,2697
858,2697
848,2697
816,2697
766,2697
746,2697
670,2697
638,2697
599,2697
588,2697
544,2697
539,2697
518,2697
502,2697
489,2697
473,2697
441,2697
348,2697
314,2697
248,2697
246,2697
235,2697
218,2697
168,2697
118,2697
93,2697
90,2697
15,2697
12,2697
1216,2698
1212,2698
1162,2698
1161,2698
1150,2698
1147,2698
1132,2698
1122,2698
1012,2698
1003,2698
956,2698
943,2698
896,2698
894,2698
848,2698
838,2698
826,2698
817,2698
766,2698
715,2698
658,2698
600,2698
546,2698
541,2698
362,2698
355,2698
352,2698
334,2698
306,2698
267,2698
246,2698
185,2698
168,2698
61,2698
51,2698
1348,2699
1314,2699
1254,2699
1243,2699
1160,2699
1101,2699
1094,2699
1010,2699
993,2699
873,2699
860,2699
822,2699
787,2699
763,2699
622,2699
612,2699
600,2699
592,2699
526,2699
455,2699
445,2699
444,2699
404,2699
397,2699
388,2699
361,2699
306,2699
267,2699
233,2699
168,2699
158,2699
64,2699
48,2699
46,2699
32,2699
1346,2700
1329,2700
1304,2700
1256,2700
1205,2700
1203,2700
1200,2700
1043,2700
969,2700
814,2700
785,2700
781,2700
728,2700
727,2700
711,2700
667,2700
665,2700
620,2700
595,2700
570,2700
466,2700
452,2700
404,2700
367,2700
365,2700
359,2700
340,2700
324,2700
285,2700
277,2700
64,2700
55,2700
25,2700
20,2700
9,2700
1302,2701
1301,2701
1286,2701
1197,2701
1183,2701
1145,2701
1142,2701
1136,2701
1090,2701
1053,2701
999,2701
990,2701
925,2701
753,2701
747,2701
642,2701
623,2701
611,2701
610,2701
539,2701
531,2701
457,2701
449,2701
428,2701
426,2701
375,2701
372,2701
351,2701
346,2701
332,2701
330,2701
312,2701
223,2701
79,2701
42,2701
1348,2702
1344,2702
1332,2702
1311,2702
1261,2702
1201,2702
1161,2702
1019,2702
1008,2702
1007,2702
1006,2702
980,2702
962,2702
953,2702
922,2702
916,2702
817,2702
727,2702
657,2702
619,2702
548,2702
465,2702
446,2702
439,2702
412,2702
387,2702
352,2702
348,2702
278,2702
276,2702
94,2702
47,2702
44,2702
31,2702
25,2702
1350,2703
1346,2703
1239,2703
1203,2703
1187,2703
1041,2703
1007,2703
979,2703
962,2703
935,2703
923,2703
792,2703
727,2703
670,2703
603,2703
548,2703
451,2703
384,2703
349,2703
323,2703
320,2703
319,2703
282,2703
277,2703
270,2703
246,2703
233,2703
134,2703
59,2703
54,2703
51,2703
49,2703
47,2703
45,2703
44,2703
1334,2704
1271,2704
1233,2704
1206,2704
1204,2704
1136,2704
1066,2704
880,2704
866,2704
816,2704
766,2704
737,2704
599,2704
598,2704
583,2704
580,2704
571,2704
544,2704
518,2704
498,2704
489,2704
473,2704
467,2704
441,2704
385,2704
369,2704
348,2704
320,2704
312,2704
269,2704
243,2704
228,2704
225,2704
145,2704
88,2704
1344,2705
1336,2705
1317,2705
1297,2705
1285,2705
1271,2705
1254,2705
1239,2705
1055,2705
814,2705
785,2705
728,2705
720,2705
688,2705
665,2705
595,2705
507,2705
477,2705
442,2705
404,2705
403,2705
392,2705
387,2705
375,2705
367,2705
358,2705
347,2705
324,2705
304,2705
277,2705
245,2705
183,2705
64,2705
55,2705
9,2705
1302,2706
1301,2706
1286,2706
1277,2706
1183,2706
1142,2706
1013,2706
925,2706
904,2706
840,2706
753,2706
747,2706
719,2706
680,2706
642,2706
641,2706
623,2706
531,2706
502,2706
475,2706
457,2706
449,2706
426,2706
375,2706
372,2706
354,2706
351,2706
346,2706
312,2706
246,2706
229,2706
223,2706
174,2706
79,2706
42,2706
1302,2707
1301,2707
1292,2707
1286,2707
1183,2707
1013,2707
999,2707
925,2707
840,2707
753,2707
747,2707
643,2707
642,2707
641,2707
623,2707
502,2707
475,2707
449,2707
437,2707
426,2707
424,2707
386,2707
378,2707
375,2707
372,2707
354,2707
346,2707
312,2707
263,2707
246,2707
223,2707
174,2707
79,2707
42,2707
24,2707
1206,2708
1144,2708
958,2708
948,2708
880,2708
850,2708
809,2708
774,2708
766,2708
746,2708
716,2708
609,2708
599,2708
598,2708
580,2708
563,2708
542,2708
541,2708
536,2708
520,2708
517,2708
515,2708
498,2708
493,2708
473,2708
467,2708
440,2708
348,2708
271,2708
269,2708
168,2708
135,2708
133,2708
131,2708
76,2708
1321,2709
1254,2709
1214,2709
1204,2709
1174,2709
1046,2709
974,2709
901,2709
873,2709
863,2709
810,2709
769,2709
727,2709
673,2709
638,2709
628,2709
598,2709
593,2709
534,2709
532,2709
504,2709
449,2709
447,2709
431,2709
430,2709
417,2709
392,2709
385,2709
355,2709
330,2709
168,2709
116,2709
107,2709
34,2709
23,2709
1346,2710
1306,2710
1287,2710
1258,2710
1234,2710
1195,2710
1181,2710
1179,2710
1174,2710
1128,2710
1111,2710
1108,2710
1096,2710
1011,2710
1005,2710
900,2710
892,2710
876,2710
873,2710
832,2710
787,2710
684,2710
546,2710
526,2710
485,2710
454,2710
388,2710
385,2710
353,2710
293,2710
289,2710
280,2710
222,2710
126,2710
46,2710
1332,2711
1311,2711
1291,2711
1261,2711
1257,2711
1216,2711
1212,2711
1201,2711
1064,2711
1008,2711
1007,2711
980,2711
953,2711
848,2711
844,2711
817,2711
746,2711
727,2711
657,2711
614,2711
489,2711
465,2711
439,2711
412,2711
352,2711
348,2711
289,2711
276,2711
94,2711
64,2711
52,2711
47,2711
31,2711
28,2711
25,2711
1284,2712
1281,2712
1255,2712
1254,2712
1246,2712
1172,2712
1137,2712
1128,2712
1092,2712
1057,2712
1010,2712
979,2712
858,2712
855,2712
848,2712
663,2712
611,2712
599,2712
446,2712
411,2712
402,2712
352,2712
333,2712
278,2712
250,2712
235,2712
233,2712
222,2712
168,2712
151,2712
93,2712
90,2712
76,2712
51,2712
15,2712
1239,2713
1232,2713
1207,2713
1199,2713
1172,2713
1167,2713
1155,2713
1145,2713
1142,2713
1135,2713
1001,2713
956,2713
943,2713
922,2713
878,2713
857,2713
847,2713
755,2713
747,2713
603,2713
454,2713
448,2713
439,2713
431,2713
409,2713
355,2713
299,2713
287,2713
284,2713
253,2713
168,2713
56,2713
42,2713
34,2713
33,2713
1342,2714
1333,2714
1284,2714
1227,2714
1174,2714
1161,2714
1135,2714
1092,2714
976,2714
839,2714
827,2714
747,2714
737,2714
733,2714
728,2714
718,2714
674,2714
671,2714
664,2714
599,2714
598,2714
447,2714
411,2714
404,2714
381,2714
312,2714
260,2714
214,2714
168,2714
129,2714
126,2714
64,2714
42,2714
24,2714
18,2714
1348,2715
1332,2715
1314,2715
1311,2715
1291,2715
1261,2715
1216,2715
1201,2715
1008,2715
1007,2715
980,2715
962,2715
953,2715
817,2715
727,2715
657,2715
639,2715
614,2715
548,2715
465,2715
448,2715
446,2715
445,2715
412,2715
352,2715
348,2715
278,2715
176,2715
105,2715
94,2715
64,2715
52,2715
47,2715
31,2715
25,2715
1350,2716
1343,2716
1336,2716
1205,2716
1200,2716
1195,2716
1129,2716
1117,2716
1111,2716
1046,2716
1045,2716
997,2716
987,2716
982,2716
955,2716
905,2716
856,2716
815,2716
738,2716
728,2716
727,2716
671,2716
667,2716
414,2716
368,2716
349,2716
324,2716
323,2716
319,2716
101,2716
59,2716
55,2716
45,2716
20,2716
19,2716
1271,2717
1168,2717
1136,2717
1101,2717
1048,2717
1013,2717
928,2717
883,2717
873,2717
766,2717
747,2717
746,2717
600,2717
599,2717
588,2717
580,2717
541,2717
527,2717
503,2717
473,2717
467,2717
430,2717
429,2717
375,2717
354,2717
348,2717
312,2717
271,2717
251,2717
246,2717
233,2717
93,2717
74,2717
60,2717
54,2717
1341,2718
1280,2718
1254,2718
1250,2718
1248,2718
1228,2718
1172,2718
1101,2718
1075,2718
1065,2718
1061,2718
1059,2718
1029,2718
989,2718
981,2718
929,2718
920,2718
873,2718
763,2718
731,2718
628,2718
622,2718
600,2718
503,2718
481,2718
417,2718
356,2718
309,2718
267,2718
232,2718
181,2718
158,2718
40,2718
35,2718
34,2718
1343,2719
1302,2719
1281,2719
1272,2719
1249,2719
1232,2719
1216,2719
1195,2719
1166,2719
1152,2719
1144,2719
1108,2719
1042,2719
762,2719
728,2719
607,2719
491,2719
480,2719
442,2719
428,2719
418,2719
413,2719
404,2719
365,2719
328,2719
324,2719
298,2719
293,2719
283,2719
178,2719
135,2719
124,2719
64,2719
18,2719
9,2719
1343,2720
1337,2720
1274,2720
1255,2720
1243,2720
1171,2720
1134,2720
1122,2720
1118,2720
1096,2720
1069,2720
1046,2720
1006,2720
989,2720
863,2720
844,2720
728,2720
701,2720
687,2720
632,2720
619,2720
595,2720
414,2720
413,2720
391,2720
388,2720
320,2720
296,2720
289,2720
282,2720
237,2720
215,2720
173,2720
168,2720
21,2720
1342,2721
1335,2721
1295,2721
1123,2721
1108,2721
1035,2721
1017,2721
978,2721
931,2721
917,2721
907,2721
890,2721
864,2721
844,2721
843,2721
781,2721
773,2721
758,2721
749,2721
735,2721
712,2721
664,2721
653,2721
615,2721
575,2721
503,2721
453,2721
423,2721
415,2721
379,2721
318,2721
291,2721
282,2721
78,2721
56,2721
1334,2723
1315,2723
1314,2723
1280,2723
1272,2723
1270,2723
1250,2723
1237,2723
1235,2723
1232,2723
1204,2723
1187,2723
1129,2723
1126,2723
1114,2723
918,2723
807,2723
731,2723
721,2723
678,2723
580,2723
574,2723
571,2723
542,2723
524,2723
499,2723
497,2723
493,2723
416,2723
385,2723
271,2723
251,2723
240,2723
135,2723
34,2723
1341,2725
1275,2725
1262,2725
1260,2725
1254,2725
1249,2725
1248,2725
1174,2725
1135,2725
1096,2725
1080,2725
1059,2725
1029,2725
1015,2725
929,2725
879,2725
859,2725
775,2725
747,2725
731,2725
646,2725
607,2725
603,2725
539,2725
526,2725
454,2725
439,2725
426,2725
417,2725
385,2725
356,2725
256,2725
232,2725
40,2725
35,2725
1309,2727
1293,2727
1184,2727
1182,2727
1108,2727
1093,2727
1064,2727
1060,2727
1042,2727
1009,2727
931,2727
922,2727
917,2727
890,2727
807,2727
799,2727
693,2727
616,2727
606,2727
570,2727
569,2727
453,2727
401,2727
400,2727
382,2727
366,2727
365,2727
326,2727
318,2727
317,2727
313,2727
303,2727
195,2727
117,2727
104,2727
1246,2728
1239,2728
1223,2728
1218,2728
1161,2728
1157,2728
1153,2728
1124,2728
1118,2728
1092,2728
1019,2728
996,2728
947,2728
941,2728
935,2728
867,2728
857,2728
855,2728
849,2728
844,2728
833,2728
824,2728
822,2728
818,2728
797,2728
717,2728
715,2728
688,2728
564,2728
462,2728
456,2728
418,2728
403,2728
324,2728
287,2728
1280,2729
1254,2729
1250,2729
1137,2729
1122,2729
1114,2729
1101,2729
1077,2729
1075,2729
1059,2729
1020,2729
981,2729
920,2729
879,2729
775,2729
731,2729
712,2729
646,2729
637,2729
600,2729
598,2729
546,2729
497,2729
476,2729
456,2729
454,2729
402,2729
356,2729
286,2729
256,2729
232,2729
40,2729
35,2729
34,2729
23,2729
1321,2730
1239,2730
1229,2730
1183,2730
1115,2730
1110,2730
1087,2730
992,2730
986,2730
918,2730
901,2730
867,2730
838,2730
821,2730
816,2730
789,2730
788,2730
769,2730
767,2730
753,2730
748,2730
719,2730
617,2730
609,2730
529,2730
472,2730
385,2730
341,2730
332,2730
191,2730
175,2730
170,2730
154,2730
140,2730
91,2730
1323,2731
1317,2731
1295,2731
1218,2731
1200,2731
1193,2731
1180,2731
1055,2731
1039,2731
906,2731
837,2731
814,2731
813,2731
785,2731
778,2731
728,2731
702,2731
477,2731
451,2731
442,2731
428,2731
427,2731
403,2731
367,2731
303,2731
297,2731
290,2731
289,2731
284,2731
188,2731
117,2731
104,2731
101,2731
9,2731
8,2731
1338,2732
1203,2732
1193,2732
1071,2732
1055,2732
1042,2732
987,2732
856,2732
824,2732
814,2732
813,2732
785,2732
728,2732
705,2732
702,2732
688,2732
665,2732
620,2732
570,2732
507,2732
442,2732
404,2732
392,2732
390,2732
367,2732
365,2732
329,2732
324,2732
296,2732
277,2732
64,2732
59,2732
55,2732
9,2732
8,2732
1279,2736
1247,2736
1108,2736
1078,2736
1045,2736
1028,2736
978,2736
906,2736
842,2736
828,2736
802,2736
777,2736
763,2736
756,2736
740,2736
735,2736
671,2736
664,2736
610,2736
590,2736
575,2736
468,2736
453,2736
409,2736
405,2736
386,2736
344,2736
338,2736
324,2736
318,2736
292,2736
275,2736
126,2736
80,2736
58,2736
1344,2738
1329,2738
1308,2738
1203,2738
1200,2738
1194,2738
1180,2738
1133,2738
1099,2738
1042,2738
989,2738
982,2738
960,2738
929,2738
882,2738
814,2738
716,2738
671,2738
600,2738
593,2738
550,2738
512,2738
507,2738
482,2738
466,2738
436,2738
418,2738
406,2738
387,2738
367,2738
324,2738
317,2738
282,2738
124,2738
20,2738
1242,2740
1198,2740
1145,2740
1061,2740
926,2740
820,2740
777,2740
774,2740
767,2740
737,2740
732,2740
647,2740
605,2740
598,2740
588,2740
583,2740
505,2740
503,2740
407,2740
370,2740
270,2740
266,2740
236,2740
235,2740
198,2740
187,2740
180,2740
160,2740
143,2740
110,2740
100,2740
76,2740
63,2740
39,2740
34,2740
1318,2742
1214,2742
1194,2742
1181,2742
1099,2742
1089,2742
1081,2742
1060,2742
1039,2742
1038,2742
975,2742
927,2742
919,2742
903,2742
888,2742
864,2742
779,2742
761,2742
757,2742
750,2742
722,2742
721,2742
706,2742
674,2742
649,2742
616,2742
427,2742
413,2742
366,2742
324,2742
297,2742
280,2742
195,2742
101,2742
97,2742
1350,2744
1346,2744
1326,2744
1192,2744
1137,2744
1111,2744
1095,2744
946,2744
936,2744
924,2744
828,2744
781,2744
766,2744
760,2744
747,2744
733,2744
728,2744
727,2744
725,2744
706,2744
628,2744
411,2744
393,2744
381,2744
364,2744
359,2744
353,2744
323,2744
319,2744
277,2744
245,2744
196,2744
112,2744
66,2744
57,2744
1344,2746
1336,2746
1317,2746
1304,2746
1285,2746
1193,2746
1111,2746
1071,2746
1058,2746
1055,2746
1044,2746
1041,2746
814,2746
813,2746
785,2746
728,2746
720,2746
595,2746
507,2746
477,2746
442,2746
404,2746
392,2746
387,2746
367,2746
358,2746
347,2746
329,2746
328,2746
324,2746
298,2746
245,2746
183,2746
55,2746
9,2746
1302,2750
1286,2750
1284,2750
1010,2750
999,2750
990,2750
979,2750
942,2750
935,2750
923,2750
858,2750
841,2750
822,2750
670,2750
638,2750
611,2750
599,2750
554,2750
531,2750
426,2750
375,2750
346,2750
333,2750
332,2750
269,2750
252,2750
250,2750
229,2750
175,2750
159,2750
151,2750
118,2750
90,2750
54,2750
15,2750
1314,2752
1306,2752
1259,2752
1249,2752
1160,2752
1145,2752
1106,2752
1101,2752
1065,2752
965,2752
956,2752
952,2752
949,2752
873,2752
844,2752
817,2752
737,2752
691,2752
658,2752
612,2752
600,2752
546,2752
526,2752
397,2752
356,2752
355,2752
306,2752
267,2752
233,2752
222,2752
158,2752
157,2752
107,2752
61,2752
53,2752
1259,2755
1257,2755
1246,2755
1231,2755
1229,2755
1227,2755
1223,2755
1214,2755
1171,2755
1161,2755
1128,2755
1118,2755
1092,2755
1085,2755
1019,2755
963,2755
947,2755
941,2755
930,2755
871,2755
868,2755
855,2755
849,2755
826,2755
769,2755
715,2755
687,2755
501,2755
476,2755
457,2755
272,2755
255,2755
212,2755
180,2755
100,2755
1263,2757
1239,2757
1207,2757
1161,2757
1150,2757
1110,2757
1087,2757
1022,2757
992,2757
986,2757
910,2757
822,2757
792,2757
769,2757
762,2757
744,2757
737,2757
715,2757
644,2757
562,2757
506,2757
498,2757
476,2757
462,2757
421,2757
370,2757
311,2757
293,2757
260,2757
204,2757
198,2757
171,2757
170,2757
74,2757
61,2757
1263,2758
1259,2758
1257,2758
1229,2758
1227,2758
1218,2758
1207,2758
1185,2758
1133,2758
1120,2758
1110,2758
1087,2758
1022,2758
992,2758
986,2758
965,2758
910,2758
868,2758
833,2758
821,2758
792,2758
789,2758
767,2758
714,2758
682,2758
562,2758
476,2758
448,2758
431,2758
309,2758
260,2758
204,2758
170,2758
154,2758
91,2758
1321,2760
1243,2760
1226,2760
1185,2760
1160,2760
1133,2760
1067,2760
1031,2760
993,2760
965,2760
952,2760
949,2760
926,2760
891,2760
889,2760
875,2760
845,2760
808,2760
794,2760
730,2760
729,2760
716,2760
684,2760
658,2760
600,2760
551,2760
490,2760
380,2760
267,2760
186,2760
157,2760
129,2760
107,2760
88,2760
30,2760
1336,2761
1304,2761
1193,2761
1111,2761
1071,2761
1067,2761
1057,2761
1055,2761
1053,2761
1047,2761
1046,2761
1043,2761
1022,2761
992,2761
989,2761
937,2761
935,2761
909,2761
814,2761
813,2761
772,2761
744,2761
728,2761
726,2761
507,2761
497,2761
466,2761
404,2761
358,2761
329,2761
324,2761
204,2761
59,2761
55,2761
19,2761
1321,2762
1178,2762
1077,2762
1069,2762
1067,2762
1065,2762
1057,2762
1053,2762
1047,2762
1035,2762
1033,2762
1022,2762
992,2762
963,2762
937,2762
935,2762
909,2762
839,2762
821,2762
812,2762
800,2762
780,2762
772,2762
726,2762
704,2762
682,2762
628,2762
523,2762
510,2762
495,2762
335,2762
309,2762
72,2762
68,2762
29,2762
1321,2763
1280,2763
1198,2763
1186,2763
1173,2763
1162,2763
1101,2763
1094,2763
1072,2763
1055,2763
1033,2763
1029,2763
1010,2763
996,2763
993,2763
963,2763
949,2763
947,2763
941,2763
891,2763
873,2763
851,2763
845,2763
805,2763
730,2763
717,2763
691,2763
681,2763
675,2763
627,2763
600,2763
562,2763
301,2763
284,2763
166,2763
1265,2764
1178,2764
1159,2764
1077,2764
1069,2764
1067,2764
1057,2764
1053,2764
1047,2764
1040,2764
1031,2764
1022,2764
1014,2764
992,2764
937,2764
935,2764
909,2764
874,2764
812,2764
800,2764
788,2764
772,2764
726,2764
675,2764
629,2764
510,2764
495,2764
454,2764
335,2764
301,2764
260,2764
204,2764
154,2764
72,2764
0,2764
1279,2765
1255,2765
1250,2765
1220,2765
1193,2765
1181,2765
1174,2765
1118,2765
1108,2765
1095,2765
900,2765
843,2765
828,2765
749,2765
682,2765
656,2765
595,2765
570,2765
503,2765
404,2765
396,2765
394,2765
387,2765
367,2765
342,2765
314,2765
309,2765
297,2765
275,2765
229,2765
182,2765
168,2765
43,2765
41,2765
37,2765
1348,2766
1293,2766
1289,2766
1191,2766
1182,2766
1150,2766
1044,2766
1042,2766
1041,2766
1030,2766
1027,2766
1011,2766
1005,2766
938,2766
919,2766
915,2766
900,2766
807,2766
791,2766
779,2766
771,2766
702,2766
676,2766
634,2766
629,2766
603,2766
569,2766
525,2766
477,2766
453,2766
399,2766
398,2766
366,2766
290,2766
109,2766
1229,2767
1207,2767
1199,2767
1198,2767
1183,2767
1167,2767
1154,2767
1144,2767
1115,2767
1087,2767
1034,2767
991,2767
990,2767
925,2767
923,2767
847,2767
753,2767
719,2767
695,2767
531,2767
480,2767
426,2767
409,2767
395,2767
377,2767
372,2767
366,2767
332,2767
287,2767
252,2767
229,2767
175,2767
62,2767
54,2767
36,2767
1316,2768
1278,2768
1272,2768
1270,2768
1263,2768
1220,2768
1214,2768
1204,2768
1184,2768
1181,2768
1176,2768
1160,2768
1060,2768
983,2768
900,2768
825,2768
756,2768
716,2768
609,2768
607,2768
583,2768
572,2768
539,2768
464,2768
455,2768
385,2768
377,2768
344,2768
331,2768
281,2768
181,2768
129,2768
108,2768
97,2768
66,2768
1294,2769
1203,2769
1191,2769
1180,2769
1138,2769
1108,2769
1060,2769
1042,2769
1035,2769
1030,2769
1026,2769
1016,2769
955,2769
931,2769
929,2769
917,2769
881,2769
773,2769
771,2769
741,2769
712,2769
652,2769
616,2769
575,2769
525,2769
423,2769
398,2769
382,2769
367,2769
290,2769
280,2769
195,2769
169,2769
55,2769
37,2769
1351,2770
1337,2770
1317,2770
1252,2770
1194,2770
1123,2770
1111,2770
1055,2770
1039,2770
1026,2770
920,2770
890,2770
859,2770
814,2770
779,2770
728,2770
693,2770
684,2770
612,2770
607,2770
602,2770
507,2770
477,2770
418,2770
397,2770
390,2770
367,2770
365,2770
305,2770
297,2770
277,2770
124,2770
108,2770
48,2770
20,2770
1336,2771
1323,2771
1293,2771
1243,2771
1228,2771
1182,2771
1174,2771
1138,2771
1111,2771
1108,2771
1055,2771
1050,2771
1042,2771
1039,2771
975,2771
943,2771
892,2771
888,2771
864,2771
814,2771
728,2771
694,2771
693,2771
679,2771
649,2771
648,2771
477,2771
442,2771
431,2771
400,2771
303,2771
222,2771
116,2771
83,2771
75,2771
1343,2772
1338,2772
1336,2772
1200,2772
1043,2772
989,2772
955,2772
824,2772
814,2772
728,2772
727,2772
702,2772
688,2772
665,2772
620,2772
570,2772
507,2772
451,2772
442,2772
404,2772
392,2772
390,2772
365,2772
359,2772
347,2772
341,2772
324,2772
296,2772
295,2772
285,2772
277,2772
183,2772
124,2772
80,2772
9,2772
1343,2773
1342,2773
1336,2773
1304,2773
1243,2773
1241,2773
1222,2773
1200,2773
1194,2773
1193,2773
1097,2773
1055,2773
1044,2773
1042,2773
1026,2773
1011,2773
989,2773
909,2773
882,2773
814,2773
773,2773
667,2773
620,2773
513,2773
497,2773
466,2773
392,2773
384,2773
317,2773
311,2773
282,2773
161,2773
138,2773
98,2773
17,2773
1344,2774
1306,2774
1174,2774
1173,2774
1138,2774
1135,2774
1123,2774
1100,2774
1064,2774
1039,2774
976,2774
931,2774
822,2774
791,2774
787,2774
780,2774
728,2774
660,2774
603,2774
598,2774
442,2774
431,2774
423,2774
417,2774
399,2774
390,2774
387,2774
294,2774
290,2774
283,2774
233,2774
211,2774
119,2774
116,2774
76,2774
1279,2775
1227,2775
1208,2775
1174,2775
1123,2775
1083,2775
1050,2775
998,2775
924,2775
890,2775
803,2775
777,2775
768,2775
760,2775
759,2775
758,2775
740,2775
735,2775
710,2775
706,2775
683,2775
679,2775
666,2775
619,2775
606,2775
590,2775
485,2775
383,2775
337,2775
326,2775
303,2775
289,2775
288,2775
283,2775
280,2775
1324,2776
1309,2776
1258,2776
1214,2776
1213,2776
1208,2776
1093,2776
1075,2776
1058,2776
1032,2776
900,2776
842,2776
823,2776
787,2776
758,2776
757,2776
740,2776
701,2776
679,2776
649,2776
616,2776
606,2776
570,2776
442,2776
418,2776
382,2776
338,2776
337,2776
326,2776
303,2776
204,2776
117,2776
84,2776
69,2776
56,2776
1344,2777
1337,2777
1312,2777
1203,2777
1180,2777
972,2777
960,2777
899,2777
832,2777
781,2777
728,2777
724,2777
697,2777
671,2777
665,2777
664,2777
616,2777
603,2777
593,2777
575,2777
550,2777
512,2777
451,2777
406,2777
390,2777
387,2777
365,2777
349,2777
343,2777
318,2777
286,2777
282,2777
124,2777
78,2777
51,2777
1348,2778
1259,2778
1257,2778
1229,2778
1221,2778
1185,2778
1174,2778
1171,2778
1118,2778
1023,2778
985,2778
935,2778
930,2778
925,2778
922,2778
907,2778
868,2778
857,2778
854,2778
851,2778
849,2778
820,2778
793,2778
717,2778
645,2778
623,2778
610,2778
501,2778
476,2778
456,2778
443,2778
312,2778
272,2778
232,2778
179,2778
1342,2779
1334,2779
1299,2779
1268,2779
1259,2779
1250,2779
1232,2779
1214,2779
1207,2779
1204,2779
1110,2779
1087,2779
1065,2779
986,2779
956,2779
744,2779
644,2779
629,2779
607,2779
600,2779
541,2779
517,2779
513,2779
446,2779
385,2779
332,2779
293,2779
271,2779
243,2779
168,2779
102,2779
81,2779
61,2779
19,2779
3,2779
1329,2780
1309,2780
1255,2780
1239,2780
1218,2780
1158,2780
1152,2780
1132,2780
1128,2780
979,2780
955,2780
913,2780
882,2780
837,2780
750,2780
724,2780
701,2780
687,2780
666,2780
491,2780
468,2780
442,2780
421,2780
418,2780
384,2780
349,2780
280,2780
204,2780
180,2780
171,2780
100,2780
74,2780
34,2780
18,2780
12,2780
1306,2781
1260,2781
1243,2781
1234,2781
1214,2781
1204,2781
1195,2781
1194,2781
1138,2781
1096,2781
1095,2781
1072,2781
998,2781
822,2781
797,2781
725,2781
672,2781
664,2781
638,2781
615,2781
455,2781
413,2781
411,2781
388,2781
383,2781
331,2781
327,2781
280,2781
243,2781
164,2781
124,2781
116,2781
115,2781
48,2781
21,2781
1302,2782
1301,2782
1286,2782
1183,2782
999,2782
904,2782
861,2782
753,2782
643,2782
642,2782
625,2782
539,2782
527,2782
509,2782
493,2782
468,2782
449,2782
437,2782
426,2782
422,2782
394,2782
386,2782
375,2782
372,2782
354,2782
312,2782
246,2782
223,2782
221,2782
170,2782
149,2782
106,2782
79,2782
67,2782
11,2782
1243,2783
1234,2783
1196,2783
1173,2783
1164,2783
1145,2783
1123,2783
1108,2783
1056,2783
1055,2783
934,2783
915,2783
908,2783
882,2783
787,2783
777,2783
771,2783
757,2783
745,2783
740,2783
725,2783
687,2783
652,2783
637,2783
539,2783
482,2783
427,2783
392,2783
379,2783
326,2783
315,2783
303,2783
102,2783
101,2783
18,2783
1337,2784
1334,2784
1329,2784
1250,2784
1233,2784
1194,2784
1173,2784
1145,2784
1097,2784
990,2784
975,2784
965,2784
952,2784
923,2784
827,2784
797,2784
737,2784
728,2784
644,2784
539,2784
476,2784
464,2784
446,2784
442,2784
418,2784
411,2784
385,2784
375,2784
332,2784
250,2784
190,2784
168,2784
145,2784
129,2784
115,2784
1299,2785
1250,2785
1136,2785
928,2785
774,2785
766,2785
746,2785
670,2785
655,2785
609,2785
599,2785
578,2785
568,2785
544,2785
539,2785
527,2785
520,2785
515,2785
511,2785
493,2785
480,2785
441,2785
429,2785
375,2785
271,2785
251,2785
248,2785
225,2785
218,2785
146,2785
145,2785
93,2785
54,2785
12,2785
11,2785
1315,2786
1281,2786
1278,2786
1275,2786
1260,2786
1248,2786
1239,2786
1176,2786
1172,2786
1129,2786
1106,2786
1101,2786
1096,2786
1069,2786
1015,2786
918,2786
873,2786
859,2786
843,2786
801,2786
772,2786
762,2786
698,2786
646,2786
607,2786
600,2786
583,2786
576,2786
541,2786
447,2786
443,2786
356,2786
320,2786
41,2786
38,2786
1306,2787
1296,2787
1281,2787
1255,2787
1254,2787
1249,2787
1180,2787
1126,2787
1019,2787
995,2787
965,2787
952,2787
900,2787
825,2787
746,2787
716,2787
698,2787
670,2787
638,2787
629,2787
609,2787
593,2787
592,2787
564,2787
550,2787
539,2787
512,2787
511,2787
509,2787
368,2787
367,2787
222,2787
160,2787
90,2787
76,2787
1338,2788
1317,2788
1290,2788
1245,2788
1205,2788
1203,2788
1200,2788
1111,2788
1108,2788
955,2788
856,2788
824,2788
814,2788
785,2788
728,2788
705,2788
702,2788
688,2788
665,2788
620,2788
570,2788
477,2788
451,2788
442,2788
392,2788
390,2788
367,2788
365,2788
324,2788
277,2788
183,2788
124,2788
108,2788
66,2788
50,2788
1343,2789
1315,2789
1243,2789
1239,2789
1099,2789
1097,2789
1075,2789
1064,2789
1055,2789
1039,2789
1020,2789
976,2789
931,2789
903,2789
888,2789
882,2789
798,2789
787,2789
687,2789
664,2789
603,2789
598,2789
534,2789
447,2789
418,2789
389,2789
384,2789
367,2789
318,2789
313,2789
294,2789
277,2789
188,2789
164,2789
41,2789
1344,2790
1332,2790
1320,2790
1293,2790
1156,2790
1087,2790
1042,2790
972,2790
918,2790
888,2790
746,2790
724,2790
716,2790
674,2790
671,2790
634,2790
616,2790
606,2790
590,2790
576,2790
575,2790
387,2790
369,2790
348,2790
328,2790
299,2790
298,2790
291,2790
289,2790
282,2790
276,2790
97,2790
38,2790
31,2790
18,2790
1323,2791
1304,2791
1278,2791
1256,2791
1200,2791
1111,2791
1026,2791
1000,2791
972,2791
929,2791
881,2791
762,2791
700,2791
671,2791
667,2791
665,2791
616,2791
593,2791
575,2791
550,2791
549,2791
512,2791
471,2791
455,2791
446,2791
403,2791
398,2791
367,2791
342,2791
293,2791
275,2791
120,2791
108,2791
59,2791
55,2791
1327,2792
1317,2792
1314,2792
1239,2792
1232,2792
1172,2792
1129,2792
1046,2792
1044,2792
1041,2792
1011,2792
1005,2792
987,2792
983,2792
918,2792
873,2792
856,2792
762,2792
721,2792
676,2792
629,2792
621,2792
600,2792
576,2792
513,2792
477,2792
447,2792
416,2792
328,2792
324,2792
320,2792
298,2792
282,2792
235,2792
53,2792
1343,2793
1317,2793
1218,2793
1195,2793
1095,2793
1090,2793
1055,2793
989,2793
837,2793
828,2793
785,2793
773,2793
716,2793
700,2793
697,2793
684,2793
638,2793
620,2793
606,2793
477,2793
448,2793
442,2793
421,2793
388,2793
377,2793
365,2793
342,2793
302,2793
297,2793
275,2793
195,2793
188,2793
171,2793
161,2793
57,2793
1243,2794
1205,2794
1135,2794
1111,2794
1100,2794
1055,2794
1044,2794
1042,2794
1011,2794
1005,2794
955,2794
807,2794
770,2794
746,2794
702,2794
676,2794
665,2794
606,2794
507,2794
414,2794
404,2794
400,2794
392,2794
367,2794
341,2794
326,2794
324,2794
315,2794
298,2794
296,2794
184,2794
80,2794
59,2794
50,2794
9,2794
1250,2795
1220,2795
1218,2795
1214,2795
1202,2795
1135,2795
1111,2795
1108,2795
1081,2795
1064,2795
989,2795
824,2795
814,2795
755,2795
689,2795
688,2795
632,2795
577,2795
507,2795
404,2795
392,2795
390,2795
382,2795
365,2795
347,2795
317,2795
315,2795
306,2795
301,2795
295,2795
288,2795
284,2795
282,2795
124,2795
38,2795
1317,2796
1203,2796
1193,2796
1108,2796
1071,2796
1058,2796
1055,2796
1042,2796
1038,2796
1026,2796
903,2796
879,2796
823,2796
814,2796
813,2796
785,2796
775,2796
728,2796
649,2796
620,2796
570,2796
477,2796
442,2796
399,2796
392,2796
382,2796
337,2796
303,2796
294,2796
195,2796
161,2796
108,2796
66,2796
58,2796
8,2796
1347,2797
1337,2797
1309,2797
1214,2797
1174,2797
1123,2797
1093,2797
1060,2797
1058,2797
1042,2797
1031,2797
1004,2797
892,2797
828,2797
785,2797
757,2797
740,2797
706,2797
609,2797
570,2797
519,2797
466,2797
451,2797
390,2797
383,2797
382,2797
315,2797
297,2797
293,2797
280,2797
256,2797
161,2797
89,2797
66,2797
58,2797
1342,2798
1338,2798
1203,2798
1111,2798
987,2798
955,2798
895,2798
856,2798
824,2798
746,2798
702,2798
688,2798
665,2798
595,2798
570,2798
507,2798
477,2798
471,2798
442,2798
428,2798
404,2798
392,2798
390,2798
368,2798
367,2798
365,2798
341,2798
324,2798
315,2798
296,2798
282,2798
277,2798
182,2798
178,2798
124,2798
1234,2799
1211,2799
1123,2799
1042,2799
998,2799
976,2799
934,2799
917,2799
881,2799
803,2799
777,2799
771,2799
769,2799
760,2799
749,2799
741,2799
706,2799
664,2799
661,2799
633,2799
598,2799
447,2799
423,2799
411,2799
405,2799
403,2799
399,2799
292,2799
280,2799
188,2799
181,2799
101,2799
69,2799
57,2799
53,2799
1294,2800
1289,2800
1214,2800
1138,2800
1079,2800
1064,2800
1034,2800
1027,2800
998,2800
931,2800
890,2800
881,2800
828,2800
813,2800
768,2800
761,2800
723,2800
652,2800
626,2800
616,2800
530,2800
485,2800
453,2800
451,2800
427,2800
423,2800
409,2800
398,2800
307,2800
168,2800
104,2800
97,2800
84,2800
79,2800
56,2800
1285,2801
1214,2801
1164,2801
1138,2801
1108,2801
1071,2801
1060,2801
1042,2801
1034,2801
1024,2801
1020,2801
911,2801
888,2801
864,2801
814,2801
813,2801
785,2801
773,2801
771,2801
728,2801
686,2801
667,2801
616,2801
595,2801
575,2801
434,2801
382,2801
366,2801
338,2801
330,2801
318,2801
303,2801
161,2801
129,2801
108,2801
1284,2802
1274,2802
1236,2802
1220,2802
1214,2802
1212,2802
1207,2802
1179,2802
1150,2802
1075,2802
1065,2802
1059,2802
1010,2802
993,2802
939,2802
848,2802
763,2802
691,2802
681,2802
600,2802
546,2802
500,2802
456,2802
356,2802
355,2802
306,2802
267,2802
256,2802
233,2802
227,2802
158,2802
157,2802
75,2802
61,2802
22,2802
1341,2803
1306,2803
1297,2803
1181,2803
1111,2803
1093,2803
1074,2803
1060,2803
1045,2803
1034,2803
1018,2803
929,2803
888,2803
878,2803
827,2803
818,2803
801,2803
799,2803
768,2803
748,2803
741,2803
738,2803
674,2803
659,2803
616,2803
560,2803
534,2803
478,2803
398,2803
305,2803
181,2803
179,2803
166,2803
104,2803
63,2803
1295,2804
1294,2804
1293,2804
1060,2804
1055,2804
1045,2804
1042,2804
1027,2804
1009,2804
931,2804
881,2804
827,2804
807,2804
777,2804
776,2804
774,2804
773,2804
755,2804
733,2804
700,2804
686,2804
626,2804
616,2804
453,2804
362,2804
326,2804
318,2804
303,2804
290,2804
287,2804
192,2804
181,2804
104,2804
63,2804
20,2804
1338,2805
1329,2805
1317,2805
1295,2805
1205,2805
1203,2805
983,2805
824,2805
728,2805
702,2805
688,2805
620,2805
603,2805
480,2805
477,2805
451,2805
442,2805
428,2805
418,2805
392,2805
390,2805
384,2805
367,2805
365,2805
349,2805
328,2805
324,2805
298,2805
293,2805
282,2805
183,2805
124,2805
64,2805
45,2805
9,2805
1305,2806
1260,2806
1255,2806
1252,2806
1220,2806
1209,2806
1200,2806
1143,2806
1061,2806
1004,2806
955,2806
843,2806
779,2806
735,2806
728,2806
703,2806
678,2806
666,2806
649,2806
620,2806
413,2806
404,2806
394,2806
390,2806
376,2806
305,2806
304,2806
289,2806
288,2806
283,2806
229,2806
182,2806
160,2806
58,2806
20,2806
1348,2807
1164,2807
1108,2807
1089,2807
1081,2807
1071,2807
1058,2807
1055,2807
1045,2807
1035,2807
1020,2807
1018,2807
1015,2807
919,2807
917,2807
906,2807
700,2807
664,2807
636,2807
575,2807
453,2807
443,2807
382,2807
336,2807
329,2807
317,2807
303,2807
294,2807
291,2807
192,2807
188,2807
169,2807
161,2807
108,2807
58,2807
1315,2808
1309,2808
1227,2808
1196,2808
1174,2808
1090,2808
1069,2808
1043,2808
990,2808
989,2808
969,2808
918,2808
901,2808
900,2808
837,2808
803,2808
768,2808
711,2808
662,2808
620,2808
607,2808
507,2808
374,2808
365,2808
338,2808
327,2808
324,2808
314,2808
297,2808
285,2808
283,2808
275,2808
196,2808
161,2808
83,2808
1342,2809
1329,2809
1250,2809
1227,2809
1221,2809
1204,2809
1133,2809
1097,2809
1072,2809
1065,2809
965,2809
955,2809
952,2809
901,2809
864,2809
797,2809
763,2809
728,2809
645,2809
643,2809
638,2809
628,2809
446,2809
442,2809
436,2809
428,2809
413,2809
411,2809
388,2809
331,2809
302,2809
124,2809
115,2809
56,2809
12,2809
1315,2810
1263,2810
1255,2810
1249,2810
1246,2810
1160,2810
1145,2810
1122,2810
1096,2810
1080,2810
1077,2810
1075,2810
1064,2810
1050,2810
1029,2810
1002,2810
992,2810
873,2810
853,2810
763,2810
733,2810
662,2810
598,2810
546,2810
442,2810
374,2810
356,2810
301,2810
279,2810
198,2810
53,2810
40,2810
35,2810
34,2810
23,2810
1348,2811
1323,2811
1278,2811
1272,2811
1120,2811
1087,2811
1083,2811
1081,2811
1064,2811
1034,2811
1021,2811
1001,2811
919,2811
916,2811
807,2811
792,2811
756,2811
724,2811
706,2811
697,2811
695,2811
672,2811
616,2811
517,2811
427,2811
405,2811
341,2811
336,2811
320,2811
300,2811
284,2811
276,2811
183,2811
129,2811
58,2811
1346,2812
1338,2812
1187,2812
1180,2812
1128,2812
1046,2812
1044,2812
1041,2812
1024,2812
1011,2812
1005,2812
987,2812
972,2812
909,2812
856,2812
842,2812
771,2812
768,2812
728,2812
676,2812
671,2812
664,2812
629,2812
599,2812
595,2812
442,2812
418,2812
387,2812
367,2812
349,2812
317,2812
293,2812
282,2812
49,2812
45,2812
1346,2813
1338,2813
1203,2813
1195,2813
1046,2813
1026,2813
1011,2813
1007,2813
1005,2813
955,2813
909,2813
882,2813
728,2813
727,2813
702,2813
687,2813
507,2813
455,2813
451,2813
442,2813
406,2813
367,2813
349,2813
347,2813
324,2813
297,2813
282,2813
204,2813
102,2813
59,2813
49,2813
47,2813
45,2813
44,2813
19,2813
1308,2814
1278,2814
1218,2814
1210,2814
1174,2814
1141,2814
1120,2814
1108,2814
1093,2814
1089,2814
1042,2814
1020,2814
982,2814
978,2814
927,2814
837,2814
803,2814
775,2814
757,2814
710,2814
693,2814
668,2814
616,2814
423,2814
413,2814
399,2814
305,2814
295,2814
288,2814
283,2814
253,2814
120,2814
108,2814
83,2814
66,2814
1343,2815
1334,2815
1287,2815
1216,2815
1195,2815
1132,2815
1123,2815
1112,2815
1083,2815
1020,2815
919,2815
807,2815
773,2815
756,2815
745,2815
740,2815
735,2815
710,2815
687,2815
655,2815
617,2815
590,2815
525,2815
456,2815
448,2815
419,2815
383,2815
317,2815
315,2815
292,2815
289,2815
280,2815
145,2815
84,2815
46,2815
1278,2816
1275,2816
1260,2816
1224,2816
1204,2816
1172,2816
1130,2816
1123,2816
1076,2816
1065,2816
1012,2816
1004,2816
927,2816
900,2816
766,2816
737,2816
684,2816
678,2816
665,2816
660,2816
628,2816
607,2816
592,2816
590,2816
546,2816
394,2816
328,2816
324,2816
298,2816
282,2816
281,2816
280,2816
275,2816
168,2816
18,2816
1290,2817
1243,2817
1203,2817
1200,2817
1135,2817
1111,2817
1054,2817
1042,2817
987,2817
972,2817
955,2817
934,2817
856,2817
824,2817
814,2817
728,2817
702,2817
688,2817
671,2817
588,2817
507,2817
477,2817
404,2817
392,2817
390,2817
368,2817
367,2817
324,2817
315,2817
277,2817
189,2817
124,2817
64,2817
20,2817
9,2817
8,2817
1336,2818
1314,2818
1278,2818
1255,2818
1250,2818
1232,2818
1203,2818
1075,2818
972,2818
955,2818
900,2818
881,2818
863,2818
837,2818
807,2818
762,2818
671,2818
661,2818
607,2818
461,2818
436,2818
418,2818
416,2818
413,2818
367,2818
357,2818
328,2818
298,2818
282,2818
269,2818
178,2818
124,2818
111,2818
34,2818
23,2818
1247,2819
1246,2819
1213,2819
1191,2819
1078,2819
1060,2819
1028,2819
1014,2819
1009,2819
978,2819
955,2819
924,2819
906,2819
899,2819
894,2819
881,2819
777,2819
773,2819
756,2819
735,2819
664,2819
660,2819
616,2819
453,2819
427,2819
411,2819
405,2819
398,2819
379,2819
338,2819
318,2819
303,2819
292,2819
195,2819
42,2819
1317,2820
1193,2820
1111,2820
1108,2820
1055,2820
1042,2820
1031,2820
1020,2820
969,2820
814,2820
778,2820
728,2820
702,2820
665,2820
652,2820
606,2820
570,2820
525,2820
477,2820
442,2820
400,2820
392,2820
390,2820
382,2820
367,2820
365,2820
326,2820
315,2820
294,2820
188,2820
183,2820
129,2820
124,2820
66,2820
50,2820
1323,2821
1295,2821
1259,2821
1241,2821
1180,2821
1099,2821
1081,2821
837,2821
832,2821
757,2821
716,2821
698,2821
665,2821
602,2821
593,2821
555,2821
550,2821
512,2821
461,2821
446,2821
442,2821
427,2821
413,2821
406,2821
390,2821
385,2821
343,2821
282,2821
275,2821
181,2821
111,2821
108,2821
78,2821
46,2821
10,2821
1344,2822
1332,2822
1320,2822
1312,2822
1008,2822
982,2822
980,2822
972,2822
962,2822
916,2822
882,2822
727,2822
724,2822
671,2822
639,2822
614,2822
593,2822
552,2822
550,2822
548,2822
512,2822
446,2822
387,2822
348,2822
276,2822
274,2822
176,2822
109,2822
105,2822
52,2822
47,2822
44,2822
32,2822
31,2822
25,2822
1191,2823
1180,2823
1172,2823
1120,2823
1055,2823
1046,2823
1030,2823
989,2823
982,2823
832,2823
813,2823
702,2823
697,2823
671,2823
648,2823
629,2823
616,2823
482,2823
451,2823
442,2823
406,2823
403,2823
399,2823
398,2823
342,2823
318,2823
290,2823
289,2823
286,2823
182,2823
109,2823
104,2823
55,2823
41,2823
9,2823
1255,2824
1216,2824
1169,2824
1130,2824
1128,2824
1122,2824
1101,2824
1097,2824
1092,2824
1012,2824
1006,2824
983,2824
861,2824
855,2824
851,2824
849,2824
841,2824
797,2824
746,2824
588,2824
494,2824
293,2824
289,2824
227,2824
207,2824
198,2824
189,2824
168,2824
159,2824
135,2824
90,2824
41,2824
15,2824
12,2824
7,2824
1302,2825
1301,2825
1292,2825
1286,2825
1197,2825
1183,2825
1142,2825
1090,2825
999,2825
990,2825
966,2825
925,2825
830,2825
753,2825
747,2825
642,2825
623,2825
610,2825
531,2825
502,2825
493,2825
457,2825
449,2825
426,2825
375,2825
372,2825
351,2825
346,2825
332,2825
312,2825
229,2825
223,2825
79,2825
74,2825
42,2825
1294,2826
1272,2826
1252,2826
1248,2826
1221,2826
1171,2826
1168,2826
1139,2826
1087,2826
1068,2826
1061,2826
1030,2826
938,2826
920,2826
901,2826
873,2826
779,2826
762,2826
745,2826
695,2826
645,2826
607,2826
576,2826
447,2826
331,2826
309,2826
302,2826
190,2826
181,2826
179,2826
168,2826
160,2826
115,2826
61,2826
38,2826
1333,2827
1287,2827
1278,2827
1263,2827
1195,2827
1194,2827
1141,2827
1138,2827
1032,2827
998,2827
853,2827
807,2827
763,2827
684,2827
672,2827
664,2827
648,2827
632,2827
570,2827
482,2827
455,2827
442,2827
427,2827
414,2827
411,2827
388,2827
382,2827
342,2827
327,2827
317,2827
275,2827
233,2827
188,2827
66,2827
46,2827
1255,2828
1189,2828
984,2828
948,2828
865,2828
721,2828
604,2828
580,2828
574,2828
528,2828
517,2828
496,2828
483,2828
474,2828
419,2828
394,2828
273,2828
271,2828
261,2828
251,2828
247,2828
224,2828
215,2828
213,2828
194,2828
190,2828
173,2828
156,2828
150,2828
137,2828
122,2828
114,2828
95,2828
61,2828
3,2828
1242,2829
1172,2829
1114,2829
1101,2829
1012,2829
1006,2829
993,2829
942,2829
921,2829
886,2829
767,2829
747,2829
717,2829
647,2829
611,2829
592,2829
543,2829
505,2829
370,2829
333,2829
270,2829
269,2829
250,2829
235,2829
198,2829
187,2829
180,2829
143,2829
100,2829
93,2829
90,2829
76,2829
41,2829
15,2829
6,2829
1344,2830
1337,2830
1332,2830
1203,2830
1042,2830
1035,2830
1031,2830
978,2830
972,2830
969,2830
917,2830
832,2830
738,2830
694,2830
674,2830
671,2830
616,2830
606,2830
593,2830
575,2830
550,2830
512,2830
453,2830
415,2830
412,2830
387,2830
318,2830
315,2830
299,2830
291,2830
241,2830
195,2830
111,2830
56,2830
31,2830
1337,2831
1327,2831
1309,2831
1293,2831
1274,2831
1220,2831
1076,2831
1042,2831
1030,2831
987,2831
955,2831
919,2831
890,2831
856,2831
834,2831
828,2831
824,2831
807,2831
779,2831
702,2831
688,2831
466,2831
461,2831
414,2831
388,2831
369,2831
365,2831
315,2831
296,2831
295,2831
293,2831
279,2831
80,2831
29,2831
9,2831
1309,2832
1308,2832
1305,2832
1213,2832
1209,2832
1117,2832
1108,2832
1083,2832
957,2832
885,2832
834,2832
763,2832
700,2832
616,2832
606,2832
602,2832
574,2832
555,2832
540,2832
493,2832
486,2832
485,2832
383,2832
382,2832
338,2832
337,2832
326,2832
304,2832
303,2832
292,2832
288,2832
283,2832
161,2832
58,2832
36,2832
1344,2833
1203,2833
1043,2833
1042,2833
989,2833
972,2833
960,2833
856,2833
824,2833
728,2833
702,2833
688,2833
671,2833
664,2833
620,2833
593,2833
550,2833
512,2833
507,2833
477,2833
451,2833
442,2833
404,2833
392,2833
387,2833
384,2833
367,2833
365,2833
347,2833
324,2833
282,2833
277,2833
183,2833
124,2833
9,2833
1344,2834
1332,2834
1320,2834
1312,2834
1311,2834
982,2834
980,2834
972,2834
962,2834
916,2834
882,2834
746,2834
727,2834
724,2834
671,2834
639,2834
593,2834
552,2834
550,2834
548,2834
512,2834
446,2834
387,2834
348,2834
290,2834
276,2834
274,2834
176,2834
109,2834
105,2834
52,2834
47,2834
44,2834
31,2834
25,2834
1333,2835
1227,2835
1222,2835
1189,2835
1158,2835
1147,2835
1090,2835
1087,2835
1077,2835
1067,2835
1061,2835
992,2835
865,2835
851,2835
843,2835
826,2835
802,2835
769,2835
719,2835
675,2835
653,2835
638,2835
629,2835
575,2835
546,2835
472,2835
391,2835
331,2835
318,2835
286,2835
260,2835
211,2835
160,2835
143,2835
114,2835
1349,2836
1306,2836
1222,2836
1128,2836
1101,2836
1092,2836
996,2836
979,2836
970,2836
965,2836
952,2836
943,2836
907,2836
876,2836
873,2836
848,2836
841,2836
825,2836
820,2836
789,2836
715,2836
599,2836
589,2836
535,2836
494,2836
421,2836
380,2836
322,2836
266,2836
222,2836
168,2836
166,2836
159,2836
147,2836
39,2836
1246,2837
1239,2837
1133,2837
992,2837
965,2837
952,2837
941,2837
918,2837
901,2837
894,2837
871,2837
848,2837
838,2837
826,2837
817,2837
769,2837
767,2837
687,2837
663,2837
658,2837
647,2837
617,2837
529,2837
462,2837
421,2837
352,2837
289,2837
267,2837
253,2837
251,2837
204,2837
171,2837
170,2837
44,2837
24,2837
1329,2838
1222,2838
1214,2838
1161,2838
1133,2838
1097,2838
1092,2838
1055,2838
1019,2838
965,2838
952,2838
824,2838
728,2838
702,2838
688,2838
620,2838
513,2838
466,2838
446,2838
445,2838
442,2838
418,2838
413,2838
392,2838
384,2838
378,2838
349,2838
341,2838
324,2838
297,2838
260,2838
246,2838
124,2838
49,2838
44,2838
1344,2839
1332,2839
1320,2839
1312,2839
1007,2839
982,2839
980,2839
972,2839
962,2839
916,2839
882,2839
727,2839
724,2839
671,2839
639,2839
593,2839
575,2839
552,2839
550,2839
548,2839
512,2839
446,2839
387,2839
282,2839
276,2839
274,2839
176,2839
111,2839
109,2839
105,2839
52,2839
47,2839
44,2839
31,2839
25,2839
1280,2840
1156,2840
1122,2840
1101,2840
1096,2840
1085,2840
1065,2840
1029,2840
973,2840
867,2840
861,2840
836,2840
792,2840
774,2840
742,2840
600,2840
580,2840
541,2840
530,2840
515,2840
503,2840
439,2840
385,2840
332,2840
286,2840
272,2840
271,2840
253,2840
198,2840
156,2840
91,2840
61,2840
56,2840
44,2840
41,2840
1344,2841
1332,2841
1320,2841
1312,2841
1311,2841
1008,2841
1007,2841
982,2841
980,2841
972,2841
962,2841
916,2841
882,2841
727,2841
724,2841
671,2841
639,2841
593,2841
552,2841
550,2841
548,2841
512,2841
387,2841
348,2841
282,2841
276,2841
274,2841
176,2841
109,2841
105,2841
52,2841
47,2841
44,2841
31,2841
25,2841
1212,2842
1181,2842
1139,2842
1132,2842
1071,2842
1042,2842
1033,2842
975,2842
963,2842
952,2842
943,2842
867,2842
839,2842
813,2842
812,2842
789,2842
775,2842
715,2842
687,2842
666,2842
638,2842
627,2842
588,2842
535,2842
529,2842
322,2842
272,2842
255,2842
237,2842
212,2842
204,2842
168,2842
166,2842
154,2842
12,2842
1259,2843
1223,2843
1212,2843
1173,2843
1171,2843
1157,2843
1150,2843
1128,2843
1124,2843
1097,2843
1048,2843
965,2843
956,2843
952,2843
943,2843
922,2843
871,2843
868,2843
849,2843
848,2843
833,2843
826,2843
820,2843
715,2843
687,2843
674,2843
501,2843
476,2843
380,2843
272,2843
266,2843
233,2843
227,2843
222,2843
145,2843
1344,2844
1332,2844
1320,2844
1312,2844
1008,2844
1007,2844
982,2844
980,2844
972,2844
962,2844
916,2844
882,2844
727,2844
724,2844
671,2844
639,2844
593,2844
552,2844
550,2844
548,2844
512,2844
451,2844
446,2844
387,2844
276,2844
274,2844
176,2844
109,2844
105,2844
52,2844
47,2844
45,2844
44,2844
31,2844
25,2844
1263,2845
1259,2845
1250,2845
1239,2845
1222,2845
1214,2845
1163,2845
1161,2845
1159,2845
1155,2845
1139,2845
1137,2845
1115,2845
1092,2845
1085,2845
1029,2845
1019,2845
996,2845
992,2845
973,2845
935,2845
910,2845
900,2845
687,2845
462,2845
421,2845
411,2845
321,2845
287,2845
284,2845
260,2845
201,2845
187,2845
154,2845
23,2845
1334,2846
1284,2846
1272,2846
1270,2846
1268,2846
1267,2846
1265,2846
1248,2846
1187,2846
1173,2846
1159,2846
1098,2846
1091,2846
1066,2846
1040,2846
1012,2846
995,2846
846,2846
696,2846
675,2846
627,2846
598,2846
580,2846
571,2846
564,2846
484,2846
454,2846
421,2846
416,2846
268,2846
166,2846
76,2846
49,2846
19,2846
3,2846
1306,2848
1242,2848
1137,2848
1136,2848
886,2848
816,2848
766,2848
746,2848
720,2848
568,2848
565,2848
563,2848
519,2848
518,2848
517,2848
515,2848
508,2848
503,2848
498,2848
494,2848
473,2848
402,2848
348,2848
271,2848
269,2848
180,2848
156,2848
153,2848
149,2848
146,2848
141,2848
131,2848
93,2848
68,2848
7,2848
1334,2849
1263,2849
1259,2849
1250,2849
1222,2849
1163,2849
1161,2849
1159,2849
1139,2849
1137,2849
1115,2849
1085,2849
1045,2849
1029,2849
1019,2849
996,2849
992,2849
973,2849
935,2849
910,2849
900,2849
855,2849
822,2849
687,2849
656,2849
592,2849
462,2849
421,2849
321,2849
287,2849
284,2849
260,2849
201,2849
154,2849
23,2849
1236,2850
1136,2850
1061,2850
910,2850
880,2850
855,2850
816,2850
774,2850
766,2850
707,2850
599,2850
598,2850
568,2850
544,2850
518,2850
515,2850
502,2850
494,2850
493,2850
489,2850
473,2850
467,2850
441,2850
435,2850
369,2850
348,2850
271,2850
248,2850
225,2850
160,2850
146,2850
145,2850
118,2850
93,2850
12,2850
1346,2851
1336,2851
1329,2851
1256,2851
1200,2851
1044,2851
1041,2851
1011,2851
1005,2851
955,2851
824,2851
711,2851
702,2851
688,2851
676,2851
665,2851
620,2851
595,2851
570,2851
507,2851
442,2851
404,2851
392,2851
384,2851
367,2851
365,2851
341,2851
324,2851
285,2851
277,2851
183,2851
124,2851
64,2851
9,2851
2,2851
1298,2852
1254,2852
1252,2852
1239,2852
1234,2852
1199,2852
1167,2852
1001,2852
965,2852
959,2852
956,2852
943,2852
938,2852
896,2852
893,2852
878,2852
858,2852
848,2852
847,2852
766,2852
762,2852
755,2852
644,2852
579,2852
577,2852
431,2852
409,2852
334,2852
289,2852
222,2852
168,2852
63,2852
39,2852
33,2852
9,2852
1331,2853
1250,2853
1232,2853
1221,2853
1127,2853
1062,2853
1013,2853
948,2853
866,2853
692,2853
645,2853
617,2853
602,2853
580,2853
557,2853
555,2853
543,2853
542,2853
534,2853
528,2853
489,2853
465,2853
464,2853
460,2853
394,2853
348,2853
321,2853
273,2853
165,2853
153,2853
141,2853
132,2853
90,2853
54,2853
5,2853
1331,2854
1275,2854
1250,2854
1232,2854
1201,2854
1127,2854
1062,2854
692,2854
670,2854
645,2854
617,2854
602,2854
580,2854
557,2854
555,2854
543,2854
542,2854
534,2854
528,2854
489,2854
473,2854
465,2854
460,2854
394,2854
348,2854
321,2854
273,2854
174,2854
165,2854
153,2854
141,2854
132,2854
90,2854
54,2854
5,2854
1302,2855
1301,2855
1288,2855
1286,2855
1277,2855
1240,2855
1239,2855
1178,2855
1105,2855
1090,2855
1088,2855
1022,2855
1013,2855
990,2855
966,2855
944,2855
932,2855
925,2855
830,2855
812,2855
800,2855
753,2855
719,2855
707,2855
680,2855
480,2855
479,2855
457,2855
449,2855
434,2855
428,2855
332,2855
223,2855
72,2855
13,2855
1306,2856
1247,2856
1246,2856
1065,2856
1064,2856
1060,2856
1039,2856
1035,2856
1028,2856
1027,2856
978,2856
976,2856
918,2856
906,2856
887,2856
879,2856
864,2856
802,2856
781,2856
780,2856
775,2856
693,2856
682,2856
664,2856
628,2856
575,2856
453,2856
423,2856
399,2856
338,2856
318,2856
116,2856
97,2856
56,2856
29,2856
1338,2857
1315,2857
1199,2857
1197,2857
1191,2857
1157,2857
1142,2857
1091,2857
1034,2857
1017,2857
990,2857
867,2857
863,2857
854,2857
849,2857
807,2857
794,2857
687,2857
619,2857
583,2857
481,2857
423,2857
422,2857
336,2857
300,2857
290,2857
269,2857
246,2857
243,2857
221,2857
109,2857
49,2857
45,2857
12,2857
6,2857
1306,2858
1293,2858
1247,2858
1149,2858
1108,2858
1038,2858
1035,2858
1027,2858
915,2858
906,2858
899,2858
887,2858
879,2858
864,2858
803,2858
802,2858
791,2858
787,2858
786,2858
784,2858
781,2858
780,2858
777,2858
775,2858
712,2858
664,2858
660,2858
652,2858
575,2858
423,2858
318,2858
286,2858
192,2858
83,2858
51,2858
1349,2859
1310,2859
1108,2859
1071,2859
1055,2859
1045,2859
1042,2859
1033,2859
1029,2859
992,2859
935,2859
867,2859
824,2859
792,2859
728,2859
702,2859
688,2859
663,2859
589,2859
563,2859
507,2859
472,2859
457,2859
453,2859
335,2859
324,2859
301,2859
255,2859
212,2859
211,2859
178,2859
156,2859
154,2859
134,2859
107,2859
1347,2860
1317,2860
1285,2860
1193,2860
1112,2860
1111,2860
1071,2860
1060,2860
1055,2860
1042,2860
1032,2860
814,2860
785,2860
728,2860
702,2860
665,2860
664,2860
606,2860
570,2860
404,2860
403,2860
392,2860
367,2860
358,2860
347,2860
341,2860
338,2860
329,2860
303,2860
296,2860
188,2860
161,2860
89,2860
50,2860
8,2860
1349,2861
1327,2861
1310,2861
1214,2861
1157,2861
1069,2861
1045,2861
1029,2861
935,2861
900,2861
867,2861
819,2861
744,2861
628,2861
621,2861
607,2861
589,2861
588,2861
580,2861
563,2861
539,2861
529,2861
515,2861
457,2861
293,2861
271,2861
255,2861
223,2861
212,2861
211,2861
198,2861
157,2861
156,2861
134,2861
107,2861
1327,2862
1317,2862
1314,2862
1239,2862
1232,2862
1172,2862
1129,2862
1046,2862
1044,2862
1041,2862
1011,2862
1005,2862
987,2862
983,2862
918,2862
873,2862
856,2862
762,2862
721,2862
676,2862
629,2862
621,2862
600,2862
576,2862
513,2862
477,2862
447,2862
416,2862
328,2862
324,2862
320,2862
298,2862
282,2862
235,2862
53,2862
1338,2863
1329,2863
1266,2863
1263,2863
1250,2863
1228,2863
1221,2863
1150,2863
1035,2863
974,2863
901,2863
900,2863
843,2863
840,2863
832,2863
724,2863
645,2863
628,2863
575,2863
539,2863
446,2863
411,2863
331,2863
293,2863
160,2863
127,2863
116,2863
115,2863
52,2863
51,2863
49,2863
44,2863
32,2863
22,2863
21,2863
1302,2864
1301,2864
1299,2864
1286,2864
1183,2864
1162,2864
1154,2864
1142,2864
1090,2864
999,2864
990,2864
966,2864
925,2864
920,2864
904,2864
830,2864
753,2864
750,2864
747,2864
719,2864
642,2864
623,2864
531,2864
502,2864
449,2864
426,2864
375,2864
372,2864
346,2864
332,2864
330,2864
312,2864
223,2864
79,2864
74,2864
33,2864
1320,2865
1299,2865
1287,2865
1224,2865
1179,2865
1130,2865
1120,2865
1080,2865
1065,2865
1000,2865
978,2865
918,2865
836,2865
763,2865
693,2865
666,2865
628,2865
607,2865
520,2865
476,2865
439,2865
431,2865
332,2865
330,2865
243,2865
181,2865
116,2865
91,2865
81,2865
79,2865
61,2865
38,2865
34,2865
29,2865
3,2865
1329,2866
1178,2866
1067,2866
1053,2866
1047,2866
1046,2866
1044,2866
1040,2866
1022,2866
992,2866
937,2866
935,2866
909,2866
874,2866
814,2866
812,2866
800,2866
772,2866
744,2866
728,2866
726,2866
702,2866
510,2866
507,2866
495,2866
466,2866
418,2866
400,2866
335,2866
324,2866
260,2866
204,2866
72,2866
59,2866
19,2866
1344,2867
1332,2867
1320,2867
1312,2867
1007,2867
982,2867
980,2867
972,2867
962,2867
916,2867
882,2867
727,2867
724,2867
671,2867
639,2867
614,2867
593,2867
552,2867
550,2867
548,2867
512,2867
446,2867
444,2867
387,2867
348,2867
276,2867
274,2867
176,2867
109,2867
105,2867
52,2867
47,2867
44,2867
31,2867
25,2867
1329,2868
1317,2868
1203,2868
1193,2868
1133,2868
1111,2868
1046,2868
1044,2868
1043,2868
1042,2868
1026,2868
998,2868
853,2868
828,2868
814,2868
813,2868
794,2868
785,2868
671,2868
665,2868
516,2868
507,2868
477,2868
466,2868
442,2868
418,2868
411,2868
367,2868
342,2868
324,2868
317,2868
297,2868
290,2868
282,2868
275,2868
1338,2869
1321,2869
1178,2869
1077,2869
1069,2869
1067,2869
1065,2869
1057,2869
1053,2869
1047,2869
1040,2869
1035,2869
1022,2869
992,2869
937,2869
909,2869
874,2869
821,2869
812,2869
800,2869
780,2869
772,2869
726,2869
704,2869
682,2869
628,2869
510,2869
507,2869
504,2869
495,2869
470,2869
335,2869
309,2869
72,2869
29,2869
1343,2870
1336,2870
1329,2870
1111,2870
1108,2870
1042,2870
1026,2870
955,2870
864,2870
814,2870
728,2870
667,2870
649,2870
634,2870
620,2870
442,2870
413,2870
404,2870
399,2870
392,2870
390,2870
384,2870
367,2870
365,2870
344,2870
341,2870
317,2870
305,2870
295,2870
277,2870
183,2870
124,2870
64,2870
58,2870
9,2870
1250,2871
1234,2871
1181,2871
1075,2871
991,2871
990,2871
972,2871
966,2871
919,2871
879,2871
830,2871
777,2871
775,2871
773,2871
762,2871
740,2871
735,2871
679,2871
671,2871
649,2871
620,2871
478,2871
455,2871
356,2871
344,2871
341,2871
332,2871
306,2871
301,2871
210,2871
103,2871
75,2871
64,2871
58,2871
54,2871
2,2871
1341,2872
1204,2872
1202,2872
1172,2872
1147,2872
1129,2872
1101,2872
1080,2872
1077,2872
1059,2872
1029,2872
984,2872
973,2872
929,2872
900,2872
873,2872
837,2872
793,2872
731,2872
607,2872
600,2872
594,2872
546,2872
456,2872
447,2872
430,2872
394,2872
357,2872
356,2872
343,2872
320,2872
243,2872
235,2872
182,2872
93,2872
1333,2873
1284,2873
1280,2873
1278,2873
1275,2873
1274,2873
1255,2873
1249,2873
1246,2873
1214,2873
1186,2873
1114,2873
1065,2873
1059,2873
1057,2873
1051,2873
1012,2873
1010,2873
900,2873
858,2873
836,2873
801,2873
717,2873
670,2873
628,2873
436,2873
411,2873
324,2873
309,2873
293,2873
251,2873
233,2873
227,2873
168,2873
15,2873
1280,2875
1254,2875
1250,2875
1160,2875
1122,2875
1114,2875
1101,2875
1059,2875
1057,2875
1029,2875
981,2875
939,2875
873,2875
763,2875
731,2875
681,2875
637,2875
622,2875
600,2875
592,2875
501,2875
491,2875
454,2875
402,2875
356,2875
272,2875
271,2875
269,2875
233,2875
150,2875
40,2875
35,2875
34,2875
23,2875
12,2875
1351,2876
1341,2876
1248,2876
1227,2876
1198,2876
1158,2876
1157,2876
1132,2876
1130,2876
1095,2876
1019,2876
996,2876
959,2876
947,2876
927,2876
863,2876
843,2876
814,2876
737,2876
698,2876
603,2876
598,2876
583,2876
579,2876
561,2876
436,2876
385,2876
357,2876
343,2876
320,2876
243,2876
192,2876
182,2876
79,2876
34,2876
1294,2877
1272,2877
1134,2877
1063,2877
1038,2877
1009,2877
978,2877
919,2877
917,2877
906,2877
864,2877
802,2877
798,2877
797,2877
782,2877
781,2877
780,2877
779,2877
777,2877
712,2877
700,2877
693,2877
683,2877
664,2877
630,2877
575,2877
403,2877
338,2877
318,2877
309,2877
303,2877
211,2877
192,2877
101,2877
54,2877
1255,2878
1254,2878
1235,2878
1216,2878
1187,2878
1139,2878
1101,2878
1019,2878
1012,2878
996,2878
888,2878
873,2878
858,2878
848,2878
763,2878
760,2878
694,2878
681,2878
633,2878
626,2878
603,2878
600,2878
599,2878
588,2878
530,2878
501,2878
436,2878
272,2878
269,2878
253,2878
233,2878
175,2878
76,2878
29,2878
15,2878
1315,2879
1305,2879
1299,2879
1202,2879
1174,2879
1143,2879
1129,2879
1096,2879
1019,2879
985,2879
950,2879
900,2879
869,2879
859,2879
803,2879
768,2879
757,2879
656,2879
619,2879
617,2879
568,2879
525,2879
462,2879
423,2879
418,2879
371,2879
337,2879
280,2879
235,2879
180,2879
150,2879
89,2879
78,2879
53,2879
38,2879
1346,2880
1338,2880
1336,2880
1329,2880
1203,2880
1046,2880
1044,2880
1042,2880
1041,2880
1011,2880
1005,2880
955,2880
824,2880
702,2880
688,2880
667,2880
466,2880
442,2880
418,2880
413,2880
392,2880
384,2880
349,2880
324,2880
317,2880
293,2880
282,2880
279,2880
178,2880
124,2880
80,2880
59,2880
58,2880
45,2880
19,2880
1331,2881
1308,2881
1267,2881
1250,2881
1232,2881
1127,2881
1062,2881
1013,2881
948,2881
692,2881
617,2881
604,2881
602,2881
583,2881
580,2881
557,2881
555,2881
543,2881
542,2881
534,2881
528,2881
489,2881
464,2881
460,2881
394,2881
348,2881
321,2881
273,2881
165,2881
153,2881
141,2881
132,2881
90,2881
54,2881
5,2881
1200,2882
1180,2882
1111,2882
1055,2882
1043,2882
1026,2882
989,2882
987,2882
969,2882
856,2882
814,2882
813,2882
728,2882
702,2882
671,2882
665,2882
620,2882
526,2882
507,2882
466,2882
451,2882
442,2882
418,2882
413,2882
404,2882
392,2882
365,2882
359,2882
340,2882
324,2882
277,2882
178,2882
124,2882
37,2882
9,2882
1343,2883
1327,2883
1249,2883
1243,2883
1232,2883
1199,2883
1173,2883
1153,2883
1123,2883
1110,2883
1103,2883
1081,2883
1079,2883
1019,2883
986,2883
972,2883
888,2883
873,2883
818,2883
774,2883
768,2883
724,2883
722,2883
694,2883
678,2883
634,2883
621,2883
600,2883
341,2883
337,2883
283,2883
215,2883
175,2883
173,2883
120,2883
1347,2884
1312,2884
1301,2884
1239,2884
1238,2884
1224,2884
1154,2884
1147,2884
1096,2884
1081,2884
1058,2884
1055,2884
1032,2884
1009,2884
971,2884
917,2884
872,2884
827,2884
757,2884
610,2884
541,2884
408,2884
339,2884
337,2884
195,2884
188,2884
161,2884
109,2884
98,2884
89,2884
66,2884
62,2884
60,2884
57,2884
18,2884
1284,2885
1172,2885
1065,2885
1064,2885
1057,2885
1029,2885
1010,2885
1009,2885
864,2885
858,2885
705,2885
683,2885
662,2885
626,2885
611,2885
603,2885
569,2885
526,2885
502,2885
485,2885
448,2885
374,2885
333,2885
313,2885
306,2885
289,2885
250,2885
235,2885
222,2885
195,2885
160,2885
151,2885
82,2885
58,2885
15,2885
1327,2886
1320,2886
1294,2886
1275,2886
1272,2886
1268,2886
1248,2886
1232,2886
1196,2886
1179,2886
1176,2886
1132,2886
1120,2886
1110,2886
1080,2886
1065,2886
986,2886
918,2886
892,2886
873,2886
763,2886
722,2886
693,2886
621,2886
602,2886
600,2886
555,2886
418,2886
416,2886
361,2886
343,2886
275,2886
103,2886
97,2886
28,2886
1293,2887
1275,2887
1221,2887
1191,2887
1099,2887
1075,2887
1030,2887
1027,2887
1009,2887
998,2887
922,2887
917,2887
881,2887
807,2887
803,2887
799,2887
791,2887
777,2887
771,2887
757,2887
700,2887
694,2887
663,2887
652,2887
645,2887
616,2887
569,2887
453,2887
418,2887
408,2887
399,2887
303,2887
290,2887
104,2887
29,2887
1328,2888
1198,2888
1174,2888
1162,2888
1101,2888
1072,2888
1054,2888
1031,2888
1029,2888
1001,2888
990,2888
900,2888
873,2888
810,2888
776,2888
763,2888
682,2888
668,2888
656,2888
637,2888
617,2888
600,2888
546,2888
503,2888
394,2888
356,2888
330,2888
314,2888
270,2888
235,2888
182,2888
166,2888
81,2888
61,2888
29,2888
1323,2889
1306,2889
1174,2889
1103,2889
1089,2889
1081,2889
1064,2889
1060,2889
1039,2889
931,2889
892,2889
879,2889
864,2889
828,2889
791,2889
787,2889
777,2889
775,2889
740,2889
724,2889
700,2889
626,2889
526,2889
401,2889
397,2889
390,2889
313,2889
303,2889
297,2889
289,2889
124,2889
108,2889
104,2889
97,2889
66,2889
1317,2890
1309,2890
1243,2890
1111,2890
1110,2890
1095,2890
1011,2890
986,2890
955,2890
824,2890
746,2890
702,2890
700,2890
688,2890
606,2890
570,2890
563,2890
507,2890
477,2890
453,2890
413,2890
399,2890
392,2890
382,2890
367,2890
347,2890
341,2890
338,2890
326,2890
315,2890
296,2890
295,2890
282,2890
277,2890
124,2890
1335,2891
1323,2891
1308,2891
1295,2891
1219,2891
1207,2891
1196,2891
1158,2891
1104,2891
1091,2891
1089,2891
1083,2891
1076,2891
1056,2891
1035,2891
970,2891
947,2891
896,2891
883,2891
773,2891
758,2891
740,2891
735,2891
616,2891
590,2891
539,2891
409,2891
362,2891
292,2891
287,2891
192,2891
190,2891
97,2891
58,2891
36,2891
500,2892
793,2892
1186,2892
772,2892
374,2892
23,2892
352,2892
746,2892
344,2892
342,2892
1126,2892
292,2892
1275,2892
295,2892
281,2892
279,2892
662,2892
1040,2892
232,2892
1025,2892
976,2892
571,2892
167,2892
1338,2892
130,2892
1129,2892
880,2892
478,2892
1255,2892
1248,2892
52,2892
32,2892
817,2892
418,2892
417,2892
1307,2893
1294,2893
1274,2893
1271,2893
1159,2893
1143,2893
1098,2893
1071,2893
1060,2893
1058,2893
917,2893
915,2893
900,2893
881,2893
823,2893
813,2893
771,2893
694,2893
686,2893
682,2893
672,2893
653,2893
652,2893
646,2893
644,2893
540,2893
525,2893
435,2893
418,2893
411,2893
382,2893
317,2893
307,2893
204,2893
104,2893
1334,2894
1263,2894
1254,2894
1248,2894
1243,2894
1231,2894
1204,2894
1133,2894
1089,2894
1020,2894
1015,2894
1011,2894
947,2894
941,2894
900,2894
851,2894
803,2894
772,2894
628,2894
620,2894
607,2894
583,2894
571,2894
542,2894
407,2894
385,2894
357,2894
343,2894
331,2894
320,2894
271,2894
243,2894
100,2894
51,2894
49,2894
1349,2895
1340,2895
1325,2895
1275,2895
1274,2895
1263,2895
1214,2895
1190,2895
1177,2895
921,2895
843,2895
801,2895
687,2895
601,2895
589,2895
566,2895
559,2895
556,2895
553,2895
518,2895
513,2895
491,2895
481,2895
463,2895
447,2895
410,2895
360,2895
231,2895
208,2895
189,2895
160,2895
157,2895
93,2895
30,2895
14,2895
779,2896
379,2896
760,2896
758,2896
733,2896
1103,2896
703,2896
303,2896
1091,2896
1090,2896
1089,2896
687,2896
1063,2896
1318,2896
632,2896
232,2896
1016,2896
616,2896
1004,2896
191,2896
1299,2896
1341,2896
922,2896
917,2896
1310,2896
104,2896
485,2896
1278,2896
1266,2896
67,2896
430,2896
413,2896
808,2896
11,2896
1191,2896
1343,2897
1317,2897
1305,2897
1292,2897
1249,2897
1243,2897
1222,2897
1176,2897
1142,2897
1136,2897
1097,2897
1092,2897
1032,2897
990,2897
960,2897
959,2897
903,2897
768,2897
756,2897
724,2897
722,2897
701,2897
579,2897
513,2897
477,2897
426,2897
413,2897
378,2897
188,2897
177,2897
161,2897
98,2897
79,2897
77,2897
74,2897
1235,2898
1232,2898
1204,2898
1189,2898
1187,2898
1126,2898
1061,2898
952,2898
930,2898
762,2898
599,2898
592,2898
583,2898
580,2898
574,2898
571,2898
542,2898
534,2898
528,2898
524,2898
517,2898
502,2898
484,2898
440,2898
416,2898
320,2898
273,2898
271,2898
246,2898
240,2898
237,2898
166,2898
160,2898
74,2898
3,2898
1334,2899
1327,2899
1310,2899
1302,2899
1301,2899
1286,2899
1265,2899
1250,2899
1239,2899
1158,2899
1154,2899
990,2899
944,2899
935,2899
923,2899
918,2899
904,2899
769,2899
753,2899
747,2899
742,2899
719,2899
687,2899
642,2899
621,2899
563,2899
457,2899
426,2899
386,2899
375,2899
372,2899
346,2899
332,2899
252,2899
229,2899
54,2899
1302,2900
1286,2900
1183,2900
1142,2900
1105,2900
1090,2900
999,2900
990,2900
974,2900
925,2900
904,2900
753,2900
719,2900
643,2900
642,2900
546,2900
457,2900
449,2900
430,2900
428,2900
426,2900
385,2900
375,2900
372,2900
346,2900
332,2900
312,2900
223,2900
215,2900
173,2900
79,2900
62,2900
33,2900
24,2900
13,2900
1306,2901
1279,2901
1224,2901
1123,2901
1056,2901
1020,2901
931,2901
879,2901
864,2901
814,2901
787,2901
773,2901
756,2901
750,2901
728,2901
725,2901
674,2901
671,2901
664,2901
636,2901
453,2901
423,2901
379,2901
359,2901
313,2901
309,2901
304,2901
280,2901
195,2901
161,2901
156,2901
69,2901
64,2901
58,2901
3,2901
1316,2902
1306,2902
1247,2902
1246,2902
1243,2902
1195,2902
1191,2902
1179,2902
1112,2902
1111,2902
1063,2902
1056,2902
894,2902
820,2902
793,2902
760,2902
750,2902
723,2902
701,2902
664,2902
593,2902
575,2902
550,2902
512,2902
486,2902
444,2902
427,2902
379,2902
368,2902
338,2902
309,2902
292,2902
231,2902
222,2902
75,2902
1351,2903
1315,2903
1180,2903
1176,2903
1173,2903
1056,2903
1001,2903
976,2903
959,2903
923,2903
922,2903
825,2903
746,2903
687,2903
670,2903
655,2903
638,2903
625,2903
609,2903
579,2903
578,2903
564,2903
544,2903
539,2903
531,2903
520,2903
511,2903
509,2903
506,2903
493,2903
484,2903
480,2903
318,2903
93,2903
90,2903
1341,2904
1280,2904
1274,2904
1254,2904
1249,2904
1248,2904
1212,2904
1181,2904
1172,2904
1160,2904
1134,2904
1122,2904
1114,2904
1101,2904
1064,2904
1059,2904
1029,2904
1012,2904
886,2904
873,2904
851,2904
731,2904
622,2904
585,2904
533,2904
513,2904
481,2904
357,2904
356,2904
289,2904
286,2904
232,2904
40,2904
35,2904
34,2904
1334,2905
1268,2905
1235,2905
1233,2905
1216,2905
1189,2905
1017,2905
948,2905
943,2905
876,2905
866,2905
865,2905
858,2905
721,2905
604,2905
588,2905
580,2905
574,2905
542,2905
534,2905
524,2905
517,2905
501,2905
484,2905
394,2905
320,2905
272,2905
243,2905
189,2905
166,2905
118,2905
114,2905
76,2905
15,2905
3,2905
1280,2906
1260,2906
1249,2906
1181,2906
1176,2906
1160,2906
1096,2906
1061,2906
1029,2906
1019,2906
1015,2906
939,2906
901,2906
869,2906
859,2906
755,2906
731,2906
666,2906
646,2906
603,2906
546,2906
539,2906
526,2906
481,2906
476,2906
464,2906
456,2906
454,2906
417,2906
289,2906
233,2906
232,2906
160,2906
40,2906
35,2906
1302,2907
1286,2907
1284,2907
1183,2907
1162,2907
1142,2907
1114,2907
999,2907
978,2907
935,2907
923,2907
858,2907
797,2907
794,2907
753,2907
680,2907
670,2907
531,2907
457,2907
418,2907
375,2907
356,2907
346,2907
332,2907
324,2907
270,2907
233,2907
229,2907
175,2907
168,2907
79,2907
54,2907
42,2907
24,2907
12,2907
1294,2908
1293,2908
1245,2908
1108,2908
1093,2908
1060,2908
931,2908
924,2908
915,2908
892,2908
881,2908
879,2908
807,2908
787,2908
777,2908
775,2908
773,2908
771,2908
757,2908
733,2908
664,2908
616,2908
606,2908
570,2908
485,2908
423,2908
408,2908
390,2908
338,2908
315,2908
294,2908
195,2908
104,2908
101,2908
97,2908
1351,2909
1242,2909
1128,2909
1101,2909
868,2909
816,2909
774,2909
766,2909
746,2909
744,2909
737,2909
647,2909
638,2909
607,2909
599,2909
598,2909
588,2909
581,2909
580,2909
572,2909
541,2909
503,2909
421,2909
407,2909
377,2909
369,2909
271,2909
269,2909
180,2909
175,2909
171,2909
100,2909
93,2909
76,2909
34,2909
1334,2910
1237,2910
1235,2910
1233,2910
1232,2910
1204,2910
1196,2910
1144,2910
1068,2910
948,2910
876,2910
861,2910
721,2910
607,2910
604,2910
602,2910
583,2910
580,2910
574,2910
571,2910
555,2910
542,2910
534,2910
528,2910
524,2910
517,2910
416,2910
394,2910
320,2910
273,2910
271,2910
243,2910
146,2910
12,2910
3,2910
1299,2911
1275,2911
1180,2911
1136,2911
1127,2911
928,2911
896,2911
774,2911
746,2911
670,2911
638,2911
637,2911
609,2911
607,2911
599,2911
578,2911
568,2911
564,2911
544,2911
541,2911
539,2911
527,2911
520,2911
515,2911
511,2911
506,2911
493,2911
429,2911
378,2911
377,2911
190,2911
146,2911
93,2911
54,2911
12,2911
1321,2912
1254,2912
1250,2912
1243,2912
1233,2912
1173,2912
1160,2912
1139,2912
1136,2912
1101,2912
1072,2912
1050,2912
1048,2912
1029,2912
993,2912
873,2912
805,2912
766,2912
730,2912
715,2912
681,2912
666,2912
600,2912
529,2912
513,2912
490,2912
478,2912
462,2912
380,2912
168,2912
157,2912
93,2912
76,2912
61,2912
30,2912
1310,2913
1302,2913
1269,2913
1183,2913
1175,2913
1148,2913
1144,2913
1137,2913
1013,2913
957,2913
747,2913
643,2913
641,2913
614,2913
527,2913
523,2913
502,2913
449,2913
437,2913
429,2913
426,2913
375,2913
354,2913
346,2913
316,2913
246,2913
234,2913
223,2913
174,2913
162,2913
138,2913
95,2913
79,2913
33,2913
17,2913
1295,2914
1257,2914
1169,2914
1161,2914
1153,2914
1149,2914
1118,2914
1104,2914
1092,2914
1080,2914
1038,2914
1035,2914
1019,2914
1006,2914
996,2914
970,2914
947,2914
941,2914
922,2914
906,2914
890,2914
857,2914
854,2914
849,2914
818,2914
802,2914
712,2914
619,2914
584,2914
446,2914
415,2914
403,2914
347,2914
101,2914
69,2914
1214,2915
1197,2915
1194,2915
1168,2915
1158,2915
1154,2915
1148,2915
1136,2915
1072,2915
1048,2915
1021,2915
973,2915
946,2915
876,2915
869,2915
866,2915
857,2915
839,2915
641,2915
638,2915
599,2915
528,2915
421,2915
391,2915
386,2915
378,2915
375,2915
308,2915
186,2915
180,2915
171,2915
155,2915
145,2915
140,2915
100,2915
1189,2916
1114,2916
1061,2916
915,2916
887,2916
869,2916
865,2916
791,2916
741,2916
732,2916
720,2916
568,2916
531,2916
472,2916
464,2916
430,2916
394,2916
378,2916
311,2916
273,2916
271,2916
269,2916
249,2916
236,2916
235,2916
198,2916
160,2916
156,2916
153,2916
152,2916
150,2916
141,2916
122,2916
91,2916
11,2916
1298,2917
1286,2917
1199,2917
1189,2917
1185,2917
1178,2917
1167,2917
1163,2917
1162,2917
1127,2917
1001,2917
963,2917
956,2917
938,2917
896,2917
893,2917
865,2917
858,2917
795,2917
762,2917
755,2917
695,2917
673,2917
605,2917
542,2917
496,2917
483,2917
430,2917
409,2917
377,2917
355,2917
334,2917
330,2917
102,2917
39,2917
1344,2918
1320,2918
1176,2918
1069,2918
1065,2918
1035,2918
1009,2918
1007,2918
962,2918
937,2918
916,2918
906,2918
882,2918
821,2918
780,2918
704,2918
682,2918
639,2918
628,2918
593,2918
552,2918
550,2918
548,2918
544,2918
530,2918
512,2918
495,2918
406,2918
387,2918
309,2918
274,2918
109,2918
102,2918
47,2918
29,2918
1312,2919
1281,2919
1263,2919
1255,2919
1249,2919
1248,2919
1186,2919
1176,2919
1121,2919
1069,2919
1057,2919
1015,2919
962,2919
916,2919
882,2919
843,2919
801,2919
772,2919
654,2919
646,2919
639,2919
552,2919
504,2919
456,2919
310,2919
274,2919
239,2919
176,2919
105,2919
88,2919
65,2919
52,2919
44,2919
43,2919
32,2919
1310,2920
1206,2920
1150,2920
1147,2920
1132,2920
1022,2920
975,2920
944,2920
943,2920
910,2920
904,2920
851,2920
848,2920
832,2920
820,2920
792,2920
762,2920
720,2920
562,2920
498,2920
476,2920
419,2920
386,2920
355,2920
311,2920
269,2920
249,2920
204,2920
198,2920
154,2920
153,2920
152,2920
141,2920
110,2920
11,2920
1265,2921
1229,2921
1178,2921
1067,2921
1057,2921
1053,2921
1047,2921
1040,2921
1033,2921
1022,2921
1014,2921
992,2921
963,2921
937,2921
909,2921
874,2921
839,2921
838,2921
817,2921
812,2921
800,2921
726,2921
675,2921
663,2921
658,2921
523,2921
510,2921
495,2921
476,2921
352,2921
335,2921
250,2921
205,2921
72,2921
68,2921
1346,2922
1342,2922
1322,2922
1258,2922
1236,2922
1195,2922
1192,2922
1188,2922
1095,2922
976,2922
936,2922
823,2922
707,2922
696,2922
648,2922
497,2922
418,2922
393,2922
381,2922
364,2922
353,2922
325,2922
323,2922
319,2922
285,2922
278,2922
268,2922
112,2922
94,2922
72,2922
59,2922
52,2922
43,2922
22,2922
2,2922
1284,2923
1267,2923
1248,2923
1192,2923
1187,2923
1186,2923
1159,2923
1069,2923
995,2923
938,2923
937,2923
936,2923
929,2923
846,2923
696,2923
675,2923
564,2923
497,2923
495,2923
478,2923
393,2923
381,2923
364,2923
353,2923
325,2923
323,2923
319,2923
268,2923
112,2923
94,2923
72,2923
52,2923
49,2923
43,2923
2,2923
1283,2924
1206,2924
1131,2924
928,2924
880,2924
746,2924
670,2924
655,2924
527,2924
518,2924
506,2924
498,2924
493,2924
489,2924
460,2924
441,2924
440,2924
429,2924
391,2924
269,2924
251,2924
248,2924
246,2924
228,2924
218,2924
211,2924
193,2924
145,2924
132,2924
130,2924
128,2924
121,2924
113,2924
93,2924
87,2924
1192,2925
1186,2925
1128,2925
1121,2925
1097,2925
1085,2925
1057,2925
936,2925
657,2925
654,2925
504,2925
497,2925
456,2925
398,2925
393,2925
381,2925
364,2925
353,2925
325,2925
323,2925
319,2925
310,2925
278,2925
254,2925
239,2925
220,2925
208,2925
112,2925
94,2925
72,2925
65,2925
52,2925
43,2925
4,2925
2,2925
1259,2926
1246,2926
1229,2926
1223,2926
1206,2926
1156,2926
1128,2926
1097,2926
1061,2926
970,2926
965,2926
956,2926
952,2926
918,2926
900,2926
871,2926
848,2926
840,2926
833,2926
826,2926
820,2926
769,2926
715,2926
687,2926
682,2926
501,2926
476,2926
421,2926
411,2926
253,2926
237,2926
227,2926
222,2926
160,2926
145,2926
1343,2927
1306,2927
1305,2927
1145,2927
1123,2927
1110,2927
1081,2927
1027,2927
986,2927
955,2927
915,2927
910,2927
883,2927
843,2927
841,2927
826,2927
761,2927
758,2927
687,2927
672,2927
664,2927
660,2927
575,2927
453,2927
446,2927
435,2927
427,2927
303,2927
237,2927
227,2927
192,2927
184,2927
159,2927
147,2927
135,2927
1344,2928
1343,2928
1317,2928
1279,2928
1108,2928
1093,2928
1055,2928
1042,2928
955,2928
929,2928
927,2928
908,2928
881,2928
803,2928
777,2928
740,2928
728,2928
694,2928
606,2928
570,2928
477,2928
427,2928
392,2928
387,2928
383,2928
382,2928
368,2928
367,2928
347,2928
326,2928
317,2928
315,2928
303,2928
296,2928
20,2928
1287,2929
1275,2929
1095,2929
1090,2929
1042,2929
998,2929
952,2929
924,2929
913,2929
911,2929
864,2929
749,2929
649,2929
634,2929
616,2929
549,2929
444,2929
427,2929
413,2929
411,2929
388,2929
327,2929
317,2929
290,2929
289,2929
196,2929
188,2929
164,2929
115,2929
66,2929
58,2929
57,2929
56,2929
48,2929
46,2929
1338,2930
1243,2930
1203,2930
1111,2930
1055,2930
1042,2930
989,2930
987,2930
955,2930
856,2930
814,2930
813,2930
728,2930
702,2930
665,2930
620,2930
570,2930
507,2930
477,2930
442,2930
413,2930
404,2930
392,2930
367,2930
365,2930
347,2930
341,2930
340,2930
326,2930
324,2930
317,2930
282,2930
277,2930
124,2930
9,2930
1289,2931
1247,2931
1164,2931
1143,2931
1064,2931
1060,2931
1035,2931
1028,2931
1027,2931
1009,2931
978,2931
917,2931
906,2931
878,2931
872,2931
802,2931
791,2931
781,2931
780,2931
777,2931
700,2931
686,2931
664,2931
652,2931
616,2931
575,2931
520,2931
453,2931
389,2931
338,2931
318,2931
303,2931
192,2931
109,2931
56,2931
1327,2932
1316,2932
1204,2932
1201,2932
1191,2932
1088,2932
1053,2932
1046,2932
1035,2932
1034,2932
1023,2932
1019,2932
1007,2932
931,2932
843,2932
771,2932
768,2932
677,2932
621,2932
473,2932
465,2932
459,2932
375,2932
335,2932
321,2932
320,2932
312,2932
271,2932
175,2932
174,2932
153,2932
145,2932
141,2932
95,2932
70,2932
1346,2933
1342,2933
1322,2933
1258,2933
1236,2933
1195,2933
1192,2933
1188,2933
1095,2933
976,2933
936,2933
823,2933
707,2933
696,2933
648,2933
497,2933
418,2933
393,2933
381,2933
364,2933
353,2933
330,2933
325,2933
323,2933
319,2933
285,2933
268,2933
112,2933
94,2933
72,2933
59,2933
52,2933
43,2933
20,2933
2,2933
1269,2934
1180,2934
1127,2934
1062,2934
956,2934
928,2934
923,2934
820,2934
746,2934
692,2934
670,2934
638,2934
564,2934
557,2934
554,2934
545,2934
543,2934
506,2934
493,2934
489,2934
480,2934
464,2934
460,2934
428,2934
321,2934
254,2934
220,2934
211,2934
193,2934
165,2934
132,2934
90,2934
67,2934
54,2934
5,2934
1318,2935
1306,2935
1266,2935
1214,2935
1160,2935
1123,2935
1086,2935
1081,2935
1048,2935
1020,2935
975,2935
931,2935
927,2935
924,2935
908,2935
901,2935
890,2935
787,2935
706,2935
700,2935
672,2935
664,2935
653,2935
540,2935
453,2935
397,2935
379,2935
195,2935
177,2935
161,2935
124,2935
58,2935
57,2935
48,2935
34,2935
1278,2936
1239,2936
1235,2936
1222,2936
1208,2936
1123,2936
1110,2936
1108,2936
1089,2936
1042,2936
1020,2936
827,2936
807,2936
805,2936
797,2936
794,2936
769,2936
756,2936
735,2936
699,2936
660,2936
625,2936
599,2936
590,2936
509,2936
454,2936
436,2936
382,2936
337,2936
281,2936
280,2936
161,2936
106,2936
97,2936
75,2936
1274,2937
1237,2937
1224,2937
1214,2937
1050,2937
977,2937
973,2937
963,2937
895,2937
867,2937
861,2937
836,2937
807,2937
721,2937
588,2937
580,2937
574,2937
571,2937
568,2937
563,2937
542,2937
529,2937
525,2937
517,2937
515,2937
271,2937
251,2937
215,2937
191,2937
173,2937
156,2937
146,2937
61,2937
34,2937
12,2937
1191,2938
1164,2938
1156,2938
1138,2938
1083,2938
1078,2938
927,2938
924,2938
890,2938
885,2938
761,2938
760,2938
759,2938
758,2938
706,2938
701,2938
672,2938
661,2938
590,2938
500,2938
486,2938
482,2938
478,2938
447,2938
379,2938
327,2938
204,2938
168,2938
166,2938
129,2938
118,2938
111,2938
57,2938
48,2938
34,2938
1306,2939
1254,2939
1228,2939
1224,2939
1117,2939
1099,2939
1060,2939
1039,2939
976,2939
974,2939
956,2939
879,2939
842,2939
835,2939
803,2939
782,2939
775,2939
603,2939
575,2939
541,2939
531,2939
490,2939
446,2939
426,2939
411,2939
399,2939
385,2939
311,2939
271,2939
215,2939
198,2939
173,2939
91,2939
64,2939
3,2939
1250,2940
1232,2940
1187,2940
1180,2940
1136,2940
928,2940
746,2940
721,2940
678,2940
638,2940
578,2940
568,2940
564,2940
544,2940
527,2940
520,2940
511,2940
506,2940
499,2940
493,2940
464,2940
441,2940
440,2940
429,2940
369,2940
271,2940
251,2940
248,2940
218,2940
210,2940
200,2940
146,2940
135,2940
54,2940
12,2940
1346,2941
1284,2941
1267,2941
1245,2941
1236,2941
1192,2941
1159,2941
1108,2941
1095,2941
936,2941
911,2941
846,2941
823,2941
707,2941
700,2941
696,2941
690,2941
686,2941
675,2941
658,2941
648,2941
434,2941
417,2941
393,2941
381,2941
364,2941
353,2941
323,2941
285,2941
268,2941
196,2941
177,2941
112,2941
59,2941
22,2941
1271,2942
1125,2942
880,2942
860,2942
836,2942
816,2942
774,2942
769,2942
746,2942
672,2942
655,2942
638,2942
598,2942
568,2942
541,2942
540,2942
531,2942
527,2942
518,2942
506,2942
493,2942
429,2942
427,2942
421,2942
420,2942
418,2942
369,2942
269,2942
260,2942
232,2942
225,2942
186,2942
145,2942
135,2942
12,2942
1302,2943
1301,2943
1286,2943
1240,2943
1183,2943
1162,2943
1154,2943
1144,2943
1142,2943
1127,2943
1079,2943
935,2943
925,2943
923,2943
742,2943
719,2943
695,2943
642,2943
554,2943
545,2943
531,2943
493,2943
480,2943
479,2943
457,2943
426,2943
413,2943
395,2943
377,2943
372,2943
332,2943
288,2943
229,2943
54,2943
24,2943
1328,2944
1309,2944
1251,2944
1240,2944
1199,2944
1149,2944
1140,2944
1105,2944
1086,2944
1003,2944
938,2944
933,2944
930,2944
886,2944
724,2944
704,2944
665,2944
661,2944
644,2944
638,2944
498,2944
483,2944
375,2944
351,2944
334,2944
308,2944
297,2944
290,2944
252,2944
131,2944
84,2944
59,2944
37,2944
15,2944
13,2944
1344,2945
1342,2945
1337,2945
1180,2945
1108,2945
1046,2945
1044,2945
1041,2945
1026,2945
1011,2945
1005,2945
982,2945
955,2945
909,2945
728,2945
697,2945
676,2945
593,2945
575,2945
550,2945
512,2945
482,2945
451,2945
444,2945
406,2945
392,2945
390,2945
387,2945
317,2945
290,2945
183,2945
126,2945
124,2945
78,2945
58,2945
1299,2946
1280,2946
1267,2946
1262,2946
1257,2946
1237,2946
1235,2946
1204,2946
1189,2946
1161,2946
1156,2946
1120,2946
1115,2946
983,2946
973,2946
865,2946
805,2946
580,2946
574,2946
542,2946
534,2946
524,2946
517,2946
476,2946
431,2946
430,2946
428,2946
357,2946
320,2946
287,2946
273,2946
243,2946
180,2946
114,2946
100,2946
1299,2947
1295,2947
1267,2947
1254,2947
1232,2947
1204,2947
948,2947
873,2947
807,2947
774,2947
604,2947
602,2947
600,2947
583,2947
580,2947
574,2947
571,2947
555,2947
534,2947
524,2947
521,2947
517,2947
503,2947
385,2947
363,2947
343,2947
328,2947
320,2947
298,2947
282,2947
271,2947
243,2947
102,2947
61,2947
34,2947
1329,2948
1232,2948
1223,2948
1222,2948
1214,2948
1145,2948
1101,2948
1092,2948
1090,2948
1059,2948
983,2948
975,2948
974,2948
947,2948
883,2948
871,2948
842,2948
834,2948
769,2948
750,2948
660,2948
649,2948
629,2948
430,2948
293,2948
269,2948
237,2948
192,2948
166,2948
160,2948
145,2948
143,2948
82,2948
56,2948
49,2948
1315,2949
1254,2949
1212,2949
1179,2949
1150,2949
1134,2949
1122,2949
1114,2949
1101,2949
1077,2949
1075,2949
1059,2949
1029,2949
1012,2949
943,2949
762,2949
730,2949
622,2949
600,2949
546,2949
526,2949
521,2949
500,2949
490,2949
476,2949
356,2949
355,2949
306,2949
289,2949
267,2949
256,2949
233,2949
157,2949
75,2949
61,2949
1338,2950
1315,2950
1263,2950
1250,2950
1249,2950
1239,2950
1233,2950
1150,2950
1145,2950
1124,2950
1106,2950
1048,2950
1012,2950
952,2950
930,2950
910,2950
867,2950
841,2950
833,2950
687,2950
478,2950
455,2950
428,2950
422,2950
260,2950
237,2950
221,2950
202,2950
166,2950
159,2950
91,2950
73,2950
49,2950
34,2950
32,2950
1349,2951
1340,2951
1325,2951
1274,2951
1263,2951
1214,2951
1190,2951
1177,2951
1069,2951
921,2951
801,2951
687,2951
662,2951
601,2951
589,2951
566,2951
559,2951
556,2951
553,2951
513,2951
491,2951
463,2951
447,2951
410,2951
360,2951
231,2951
208,2951
189,2951
160,2951
157,2951
134,2951
93,2951
76,2951
30,2951
14,2951
1280,2952
1250,2952
1172,2952
1138,2952
1135,2952
1081,2952
1065,2952
1029,2952
1012,2952
843,2952
778,2952
776,2952
704,2952
682,2952
628,2952
607,2952
600,2952
532,2952
526,2952
476,2952
421,2952
377,2952
356,2952
309,2952
290,2952
286,2952
267,2952
256,2952
233,2952
185,2952
158,2952
119,2952
75,2952
29,2952
6,2952
1315,2953
1250,2953
1249,2953
1160,2953
1122,2953
1101,2953
1077,2953
1067,2953
1059,2953
1057,2953
1050,2953
1047,2953
1029,2953
992,2953
976,2953
937,2953
873,2953
763,2953
687,2953
662,2953
648,2953
603,2953
600,2953
454,2953
447,2953
418,2953
374,2953
356,2953
344,2953
330,2953
318,2953
301,2953
279,2953
56,2953
23,2953
1302,2954
1301,2954
1292,2954
1286,2954
1183,2954
1142,2954
1090,2954
999,2954
990,2954
925,2954
840,2954
753,2954
747,2954
719,2954
680,2954
642,2954
623,2954
610,2954
531,2954
480,2954
457,2954
449,2954
428,2954
426,2954
375,2954
372,2954
351,2954
346,2954
332,2954
316,2954
312,2954
229,2954
223,2954
81,2954
79,2954
767,2955
736,2955
647,2955
967,2955
620,2955
1346,2955
1345,2955
546,2955
1329,2955
1062,2955
1309,2955
507,2955
505,2955
482,2955
1242,2955
1183,2955
1172,2955
1152,2955
333,2955
324,2955
1098,2955
285,2955
270,2955
263,2955
1043,2955
1002,2955
994,2955
989,2955
187,2955
946,2955
938,2955
59,2955
851,2955
23,2955
7,2955
1306,2956
1255,2956
1232,2956
1204,2956
1187,2956
1150,2956
1126,2956
1059,2956
1040,2956
948,2956
930,2956
832,2956
624,2956
605,2956
588,2956
573,2956
571,2956
568,2956
561,2956
558,2956
503,2956
494,2956
416,2956
411,2956
357,2956
271,2956
258,2956
251,2956
178,2956
146,2956
143,2956
134,2956
34,2956
23,2956
12,2956
1302,2957
1301,2957
1286,2957
1255,2957
1233,2957
1183,2957
999,2957
904,2957
753,2957
747,2957
719,2957
680,2957
643,2957
642,2957
641,2957
502,2957
480,2957
475,2957
457,2957
449,2957
428,2957
426,2957
386,2957
375,2957
372,2957
354,2957
346,2957
312,2957
229,2957
223,2957
174,2957
122,2957
79,2957
42,2957
24,2957
1327,2958
1272,2958
1270,2958
1268,2958
1255,2958
1250,2958
1232,2958
1204,2958
1187,2958
1173,2958
1126,2958
1114,2958
843,2958
807,2958
792,2958
776,2958
742,2958
721,2958
678,2958
621,2958
580,2958
574,2958
571,2958
568,2958
542,2958
519,2958
499,2958
493,2958
421,2958
416,2958
320,2958
271,2958
251,2958
40,2958
35,2958
1343,2959
1327,2959
1323,2959
1316,2959
1222,2959
1173,2959
1162,2959
1145,2959
1128,2959
1124,2959
1111,2959
1110,2959
1077,2959
1023,2959
986,2959
907,2959
876,2959
828,2959
797,2959
666,2959
653,2959
628,2959
623,2959
621,2959
607,2959
588,2959
554,2959
472,2959
411,2959
331,2959
293,2959
160,2959
110,2959
75,2959
12,2959
1294,2960
1191,2960
1123,2960
1060,2960
1038,2960
1035,2960
976,2960
955,2960
934,2960
931,2960
906,2960
890,2960
842,2960
803,2960
798,2960
787,2960
781,2960
777,2960
773,2960
771,2960
757,2960
756,2960
750,2960
735,2960
725,2960
664,2960
575,2960
485,2960
423,2960
382,2960
294,2960
292,2960
161,2960
111,2960
84,2960
1351,2961
1222,2961
1136,2961
963,2961
928,2961
861,2961
825,2961
800,2961
746,2961
663,2961
655,2961
638,2961
617,2961
588,2961
564,2961
554,2961
539,2961
527,2961
523,2961
518,2961
506,2961
501,2961
493,2961
484,2961
429,2961
378,2961
370,2961
368,2961
272,2961
237,2961
211,2961
146,2961
67,2961
12,2961
11,2961
1275,2962
1227,2962
1123,2962
1108,2962
1042,2962
1032,2962
960,2962
917,2962
888,2962
879,2962
814,2962
775,2962
771,2962
728,2962
664,2962
649,2962
636,2962
620,2962
616,2962
606,2962
590,2962
525,2962
418,2962
398,2962
382,2962
379,2962
369,2962
338,2962
294,2962
292,2962
245,2962
195,2962
161,2962
89,2962
58,2962
1302,2963
1301,2963
1292,2963
1286,2963
1183,2963
1142,2963
999,2963
990,2963
925,2963
840,2963
753,2963
719,2963
680,2963
610,2963
531,2963
449,2963
428,2963
426,2963
424,2963
420,2963
378,2963
375,2963
372,2963
316,2963
312,2963
257,2963
238,2963
230,2963
223,2963
219,2963
142,2963
84,2963
79,2963
42,2963
1,2963
1284,2964
1281,2964
1280,2964
1263,2964
1255,2964
1249,2964
1186,2964
1160,2964
1122,2964
1069,2964
1057,2964
1029,2964
1010,2964
886,2964
858,2964
843,2964
588,2964
445,2964
411,2964
333,2964
301,2964
271,2964
260,2964
250,2964
227,2964
168,2964
160,2964
158,2964
156,2964
150,2964
118,2964
76,2964
41,2964
23,2964
15,2964
1320,2965
1250,2965
1237,2965
1235,2965
1204,2965
1198,2965
1187,2965
1101,2965
1059,2965
1007,2965
948,2965
920,2965
873,2965
742,2965
731,2965
721,2965
695,2965
600,2965
508,2965
501,2965
447,2965
406,2965
320,2965
282,2965
272,2965
271,2965
270,2965
215,2965
191,2965
173,2965
146,2965
116,2965
61,2965
34,2965
3,2965
1237,2966
1235,2966
1233,2966
1168,2966
1156,2966
1152,2966
1110,2966
986,2966
984,2966
973,2966
836,2966
721,2966
674,2966
602,2966
580,2966
574,2966
555,2966
542,2966
541,2966
539,2966
517,2966
515,2966
508,2966
494,2966
484,2966
385,2966
271,2966
251,2966
215,2966
191,2966
173,2966
156,2966
150,2966
91,2966
21,2966
1348,2967
1314,2967
1299,2967
1250,2967
1243,2967
1226,2967
1156,2967
1145,2967
1135,2967
1101,2967
1035,2967
1019,2967
873,2967
801,2967
776,2967
628,2967
600,2967
583,2967
526,2967
490,2967
411,2967
356,2967
309,2967
267,2967
256,2967
233,2967
185,2967
158,2967
157,2967
119,2967
107,2967
75,2967
61,2967
40,2967
35,2967
1321,2968
1284,2968
1267,2968
1265,2968
1251,2968
1159,2968
1105,2968
1098,2968
1073,2968
1067,2968
1057,2968
1049,2968
1022,2968
1013,2968
995,2968
992,2968
963,2968
938,2968
937,2968
909,2968
846,2968
838,2968
821,2968
812,2968
788,2968
726,2968
717,2968
696,2968
675,2968
658,2968
644,2968
321,2968
301,2968
268,2968
13,2968
1289,2969
1266,2969
1210,2969
1191,2969
1112,2969
1064,2969
1035,2969
1009,2969
919,2969
908,2969
903,2969
854,2969
836,2969
828,2969
781,2969
779,2969
777,2969
758,2969
740,2969
706,2969
700,2969
663,2969
606,2969
549,2969
453,2969
427,2969
382,2969
344,2969
318,2969
303,2969
192,2969
188,2969
101,2969
66,2969
58,2969
1280,2970
1272,2970
1270,2970
1268,2970
1250,2970
1237,2970
1235,2970
1232,2970
1204,2970
1187,2970
1132,2970
1114,2970
1061,2970
876,2970
807,2970
731,2970
721,2970
678,2970
622,2970
602,2970
583,2970
580,2970
574,2970
571,2970
555,2970
499,2970
493,2970
416,2970
395,2970
320,2970
271,2970
240,2970
233,2970
160,2970
102,2970
1341,2971
1250,2971
1232,2971
1202,2971
1199,2971
1172,2971
1162,2971
1129,2971
1101,2971
1065,2971
1001,2971
965,2971
952,2971
943,2971
918,2971
878,2971
873,2971
762,2971
755,2971
695,2971
666,2971
600,2971
583,2971
577,2971
576,2971
481,2971
431,2971
409,2971
355,2971
320,2971
235,2971
233,2971
78,2971
39,2971
33,2971
1337,2972
1329,2972
1320,2972
1306,2972
1246,2972
1221,2972
1031,2972
982,2972
947,2972
941,2972
901,2972
827,2972
780,2972
769,2972
735,2972
697,2972
683,2972
645,2972
603,2972
575,2972
512,2972
482,2972
461,2972
453,2972
427,2972
414,2972
406,2972
286,2972
259,2972
253,2972
182,2972
129,2972
126,2972
115,2972
51,2972
1296,2973
1284,2973
1132,2973
746,2973
670,2973
655,2973
638,2973
625,2973
609,2973
599,2973
598,2973
564,2973
544,2973
539,2973
527,2973
520,2973
511,2973
509,2973
506,2973
493,2973
487,2973
441,2973
429,2973
421,2973
378,2973
269,2973
248,2973
244,2973
218,2973
204,2973
189,2973
135,2973
93,2973
90,2973
12,2973
1340,2974
1325,2974
1321,2974
1263,2974
1253,2974
1190,2974
1177,2974
1121,2974
1057,2974
921,2974
843,2974
816,2974
800,2974
734,2974
729,2974
654,2974
608,2974
601,2974
596,2974
559,2974
529,2974
523,2974
513,2974
503,2974
463,2974
456,2974
410,2974
360,2974
350,2974
310,2974
205,2974
88,2974
68,2974
32,2974
6,2974
1351,2975
1327,2975
1280,2975
1272,2975
1270,2975
1268,2975
1263,2975
1250,2975
1232,2975
1114,2975
1110,2975
1040,2975
1019,2975
986,2975
944,2975
807,2975
801,2975
721,2975
695,2975
681,2975
678,2975
602,2975
574,2975
555,2975
524,2975
519,2975
482,2975
416,2975
385,2975
343,2975
287,2975
284,2975
251,2975
91,2975
53,2975
1341,2976
1254,2976
1232,2976
1221,2976
1204,2976
1126,2976
1122,2976
1039,2976
974,2976
920,2976
876,2976
873,2976
804,2976
763,2976
728,2976
721,2976
645,2976
598,2976
580,2976
574,2976
571,2976
542,2976
517,2976
456,2976
454,2976
394,2976
366,2976
356,2976
286,2976
164,2976
158,2976
61,2976
39,2976
34,2976
23,2976
1284,2977
1274,2977
1255,2977
1253,2977
1133,2977
1097,2977
1024,2977
1012,2977
1010,2977
868,2977
851,2977
848,2977
844,2977
843,2977
717,2977
647,2977
635,2977
611,2977
592,2977
564,2977
556,2977
513,2977
411,2977
270,2977
250,2977
208,2977
204,2977
198,2977
168,2977
160,2977
157,2977
90,2977
22,2977
19,2977
7,2977
1302,2978
1266,2978
1127,2978
1066,2978
1063,2978
1018,2978
999,2978
985,2978
904,2978
903,2978
878,2978
803,2978
687,2978
673,2978
643,2978
642,2978
625,2978
575,2978
539,2978
509,2978
497,2978
496,2978
475,2978
430,2978
402,2978
386,2978
375,2978
330,2978
306,2978
305,2978
230,2978
204,2978
170,2978
149,2978
67,2978
1321,2979
1243,2979
1226,2979
1207,2979
1146,2979
1122,2979
1101,2979
1051,2979
993,2979
981,2979
949,2979
851,2979
845,2979
808,2979
805,2979
797,2979
730,2979
715,2979
660,2979
607,2979
601,2979
546,2979
532,2979
513,2979
506,2979
462,2979
451,2979
356,2979
324,2979
270,2979
267,2979
233,2979
143,2979
107,2979
12,2979
1321,2980
1284,2980
1267,2980
1265,2980
1251,2980
1159,2980
1107,2980
1098,2980
1073,2980
1067,2980
1049,2980
1022,2980
1013,2980
1010,2980
995,2980
992,2980
963,2980
938,2980
937,2980
909,2980
846,2980
838,2980
821,2980
817,2980
788,2980
726,2980
717,2980
696,2980
675,2980
658,2980
644,2980
301,2980
268,2980
32,2980
13,2980
1302,2981
1301,2981
1292,2981
1286,2981
1197,2981
1183,2981
1162,2981
1142,2981
999,2981
990,2981
935,2981
925,2981
904,2981
851,2981
753,2981
642,2981
623,2981
610,2981
546,2981
531,2981
515,2981
457,2981
449,2981
428,2981
426,2981
386,2981
375,2981
372,2981
346,2981
316,2981
312,2981
229,2981
223,2981
79,2981
42,2981
1348,2982
1337,2982
1315,2982
1236,2982
1078,2982
1038,2982
1034,2982
1003,2982
960,2982
924,2982
919,2982
903,2982
892,2982
879,2982
779,2982
775,2982
761,2982
750,2982
735,2982
707,2982
706,2982
693,2982
664,2982
636,2982
630,2982
540,2982
485,2982
453,2982
413,2982
376,2982
300,2982
195,2982
175,2982
101,2982
97,2982
1337,2983
1305,2983
1287,2983
1195,2983
1191,2983
1160,2983
1123,2983
1083,2983
1075,2983
1032,2983
890,2983
768,2983
761,2983
749,2983
738,2983
725,2983
723,2983
706,2983
699,2983
697,2983
679,2983
638,2983
617,2983
616,2983
606,2983
485,2983
427,2983
369,2983
337,2983
327,2983
293,2983
188,2983
129,2983
83,2983
46,2983
1299,2984
1152,2984
1101,2984
973,2984
873,2984
867,2984
841,2984
836,2984
774,2984
766,2984
744,2984
721,2984
607,2984
600,2984
580,2984
568,2984
565,2984
563,2984
541,2984
527,2984
519,2984
515,2984
493,2984
489,2984
440,2984
429,2984
271,2984
269,2984
198,2984
159,2984
156,2984
150,2984
146,2984
87,2984
12,2984
1302,2985
1286,2985
1284,2985
1277,2985
1232,2985
1207,2985
1183,2985
1142,2985
1114,2985
1090,2985
1079,2985
1065,2985
1010,2985
990,2985
975,2985
944,2985
925,2985
843,2985
753,2985
719,2985
642,2985
623,2985
457,2985
449,2985
426,2985
375,2985
372,2985
332,2985
330,2985
312,2985
184,2985
168,2985
81,2985
42,2985
23,2985
1301,2986
1266,2986
1234,2986
1224,2986
1212,2986
1204,2986
1150,2986
1138,2986
1132,2986
1100,2986
1099,2986
1089,2986
1030,2986
972,2986
927,2986
900,2986
890,2986
787,2986
768,2986
756,2986
671,2986
646,2986
590,2986
427,2986
317,2986
303,2986
301,2986
286,2986
280,2986
275,2986
243,2986
192,2986
104,2986
37,2986
3,2986
1344,2987
1334,2987
1274,2987
1239,2987
1233,2987
1228,2987
1214,2987
1147,2987
1096,2987
1029,2987
948,2987
866,2987
721,2987
658,2987
580,2987
571,2987
542,2987
539,2987
490,2987
480,2987
440,2987
428,2987
416,2987
387,2987
385,2987
349,2987
293,2987
271,2987
215,2987
210,2987
173,2987
166,2987
147,2987
102,2987
3,2987
1299,2988
1135,2988
1122,2988
1101,2988
1065,2988
1029,2988
942,2988
816,2988
774,2988
763,2988
746,2988
670,2988
666,2988
638,2988
607,2988
599,2988
568,2988
565,2988
520,2988
515,2988
511,2988
494,2988
377,2988
369,2988
271,2988
225,2988
186,2988
168,2988
158,2988
146,2988
145,2988
135,2988
61,2988
41,2988
7,2988
1274,2989
1272,2989
1255,2989
1254,2989
1241,2989
1237,2989
1152,2989
1122,2989
983,2989
886,2989
836,2989
746,2989
742,2989
721,2989
607,2989
592,2989
580,2989
494,2989
493,2989
356,2989
271,2989
251,2989
215,2989
198,2989
191,2989
184,2989
173,2989
160,2989
158,2989
150,2989
135,2989
102,2989
23,2989
12,2989
3,2989
1341,2990
1274,2990
1263,2990
1260,2990
1248,2990
1196,2990
1184,2990
1179,2990
1124,2990
1106,2990
1101,2990
1096,2990
1091,2990
1015,2990
975,2990
963,2990
859,2990
857,2990
843,2990
801,2990
752,2990
698,2990
666,2990
646,2990
627,2990
576,2990
546,2990
513,2990
500,2990
456,2990
356,2990
227,2990
42,2990
41,2990
32,2990
1299,2991
1255,2991
1161,2991
1156,2991
1150,2991
1118,2991
1012,2991
900,2991
867,2991
818,2991
744,2991
721,2991
717,2991
628,2991
607,2991
588,2991
574,2991
571,2991
558,2991
541,2991
517,2991
476,2991
447,2991
417,2991
385,2991
377,2991
366,2991
286,2991
271,2991
261,2991
251,2991
198,2991
190,2991
168,2991
61,2991
1341,2992
1306,2992
1254,2992
1252,2992
1221,2992
1126,2992
1122,2992
1101,2992
1029,2992
974,2992
948,2992
873,2992
763,2992
728,2992
645,2992
598,2992
574,2992
534,2992
517,2992
456,2992
447,2992
417,2992
394,2992
366,2992
356,2992
286,2992
267,2992
164,2992
158,2992
116,2992
61,2992
43,2992
40,2992
39,2992
34,2992
1280,2993
1263,2993
1255,2993
1254,2993
1250,2993
1249,2993
1160,2993
1101,2993
1075,2993
1067,2993
1065,2993
1059,2993
1057,2993
1012,2993
900,2993
886,2993
873,2993
801,2993
731,2993
681,2993
592,2993
530,2993
481,2993
456,2993
402,2993
356,2993
279,2993
267,2993
160,2993
157,2993
53,2993
41,2993
40,2993
35,2993
23,2993
1352,2994
1315,2994
1280,2994
1261,2994
1207,2994
1166,2994
1162,2994
1156,2994
1151,2994
1120,2994
1115,2994
1087,2994
1085,2994
1001,2994
990,2994
956,2994
925,2994
904,2994
755,2994
719,2994
655,2994
594,2994
532,2994
531,2994
409,2994
395,2994
332,2994
314,2994
267,2994
215,2994
193,2994
185,2994
173,2994
107,2994
24,2994
1337,2995
1335,2995
1295,2995
1247,2995
1227,2995
1174,2995
1173,2995
1161,2995
1155,2995
1145,2995
1141,2995
1138,2995
1123,2995
989,2995
916,2995
892,2995
863,2995
807,2995
803,2995
787,2995
722,2995
649,2995
634,2995
626,2995
615,2995
603,2995
576,2995
446,2995
417,2995
304,2995
303,2995
181,2995
122,2995
82,2995
78,2995
1334,2996
1272,2996
1237,2996
1235,2996
1233,2996
1204,2996
1172,2996
1122,2996
1066,2996
873,2996
774,2996
766,2996
721,2996
628,2996
607,2996
602,2996
598,2996
583,2996
580,2996
571,2996
555,2996
542,2996
541,2996
517,2996
515,2996
503,2996
385,2996
286,2996
271,2996
243,2996
190,2996
81,2996
68,2996
61,2996
3,2996
1280,2997
1250,2997
1232,2997
1187,2997
1179,2997
1150,2997
1114,2997
1075,2997
1065,2997
920,2997
807,2997
721,2997
622,2997
580,2997
568,2997
567,2997
523,2997
499,2997
493,2997
456,2997
416,2997
406,2997
306,2997
271,2997
251,2997
240,2997
233,2997
146,2997
135,2997
91,2997
61,2997
40,2997
35,2997
34,2997
23,2997
1263,2998
1254,2998
1246,2998
1243,2998
1214,2998
1161,2998
1152,2998
1145,2998
1136,2998
1104,2998
1092,2998
1050,2998
1048,2998
970,2998
941,2998
873,2998
819,2998
766,2998
715,2998
592,2998
541,2998
527,2998
506,2998
462,2998
447,2998
429,2998
377,2998
235,2998
189,2998
180,2998
168,2998
145,2998
100,2998
74,2998
34,2998
1308,2999
1261,2999
1243,2999
1212,2999
1179,2999
1101,2999
1077,2999
1075,2999
981,2999
926,2999
873,2999
848,2999
776,2999
731,2999
622,2999
607,2999
600,2999
546,2999
535,2999
532,2999
526,2999
515,2999
490,2999
481,2999
454,2999
451,2999
356,2999
306,2999
301,2999
267,2999
256,2999
233,2999
158,2999
157,2999
107,2999
1327,3000
1206,3000
1180,3000
1156,3000
1136,3000
1085,3000
880,3000
850,3000
816,3000
774,3000
766,3000
746,3000
742,3000
621,3000
599,3000
541,3000
536,3000
515,3000
503,3000
498,3000
494,3000
493,3000
489,3000
473,3000
377,3000
369,3000
348,3000
271,3000
269,3000
218,3000
211,3000
208,3000
157,3000
87,3000
12,3000
1349,3001
1340,3001
1338,3001
1325,3001
1296,3001
1274,3001
1177,3001
1171,3001
1136,3001
1097,3001
983,3001
965,3001
952,3001
843,3001
789,3001
637,3001
601,3001
599,3001
589,3001
559,3001
513,3001
491,3001
487,3001
463,3001
440,3001
410,3001
360,3001
279,3001
269,3001
208,3001
157,3001
88,3001
12,3001
11,3001
6,3001
1344,3002
1338,3002
1243,3002
1203,3002
1180,3002
1046,3002
1042,3002
1011,3002
1007,3002
987,3002
972,3002
955,3002
856,3002
824,3002
727,3002
702,3002
688,3002
628,3002
595,3002
570,3002
507,3002
404,3002
392,3002
387,3002
367,3002
365,3002
349,3002
324,3002
315,3002
282,3002
124,3002
109,3002
49,3002
47,3002
45,3002
1204,3003
1126,3003
1114,3003
1040,3003
975,3003
886,3003
880,3003
807,3003
774,3003
746,3003
737,3003
721,3003
572,3003
568,3003
565,3003
541,3003
519,3003
494,3003
493,3003
484,3003
467,3003
369,3003
271,3003
258,3003
248,3003
225,3003
218,3003
180,3003
146,3003
135,3003
100,3003
93,3003
46,3003
32,3003
12,3003
1302,3004
1301,3004
1254,3004
1207,3004
1197,3004
1183,3004
1150,3004
1085,3004
999,3004
990,3004
925,3004
919,3004
904,3004
855,3004
753,3004
742,3004
642,3004
623,3004
610,3004
532,3004
515,3004
455,3004
449,3004
426,3004
413,3004
409,3004
395,3004
378,3004
332,3004
314,3004
312,3004
223,3004
175,3004
42,3004
24,3004
1305,3005
1303,3005
1287,3005
1266,3005
1232,3005
1181,3005
1173,3005
1086,3005
1063,3005
1025,3005
1014,3005
1004,3005
979,3005
913,3005
874,3005
869,3005
803,3005
794,3005
772,3005
722,3005
703,3005
672,3005
540,3005
526,3005
525,3005
464,3005
427,3005
413,3005
408,3005
388,3005
383,3005
376,3005
164,3005
103,3005
57,3005
1319,3006
1221,3006
1214,3006
1157,3006
1152,3006
1145,3006
1133,3006
1129,3006
1110,3006
1065,3006
1048,3006
986,3006
869,3006
774,3006
742,3006
737,3006
666,3006
645,3006
481,3006
464,3006
447,3006
445,3006
422,3006
377,3006
376,3006
301,3006
221,3006
215,3006
181,3006
173,3006
168,3006
44,3006
39,3006
34,3006
23,3006
1299,3007
1152,3007
1101,3007
973,3007
873,3007
867,3007
841,3007
836,3007
774,3007
766,3007
746,3007
721,3007
607,3007
600,3007
580,3007
568,3007
565,3007
563,3007
541,3007
527,3007
519,3007
515,3007
493,3007
489,3007
440,3007
429,3007
271,3007
269,3007
198,3007
159,3007
156,3007
150,3007
146,3007
87,3007
12,3007
1341,3008
1315,3008
1280,3008
1274,3008
1266,3008
1257,3008
1250,3008
1239,3008
1202,3008
1194,3008
1185,3008
1180,3008
1172,3008
1156,3008
1101,3008
1059,3008
1001,3008
943,3008
919,3008
873,3008
801,3008
600,3008
577,3008
546,3008
532,3008
481,3008
478,3008
363,3008
362,3008
233,3008
198,3008
61,3008
33,3008
32,3008
28,3008
1341,3009
1280,3009
1274,3009
1255,3009
1254,3009
1172,3009
1106,3009
1101,3009
1077,3009
1065,3009
1059,3009
1029,3009
983,3009
973,3009
873,3009
868,3009
793,3009
731,3009
666,3009
600,3009
592,3009
571,3009
541,3009
481,3009
462,3009
456,3009
356,3009
281,3009
233,3009
227,3009
102,3009
41,3009
34,3009
32,3009
15,3009
1319,3010
1271,3010
1263,3010
1229,3010
1212,3010
1206,3010
1160,3010
1143,3010
1128,3010
1124,3010
1079,3010
1044,3010
1005,3010
880,3010
776,3010
737,3010
723,3010
712,3010
698,3010
681,3010
676,3010
653,3010
626,3010
568,3010
540,3010
526,3010
473,3010
435,3010
391,3010
207,3010
180,3010
146,3010
145,3010
100,3010
84,3010
1336,3011
1246,3011
1245,3011
1221,3011
1168,3011
1160,3011
1155,3011
1138,3011
1130,3011
1123,3011
1118,3011
1083,3011
998,3011
975,3011
779,3011
777,3011
761,3011
757,3011
749,3011
740,3011
735,3011
715,3011
706,3011
697,3011
666,3011
609,3011
520,3011
511,3011
427,3011
309,3011
168,3011
149,3011
108,3011
89,3011
84,3011
1206,3012
1168,3012
1136,3012
1101,3012
1065,3012
886,3012
880,3012
850,3012
774,3012
766,3012
746,3012
637,3012
599,3012
598,3012
572,3012
565,3012
541,3012
536,3012
520,3012
519,3012
515,3012
511,3012
498,3012
493,3012
377,3012
271,3012
225,3012
184,3012
168,3012
131,3012
93,3012
79,3012
34,3012
29,3012
23,3012
1334,3013
1299,3013
1272,3013
1237,3013
1235,3013
1232,3013
1204,3013
1065,3013
990,3013
873,3013
847,3013
843,3013
774,3013
721,3013
702,3013
629,3013
607,3013
604,3013
602,3013
600,3013
583,3013
580,3013
574,3013
571,3013
555,3013
542,3013
524,3013
517,3013
395,3013
385,3013
332,3013
320,3013
282,3013
273,3013
243,3013
774,3014
766,3014
746,3014
644,3014
633,3014
622,3014
1334,3014
1326,3014
498,3014
489,3014
467,3014
441,3014
1206,3014
348,3014
334,3014
1127,3014
473,3014
255,3014
248,3014
232,3014
228,3014
218,3014
212,3014
193,3014
186,3014
167,3014
950,3014
928,3014
130,3014
121,3014
113,3014
95,3014
87,3014
880,3014
5,3014
1341,3015
1280,3015
1255,3015
1250,3015
1248,3015
1172,3015
1160,3015
1137,3015
1114,3015
1101,3015
1075,3015
1065,3015
1059,3015
1029,3015
1012,3015
981,3015
861,3015
731,3015
695,3015
646,3015
622,3015
603,3015
508,3015
478,3015
456,3015
417,3015
402,3015
356,3015
309,3015
289,3015
233,3015
102,3015
40,3015
35,3015
23,3015
1297,3016
1234,3016
1213,3016
1211,3016
1191,3016
1141,3016
1081,3016
1078,3016
1050,3016
934,3016
894,3016
857,3016
836,3016
822,3016
793,3016
769,3016
768,3016
759,3016
756,3016
706,3016
679,3016
636,3016
606,3016
529,3016
427,3016
418,3016
379,3016
331,3016
326,3016
315,3016
280,3016
204,3016
161,3016
84,3016
66,3016
1351,3017
1168,3017
1122,3017
1059,3017
984,3017
880,3017
836,3017
816,3017
774,3017
766,3017
607,3017
602,3017
599,3017
580,3017
555,3017
541,3017
515,3017
507,3017
498,3017
493,3017
489,3017
369,3017
301,3017
271,3017
269,3017
233,3017
232,3017
225,3017
211,3017
156,3017
150,3017
145,3017
87,3017
34,3017
12,3017
1280,3018
1101,3018
1019,3018
983,3018
949,3018
873,3018
845,3018
763,3018
731,3018
715,3018
691,3018
689,3018
681,3018
637,3018
607,3018
600,3018
598,3018
563,3018
546,3018
532,3018
525,3018
369,3018
356,3018
306,3018
267,3018
233,3018
158,3018
146,3018
145,3018
107,3018
76,3018
63,3018
61,3018
44,3018
27,3018
1341,3019
1334,3019
1222,3019
1220,3019
1128,3019
1126,3019
1063,3019
1059,3019
1004,3019
993,3019
990,3019
959,3019
944,3019
922,3019
868,3019
859,3019
762,3019
731,3019
724,3019
703,3019
646,3019
607,3019
598,3019
579,3019
568,3019
515,3019
503,3019
426,3019
417,3019
375,3019
332,3019
266,3019
61,3019
34,3019
23,3019
1299,3020
1252,3020
1232,3020
1156,3020
1152,3020
1085,3020
1065,3020
1029,3020
998,3020
990,3020
906,3020
881,3020
801,3020
777,3020
764,3020
755,3020
742,3020
704,3020
703,3020
682,3020
628,3020
607,3020
602,3020
575,3020
555,3020
515,3020
376,3020
332,3020
309,3020
253,3020
156,3020
56,3020
42,3020
34,3020
29,3020
1212,3021
1207,3021
1185,3021
1179,3021
1150,3021
1132,3021
1122,3021
1101,3021
1065,3021
1029,3021
1012,3021
1010,3021
975,3021
943,3021
926,3021
904,3021
873,3021
848,3021
843,3021
776,3021
762,3021
681,3021
627,3021
535,3021
532,3021
481,3021
356,3021
306,3021
289,3021
272,3021
267,3021
233,3021
107,3021
27,3021
6,3021
1249,3022
1180,3022
1168,3022
1136,3022
1114,3022
1101,3022
995,3022
975,3022
920,3022
895,3022
886,3022
809,3022
766,3022
746,3022
716,3022
629,3022
599,3022
588,3022
580,3022
578,3022
572,3022
565,3022
564,3022
519,3022
507,3022
503,3022
493,3022
489,3022
348,3022
290,3022
271,3022
269,3022
93,3022
34,3022
23,3022
1341,3023
1274,3023
1259,3023
1257,3023
1246,3023
1239,3023
1229,3023
1218,3023
1212,3023
1202,3023
1155,3023
1134,3023
1129,3023
1118,3023
1080,3023
1029,3023
1019,3023
1006,3023
996,3023
776,3023
762,3023
584,3023
576,3023
560,3023
476,3023
442,3023
428,3023
417,3023
357,3023
356,3023
355,3023
284,3023
44,3023
32,3023
22,3023
1302,3024
1277,3024
1183,3024
1147,3024
1090,3024
1066,3024
1013,3024
975,3024
944,3024
840,3024
753,3024
747,3024
680,3024
643,3024
642,3024
623,3024
539,3024
502,3024
455,3024
449,3024
426,3024
386,3024
375,3024
372,3024
354,3024
330,3024
270,3024
246,3024
223,3024
149,3024
81,3024
79,3024
74,3024
67,3024
61,3024
1321,3025
1284,3025
1267,3025
1265,3025
1251,3025
1159,3025
1107,3025
1105,3025
1098,3025
1073,3025
1067,3025
1022,3025
1013,3025
1010,3025
995,3025
992,3025
963,3025
938,3025
937,3025
909,3025
846,3025
838,3025
821,3025
817,3025
788,3025
726,3025
717,3025
696,3025
675,3025
658,3025
644,3025
301,3025
268,3025
32,3025
13,3025
1340,3026
1321,3026
1273,3026
1243,3026
1226,3026
1177,3026
1059,3026
1046,3026
1011,3026
993,3026
949,3026
926,3026
845,3026
776,3026
730,3026
600,3026
586,3026
566,3026
556,3026
553,3026
526,3026
513,3026
481,3026
463,3026
450,3026
380,3026
363,3026
320,3026
270,3026
267,3026
158,3026
157,3026
150,3026
143,3026
107,3026
1302,3027
1286,3027
1284,3027
1281,3027
1266,3027
1255,3027
1162,3027
1154,3027
1132,3027
925,3027
923,3027
858,3027
857,3027
849,3027
841,3027
794,3027
680,3027
638,3027
531,3027
502,3027
428,3027
426,3027
375,3027
356,3027
252,3027
229,3027
175,3027
159,3027
79,3027
74,3027
54,3027
41,3027
24,3027
15,3027
12,3027
1334,3028
1327,3028
1204,3028
1162,3028
1129,3028
1126,3028
1114,3028
1101,3028
1050,3028
873,3028
774,3028
766,3028
629,3028
621,3028
607,3028
600,3028
598,3028
583,3028
571,3028
542,3028
541,3028
369,3028
357,3028
356,3028
328,3028
320,3028
298,3028
282,3028
271,3028
269,3028
243,3028
233,3028
129,3028
93,3028
81,3028
1308,3029
1288,3029
1267,3029
1250,3029
1221,3029
1150,3029
1007,3029
998,3029
900,3029
882,3029
827,3029
695,3029
671,3029
645,3029
632,3029
602,3029
583,3029
571,3029
555,3029
496,3029
481,3029
478,3029
406,3029
365,3029
233,3029
222,3029
220,3029
189,3029
166,3029
129,3029
126,3029
51,3029
45,3029
44,3029
37,3029
1335,3030
1324,3030
1323,3030
1312,3030
1275,3030
1239,3030
1232,3030
1229,3030
1228,3030
1227,3030
1120,3030
1083,3030
1078,3030
1055,3030
1009,3030
934,3030
757,3030
756,3030
730,3030
722,3030
721,3030
697,3030
682,3030
560,3030
490,3030
455,3030
411,3030
324,3030
215,3030
189,3030
173,3030
129,3030
57,3030
33,3030
12,3030
1281,3031
1275,3031
1274,3031
1266,3031
1249,3031
1239,3031
1227,3031
1224,3031
1214,3031
1173,3031
1122,3031
1101,3031
1061,3031
1029,3031
1019,3031
973,3031
909,3031
873,3031
867,3031
861,3031
599,3031
598,3031
588,3031
541,3031
462,3031
385,3031
271,3031
233,3031
160,3031
156,3031
149,3031
135,3031
76,3031
7,3031
3,3031
1302,3032
1301,3032
1286,3032
1183,3032
1162,3032
1144,3032
1142,3032
1090,3032
1053,3032
990,3032
925,3032
802,3032
753,3032
747,3032
719,3032
680,3032
642,3032
623,3032
610,3032
457,3032
449,3032
426,3032
375,3032
372,3032
351,3032
346,3032
332,3032
330,3032
312,3032
229,3032
223,3032
79,3032
61,3032
42,3032
6,3032
1314,3033
1296,3033
1281,3033
1274,3033
1255,3033
1227,3033
1206,3033
1158,3033
1126,3033
1051,3033
1029,3033
746,3033
737,3033
670,3033
607,3033
598,3033
576,3033
541,3033
511,3033
498,3033
447,3033
421,3033
413,3033
369,3033
275,3033
269,3033
235,3033
227,3033
207,3033
168,3033
135,3033
131,3033
93,3033
53,3033
15,3033
1336,3034
1317,3034
1309,3034
1295,3034
1254,3034
1220,3034
1135,3034
955,3034
824,3034
814,3034
728,3034
702,3034
688,3034
665,3034
595,3034
593,3034
575,3034
570,3034
507,3034
477,3034
442,3034
392,3034
390,3034
368,3034
367,3034
365,3034
349,3034
347,3034
324,3034
317,3034
315,3034
295,3034
282,3034
124,3034
9,3034
1254,3035
1150,3035
1012,3035
861,3035
858,3035
809,3035
754,3035
746,3035
720,3035
687,3035
655,3035
638,3035
599,3035
588,3035
564,3035
554,3035
539,3035
527,3035
520,3035
511,3035
506,3035
493,3035
462,3035
429,3035
378,3035
258,3035
244,3035
237,3035
193,3035
180,3035
168,3035
118,3035
90,3035
76,3035
11,3035
1324,3036
1301,3036
1213,3036
1191,3036
1184,3036
1179,3036
1141,3036
1132,3036
1083,3036
1078,3036
1060,3036
1039,3036
934,3036
924,3036
919,3036
881,3036
791,3036
768,3036
761,3036
760,3036
759,3036
706,3036
701,3036
633,3036
590,3036
493,3036
427,3036
418,3036
280,3036
171,3036
161,3036
145,3036
97,3036
89,3036
77,3036
1214,3037
1198,3037
1194,3037
1162,3037
1154,3037
1136,3037
1087,3037
1006,3037
995,3037
737,3037
732,3037
666,3037
577,3037
503,3037
494,3037
476,3037
417,3037
407,3037
395,3037
377,3037
370,3037
271,3037
270,3037
236,3037
235,3037
198,3037
187,3037
168,3037
156,3037
143,3037
76,3037
63,3037
36,3037
34,3037
7,3037
1254,3038
1206,3038
1173,3038
1150,3038
1122,3038
1101,3038
1094,3038
993,3038
981,3038
894,3038
797,3038
774,3038
763,3038
715,3038
681,3038
627,3038
607,3038
600,3038
599,3038
546,3038
501,3038
498,3038
454,3038
356,3038
324,3038
272,3038
269,3038
233,3038
225,3038
166,3038
150,3038
61,3038
35,3038
12,3038
6,3038
